msg_id,channel,received_at,sender_name,sender_email,subject,body,address_in_msg,county_in_msg,listing_in_msg,bucket,expected_topic,expected_urgency,expected_owner
EM-0001,email,2026-04-22T04:12:00Z,Maria Brown,maria.brown33@example-mail.test,Vendor quote,"The painter quoted $1,800 for unit B at 1372 Pine Rd, Lawrenceville, GA - does that look right?","1372 Pine Rd, Lawrenceville, GA",Gwinnett,,rent_manage,vendor,P2,Noa
EM-0002,email,2026-04-09T07:52:00Z,Sophie Davis,sophie.davis40@yahoo.com,Hey :),Mom's birthday is next week - did you order the cake?,,,,non_business,personal,P3,ARCHIVE
EM-0003,email,2026-05-15T06:49:00Z,Sam Nguyen,sam.nguyen71@example-mail.test,Contract / signature needed,"Giving 30 days' notice - moving out by end of next month. 3865 Sycamore Blvd, Sandy Springs, GA","3865 Sycamore Blvd, Sandy Springs, GA",Fulton,,rent_manage,contract,P1,Noa
EM-0004,email,2026-03-28T12:58:00Z,Hannah Bell,hannah.bell51@yahoo.com,Calendar question,"Can we set up a walkthrough next Tuesday for the move-out at 4240 Pine Rd, Atlanta, GA?","4240 Pine Rd, Atlanta, GA",Fulton,,rent_manage,scheduling,P2,Noa
EM-0005,email,2026-04-27T11:45:00Z,Lisa Garcia,lisa.garcia51@yahoo.com,Contract / signature needed,"Need your signature on the addendum for 9440 Cedar Trail, Brookhaven, GA before 5pm.","9440 Cedar Trail, Brookhaven, GA",DeKalb,,buy_sell,contract,P1,Noa
EM-0006,email,2026-05-10T16:48:00Z,Jorge Patel,jorge.patel79@icloud.com,Offer / deal update,Closing tomorrow at 9am and the wire instructions look wrong - help!,"7724 Oak Ave, Cumming, GA",Forsyth,,buy_sell,deal,P0,Nathalie
EM-0007,email,2026-04-12T07:01:00Z,Ben Johnson,ben.johnson59@yahoo.com,Contract / signature needed,"Need your signature on the addendum for 2741 Pine Rd, Atlanta, GA before 5pm.","2741 Pine Rd, Atlanta, GA",Fulton,,buy_sell,contract,P1,Noa
EM-0008,email,2026-04-01T00:40:00Z,Hannah Brown,hannah.brown90@yahoo.com,Selling our home,"Hi Nathalie, I'd like to sell my house at 285 Cedar Trail, Canton, GA. What's the market like in Cherokee right now?","285 Cedar Trail, Canton, GA",Cherokee,,buy_sell,seller_lead,P2,Fabi
EM-0009,email,2026-04-30T00:34:00Z,Chris Patel,chris.patel21@icloud.com,Contract / signature needed,Question on clause 7.b of the contract - what does 'as-is' really mean here?,"1684 Riverbend Way, Roswell, GA",Fulton,,buy_sell,contract,P2,Noa
EM-0010,email,2026-04-09T22:25:00Z,Linda Patel,linda.patel56@gmail.com,Document request,Lender needs proof of homeowners insurance by end of day.,"327 Birch Ct, Smyrna, GA",Cobb,,buy_sell,document,P1,Noa
EM-0011,email,2026-04-21T20:30:00Z,Tara Levi,tara.levi84@yahoo.com,Hey :),"Pickup at school is at 3:15 today, can you grab the kids?",,,,non_business,personal,P3,ARCHIVE
EM-0012,email,2026-04-11T22:46:00Z,Aisha Miller,aisha.miller74@icloud.com,Urgent - apartment issue,"EMERGENCY - water is pouring from the ceiling in unit at 9289 Oak Ave, Kennesaw, GA!!","9289 Oak Ave, Kennesaw, GA",Cobb,,rent_manage,tenant_issue,P0,Nathalie
EM-0013,email,2026-03-22T14:10:00Z,John Levi,john.levi64@outlook.com,Payment / billing,Got a late fee but I have proof I paid on time. Can we sort this out?,"9551 Peachtree St, Woodstock, GA",Cherokee,,rent_manage,billing,P2,Noa
EM-0014,email,2026-05-10T17:55:00Z,Nina Nguyen,nina.nguyen73@outlook.com,Hey :),Dentist appointment confirmed for Tuesday 2pm.,,,,non_business,personal,P3,ARCHIVE
EM-0015,email,2026-03-30T15:15:00Z,Mike Park,mike.park34@yahoo.com,Urgent - apartment issue,"No heat for 2 days now, my baby is freezing. 4672 Riverbend Way, Sandy Springs, GA","4672 Riverbend Way, Sandy Springs, GA",Fulton,,rent_manage,tenant_issue,P0,Nathalie
EM-0016,email,2026-03-29T22:27:00Z,Maria Johnson,maria.johnson92@outlook.com,Question about your listing,Need to move ASAP - relocating for work in 3 weeks. Can you call me today?,"4488 Cedar Trail, Cumming, GA",Forsyth,,buy_sell,buyer_lead,P1,Fabi
EM-0017,email,2026-03-26T23:45:00Z,Rachel Singh,rachel.singh41@gmail.com,Hey :),Yoga class moved to 7am tomorrow. Want to come?,,,,non_business,personal,P3,ARCHIVE
EM-0018,email,2026-04-24T21:27:00Z,Tara Martinez,tara.martinez58@yahoo.com,Offer / deal update,Got the inspection report back. There are 3 items I'd like to negotiate.,"4308 Birch Ct, Cumming, GA",Forsyth,,buy_sell,deal,P1,Nathalie
EM-0019,email,2026-05-08T03:49:00Z,Rachel Johnson,rachel.johnson27@icloud.com,Hey :),The dog has a vet appointment Thursday at 10am.,,,,non_business,personal,P3,ARCHIVE
EM-0020,email,2026-05-12T11:02:00Z,Priya Adams,priya.adams69@gmail.com,Offer / deal update,Closing tomorrow at 9am and the wire instructions look wrong - help!,"908 Riverbend Way, Sugar Hill, GA",Gwinnett,,buy_sell,deal,P0,Nathalie
EM-0021,email,2026-05-17T00:34:00Z,Definitely Not A Scam,win175@spam.example,YOU WON,Urgent: your bank account needs verification. Visit https://phish.example/,,,,non_business,spam,P3,ARCHIVE
EM-0022,email,2026-04-16T20:32:00Z,Linda Miller,linda.miller78@yahoo.com,Calendar question,"Can we set up a walkthrough next Tuesday for the move-out at 7153 Pine Rd, Cumming, GA?","7153 Pine Rd, Cumming, GA",Forsyth,,rent_manage,scheduling,P2,Noa
EM-0023,email,2026-04-09T09:01:00Z,Rachel Bell,rachel.bell73@yahoo.com,Payment / billing,Got a late fee but I have proof I paid on time. Can we sort this out?,"7508 Oak Ave, Woodstock, GA",Cherokee,,rent_manage,billing,P2,Noa
EM-0024,email,2026-03-22T20:49:00Z,David Park,david.park80@example-mail.test,Calendar question,"Can we set up a walkthrough next Tuesday for the move-out at 5409 Riverbend Way, Canton, GA?","5409 Riverbend Way, Canton, GA",Cherokee,,rent_manage,scheduling,P2,Noa
EM-0025,email,2026-05-06T05:05:00Z,Marketing Promo Co,newsletter@sendgrid.net,You've gotta see this offer,FLASH SALE - 50% off everything at our store this weekend only!,,,,non_business,marketing_promo,P3,ARCHIVE
EM-0026,email,2026-03-26T07:14:00Z,Sara Patel,sara.patel82@example-mail.test,Question about your listing,Need to move ASAP - relocating for work in 3 weeks. Can you call me today?,"9549 Magnolia Ln, Smyrna, GA",Cobb,,buy_sell,buyer_lead,P1,Fabi
EM-0027,email,2026-05-10T15:12:00Z,Hannah Martinez,hannah.martinez24@outlook.com,Contract / signature needed,Question on clause 7.b of the contract - what does 'as-is' really mean here?,"8547 Oak Ave, Decatur, GA",DeKalb,,buy_sell,contract,P2,Noa
EM-0028,email,2026-04-30T05:02:00Z,Sophie Garcia,sophie.garcia6@gmail.com,Offer / deal update,Closing tomorrow at 9am and the wire instructions look wrong - help!,"806 Birch Ct, Roswell, GA",Fulton,,buy_sell,deal,P0,Nathalie
EM-0029,email,2026-03-26T12:43:00Z,Sophie Park,sophie.park31@outlook.com,Hey :),The dog has a vet appointment Thursday at 10am.,,,,non_business,personal,P3,ARCHIVE
EM-0030,email,2026-05-04T18:32:00Z,Ethan Cohen,ethan.cohen28@yahoo.com,Question about your listing,Looking for a 3BR/2BA in Gwinnett county under $550k. Do you have anything coming up?,"4902 Peachtree St, Lawrenceville, GA",Gwinnett,,buy_sell,buyer_lead,P2,Fabi
EM-0031,email,2026-04-16T14:36:00Z,Aisha Adams,aisha.adams71@icloud.com,Question about your listing,Looking for a 3BR/2BA in Forsyth county under $550k. Do you have anything coming up?,"431 Maple Dr, Cumming, GA",Forsyth,,buy_sell,buyer_lead,P2,Fabi
EM-0032,email,2026-03-31T17:45:00Z,Olivia Cohen,olivia.cohen39@example-mail.test,Selling our home,"Hi Nathalie, I'd like to sell my house at 985 Oak Ave, Roswell, GA. What's the market like in Fulton right now?","985 Oak Ave, Roswell, GA",Fulton,,buy_sell,seller_lead,P2,Nathalie
EM-0033,email,2026-03-27T15:16:00Z,Emily Singh,emily.singh16@example-mail.test,Hey :),FYI we're out of milk. Can you grab some on the way home?,,,,non_business,personal,P3,ARCHIVE
EM-0034,email,2026-03-23T19:31:00Z,Lisa Levi,lisa.levi74@example-mail.test,Showing time change,"I'm at 9764 Sycamore Blvd, Decatur, GA but the door is locked. Are you on the way?","9764 Sycamore Blvd, Decatur, GA",DeKalb,,buy_sell,showing,P1,Nathalie
EM-0035,email,2026-05-15T20:58:00Z,Ryan Johnson,ryan.johnson7@outlook.com,Document request,Lender needs proof of homeowners insurance by end of day.,"7146 Sycamore Blvd, Cumming, GA",Forsyth,,buy_sell,document,P1,Noa
EM-0036,email,2026-05-07T13:28:00Z,Pavel Nguyen,pavel.nguyen97@yahoo.com,Document request,"Could you send me the seller's disclosure for 7552 Birch Ct, Canton, GA (MLS MLS-7890263)?","7552 Birch Ct, Canton, GA",Cherokee,MLS-7890263,buy_sell,document,P2,Noa
EM-0037,email,2026-05-16T20:55:00Z,Tom Park,tom.park89@gmail.com,Selling our home,Considering listing the property in Gwinnett - can we schedule a CMA?,"9670 Riverbend Way, Lawrenceville, GA",Gwinnett,,buy_sell,seller_lead,P2,Fabi
EM-0038,email,2026-03-20T21:53:00Z,Jorge Johnson,jorge.johnson49@icloud.com,Maintenance follow-up,"Light bulb in the hallway burned out, no rush.","7078 Magnolia Ln, Dunwoody, GA",DeKalb,,rent_manage,maintenance,P3,Noa
EM-0039,email,2026-03-23T23:48:00Z,Linda Levi,linda.levi39@outlook.com,Payment / billing,"Just confirming the security deposit is $1,500 not $2,000 like the email said.","7952 Pine Rd, Cumming, GA",Forsyth,,rent_manage,billing,P3,Noa
EM-0040,email,2026-05-09T09:41:00Z,Sara Patel,sara.patel90@icloud.com,Urgent - apartment issue,"No heat for 2 days now, my baby is freezing. 8079 Peachtree St, Smyrna, GA","8079 Peachtree St, Smyrna, GA",Cobb,,rent_manage,tenant_issue,P0,Nathalie
EM-0041,email,2026-05-04T12:24:00Z,Brian Nguyen,brian.nguyen77@gmail.com,Question about your listing,"Hi, I saw the listing at 4917 Peachtree St, Duluth, GA. Is it still available? I'd love a tour this weekend.","4917 Peachtree St, Duluth, GA",Gwinnett,,buy_sell,buyer_lead,P2,Fabi
EM-0042,email,2026-05-17T02:47:00Z,Jorge Brown,jorge.brown53@outlook.com,Maintenance follow-up,"Light bulb in the hallway burned out, no rush.","7540 Oak Ave, Cumming, GA",Forsyth,,rent_manage,maintenance,P3,Noa
EM-0043,email,2026-04-05T14:51:00Z,Chris Williams,chris.williams64@outlook.com,Admin / paperwork,"HOA sent a notice about new pool hours, forwarding to you.","2438 Riverbend Way, Duluth, GA",Gwinnett,,rent_manage,admin,P3,Noa
EM-0044,email,2026-03-31T06:44:00Z,Marketing Promo Co,newsletter@mailchimp.com,You've gotta see this offer,Are you a real estate agent? Try our new CRM free for 30 days.,,,,non_business,marketing_promo,P3,ARCHIVE
EM-0045,email,2026-03-28T07:37:00Z,Chris Brown,chris.brown68@gmail.com,Hey :),"Hey, want to grab dinner Friday at that new ramen place?",,,,non_business,personal,P3,ARCHIVE
EM-0046,email,2026-04-21T01:43:00Z,Ben Park,ben.park57@gmail.com,Hey :),Mom's birthday is next week - did you order the cake?,,,,non_business,personal,P3,ARCHIVE
EM-0047,email,2026-04-02T00:50:00Z,Rachel Singh,rachel.singh76@icloud.com,Urgent - apartment issue,"EMERGENCY - water is pouring from the ceiling in unit at 1435 Cedar Trail, Sugar Hill, GA!!","1435 Cedar Trail, Sugar Hill, GA",Gwinnett,,rent_manage,tenant_issue,P0,Nathalie
EM-0048,email,2026-04-10T21:57:00Z,Priya Khan,priya.khan58@outlook.com,Hey :),Yoga class moved to 7am tomorrow. Want to come?,,,,non_business,personal,P3,ARCHIVE
EM-0049,email,2026-05-12T17:58:00Z,Jorge Rodriguez,jorge.rodriguez30@icloud.com,Question about your listing,"Hi, I saw the listing at 9508 Birch Ct, Woodstock, GA. Is it still available? I'd love a tour this weekend.","9508 Birch Ct, Woodstock, GA",Cherokee,,buy_sell,buyer_lead,P2,Fabi
EM-0050,email,2026-03-30T15:13:00Z,Aisha Nguyen,aisha.nguyen23@gmail.com,Showing time change,"Can we move tomorrow's showing at 3566 Magnolia Ln, Sugar Hill, GA from 4pm to 6pm?","3566 Magnolia Ln, Sugar Hill, GA",Gwinnett,,buy_sell,showing,P2,Fabi
EM-0051,email,2026-04-10T18:55:00Z,Marco Martinez,marco.martinez89@icloud.com,Hey :),"Hey, want to grab dinner Friday at that new ramen place?",,,,non_business,personal,P3,ARCHIVE
EM-0052,email,2026-05-04T18:24:00Z,Tara Romano,tara.romano84@yahoo.com,Vendor quote,"Plumber invoice for 3022 Willow Pkwy, Lawrenceville, GA - approving with your sign-off.","3022 Willow Pkwy, Lawrenceville, GA",Gwinnett,,rent_manage,vendor,P3,Noa
EM-0053,email,2026-03-21T04:49:00Z,John Singh,john.singh30@example-mail.test,Hey :),"Hey, want to grab dinner Friday at that new ramen place?",,,,non_business,personal,P3,ARCHIVE
EM-0054,email,2026-04-12T07:09:00Z,Marketing Promo Co,newsletter@sendgrid.net,You've gotta see this offer,FLASH SALE - 50% off everything at our store this weekend only!,,,,non_business,marketing_promo,P3,ARCHIVE
EM-0055,email,2026-05-13T21:21:00Z,Definitely Not A Scam,win596@spam.example,YOU WON,I'm a Nigerian prince and need your help moving $25M...,,,,non_business,spam,P3,ARCHIVE
EM-0056,email,2026-03-29T20:01:00Z,David Romano,david.romano89@gmail.com,Question about your listing,"Hi, I saw the listing at 2984 Cedar Trail, Woodstock, GA. Is it still available? I'd love a tour this weekend.","2984 Cedar Trail, Woodstock, GA",Cherokee,,buy_sell,buyer_lead,P2,Fabi
EM-0057,email,2026-05-02T09:24:00Z,Sara Brown,sara.brown89@gmail.com,Hey :),The dog has a vet appointment Thursday at 10am.,,,,non_business,personal,P3,ARCHIVE
EM-0058,email,2026-05-08T06:03:00Z,Olivia Williams,olivia.williams25@yahoo.com,Contract / signature needed,"Need to renew the lease at 472 Pine Rd, Duluth, GA. Can you send the renewal terms?","472 Pine Rd, Duluth, GA",Gwinnett,,rent_manage,contract,P2,Noa
EM-0059,email,2026-04-22T14:51:00Z,Nina Patel,nina.patel97@yahoo.com,Maintenance follow-up,The work order #4421 for the dishwasher - any update?,"5679 Maple Dr, Cumming, GA",Forsyth,,rent_manage,maintenance,P2,Noa
EM-0060,email,2026-03-18T15:25:00Z,Definitely Not A Scam,win544@spam.example,YOU WON,Urgent: your bank account needs verification. Visit https://phish.example/,,,,non_business,spam,P3,ARCHIVE
EM-0061,email,2026-05-04T20:32:00Z,Ben Nguyen,ben.nguyen42@yahoo.com,Urgent - apartment issue,"AC stopped cooling at 5940 Maple Dr, Marietta, GA. Indoor temp is 84F.","5940 Maple Dr, Marietta, GA",Cobb,,rent_manage,tenant_issue,P1,Nathalie
EM-0062,email,2026-03-22T06:22:00Z,Pavel Brown,pavel.brown2@icloud.com,Urgent - apartment issue,"Bathroom faucet is dripping non-stop, can a plumber come look?","8393 Riverbend Way, Duluth, GA",Gwinnett,,rent_manage,tenant_issue,P2,Nathalie
EM-0063,email,2026-03-22T05:57:00Z,Definitely Not A Scam,win640@spam.example,YOU WON,"CLAIM YOUR PRIZE NOW - you've won $10,000! Click here: http://scam.example/",,,,non_business,spam,P3,ARCHIVE
EM-0064,email,2026-03-25T01:43:00Z,Marketing Promo Co,newsletter@marketing.example.com,You've gotta see this offer,Atlanta Realtors Network: invitation to our May mixer.,,,,non_business,marketing_promo,P3,ARCHIVE
EM-0065,email,2026-04-04T12:33:00Z,Ethan Cohen,ethan.cohen87@example-mail.test,Hey :),"Hey, want to grab dinner Friday at that new ramen place?",,,,non_business,personal,P3,ARCHIVE
EM-0066,email,2026-04-26T10:30:00Z,Olivia Khan,olivia.khan14@yahoo.com,Hey :),Dentist appointment confirmed for Tuesday 2pm.,,,,non_business,personal,P3,ARCHIVE
EM-0067,email,2026-03-29T14:41:00Z,Emily Levi,emily.levi76@outlook.com,Vendor quote,"The painter quoted $1,800 for unit B at 5016 Oak Ave, Cumming, GA - does that look right?","5016 Oak Ave, Cumming, GA",Forsyth,,rent_manage,vendor,P2,Noa
EM-0068,email,2026-04-15T01:44:00Z,Nina Patel,nina.patel88@outlook.com,Showing time change,"I'm at 2817 Peachtree St, Canton, GA but the door is locked. Are you on the way?","2817 Peachtree St, Canton, GA",Cherokee,,buy_sell,showing,P1,Fabi
EM-0069,email,2026-04-08T08:50:00Z,Marketing Promo Co,newsletter@constantcontact.com,You've gotta see this offer,Your monthly newsletter from RealEstateDigest is here.,,,,non_business,marketing_promo,P3,ARCHIVE
EM-0070,email,2026-04-09T19:20:00Z,Tara Miller,tara.miller43@yahoo.com,Hey :),Mom's birthday is next week - did you order the cake?,,,,non_business,personal,P3,ARCHIVE
EM-0071,email,2026-04-22T02:54:00Z,Aisha Garcia,aisha.garcia89@example-mail.test,Payment / billing,I paid rent on the 1st but it doesn't show in the portal yet.,"7054 Cedar Trail, Dunwoody, GA",DeKalb,,rent_manage,billing,P2,Noa
EM-0072,email,2026-03-30T06:27:00Z,Emily Martinez,emily.martinez5@outlook.com,Question about your listing,"Hi, I saw the listing at 313 Magnolia Ln, Kennesaw, GA. Is it still available? I'd love a tour this weekend.","313 Magnolia Ln, Kennesaw, GA",Cobb,,buy_sell,buyer_lead,P2,Fabi
EM-0073,email,2026-04-12T08:14:00Z,John Johnson,john.johnson66@yahoo.com,Urgent - apartment issue,Saw a roach in the kitchen - can pest control come this week?,"3342 Sycamore Blvd, Dunwoody, GA",DeKalb,,rent_manage,tenant_issue,P2,Nathalie
EM-0074,email,2026-04-15T20:18:00Z,Jorge Garcia,jorge.garcia2@yahoo.com,Payment / billing,I paid rent on the 1st but it doesn't show in the portal yet.,"8167 Willow Pkwy, Cumming, GA",Forsyth,,rent_manage,billing,P2,Noa
EM-0075,email,2026-03-22T13:35:00Z,Jorge Miller,jorge.miller26@gmail.com,Urgent - apartment issue,"Bathroom faucet is dripping non-stop, can a plumber come look?","9975 Maple Dr, Lawrenceville, GA",Gwinnett,,rent_manage,tenant_issue,P2,Nathalie
EM-0076,email,2026-04-21T21:35:00Z,Tara Williams,tara.williams27@gmail.com,Urgent - apartment issue,"AC stopped cooling at 861 Peachtree St, Duluth, GA. Indoor temp is 84F.","861 Peachtree St, Duluth, GA",Gwinnett,,rent_manage,tenant_issue,P1,Nathalie
EM-0077,email,2026-05-09T15:10:00Z,Marketing Promo Co,newsletter@constantcontact.com,You've gotta see this offer,FLASH SALE - 50% off everything at our store this weekend only!,,,,non_business,marketing_promo,P3,ARCHIVE
EM-0078,email,2026-05-01T02:01:00Z,Jorge Singh,jorge.singh13@outlook.com,Admin / paperwork,"Insurance renewal for 5617 Sycamore Blvd, Canton, GA is due next month.","5617 Sycamore Blvd, Canton, GA",Cherokee,,rent_manage,admin,P3,Noa
EM-0079,email,2026-05-04T04:29:00Z,Priya Bell,priya.bell74@icloud.com,Contract / signature needed,"Need your signature on the addendum for 7953 Sycamore Blvd, Cumming, GA before 5pm.","7953 Sycamore Blvd, Cumming, GA",Forsyth,,buy_sell,contract,P1,Noa
EM-0080,email,2026-05-06T17:50:00Z,Marketing Promo Co,newsletter@mailchimp.com,You've gotta see this offer,Atlanta Realtors Network: invitation to our May mixer.,,,,non_business,marketing_promo,P3,ARCHIVE
EM-0081,email,2026-03-21T00:25:00Z,Ethan Rodriguez,ethan.rodriguez54@gmail.com,Offer / deal update,"Appraisal came in at $620k for 5415 Magnolia Ln, Cumming, GA. Numbers look good.","5415 Magnolia Ln, Cumming, GA",Forsyth,,buy_sell,deal,P2,Nathalie
EM-0082,email,2026-05-13T08:09:00Z,Marco Levi,marco.levi29@icloud.com,Offer / deal update,"Counter-offer received on 268 Pine Rd, Sugar Hill, GA - they want 5k more. What do you think?","268 Pine Rd, Sugar Hill, GA",Gwinnett,,buy_sell,deal,P1,Nathalie
EM-0083,email,2026-04-07T08:42:00Z,Linda Bell,linda.bell27@outlook.com,Offer / deal update,Closing tomorrow at 9am and the wire instructions look wrong - help!,"1534 Birch Ct, Marietta, GA",Cobb,,buy_sell,deal,P0,Nathalie
EM-0084,email,2026-05-02T11:34:00Z,Daniel Patel,daniel.patel71@icloud.com,Hey :),"Hey, want to grab dinner Friday at that new ramen place?",,,,non_business,personal,P3,ARCHIVE
EM-0085,email,2026-05-07T00:50:00Z,Sara Williams,sara.williams98@icloud.com,Hey :),Yoga class moved to 7am tomorrow. Want to come?,,,,non_business,personal,P3,ARCHIVE
EM-0086,email,2026-04-18T18:15:00Z,Aisha Patel,aisha.patel97@yahoo.com,Showing time change,"Running 15 min late to the showing at 9620 Maple Dr, Cumming, GA, please tell the agent.","9620 Maple Dr, Cumming, GA",Forsyth,,buy_sell,showing,P1,Fabi
EM-0087,email,2026-05-04T09:44:00Z,Chris Bell,chris.bell27@gmail.com,Payment / billing,"Just confirming the security deposit is $1,500 not $2,000 like the email said.","2948 Magnolia Ln, Cumming, GA",Forsyth,,rent_manage,billing,P3,Noa
EM-0088,email,2026-03-22T15:52:00Z,Marketing Promo Co,newsletter@constantcontact.com,You've gotta see this offer,FLASH SALE - 50% off everything at our store this weekend only!,,,,non_business,marketing_promo,P3,ARCHIVE
EM-0089,email,2026-04-25T21:39:00Z,Marketing Promo Co,newsletter@sendgrid.net,You've gotta see this offer,Your monthly newsletter from RealEstateDigest is here.,,,,non_business,marketing_promo,P3,ARCHIVE
EM-0090,email,2026-04-21T03:31:00Z,Aaron Singh,aaron.singh47@gmail.com,Question about your listing,Need to move ASAP - relocating for work in 3 weeks. Can you call me today?,"6538 Birch Ct, Smyrna, GA",Cobb,,buy_sell,buyer_lead,P1,Fabi
EM-0091,email,2026-05-12T01:05:00Z,Ben Park,ben.park40@gmail.com,Hey :),Dentist appointment confirmed for Tuesday 2pm.,,,,non_business,personal,P3,ARCHIVE
EM-0092,email,2026-04-09T07:13:00Z,Definitely Not A Scam,win772@spam.example,YOU WON,I'm a Nigerian prince and need your help moving $25M...,,,,non_business,spam,P3,ARCHIVE
EM-0093,email,2026-04-09T23:49:00Z,Hannah Martinez,hannah.martinez91@example-mail.test,Document request,Lender needs proof of homeowners insurance by end of day.,"3235 Oak Ave, Canton, GA",Cherokee,,buy_sell,document,P1,Noa
EM-0094,email,2026-05-05T11:29:00Z,Linda Brown,linda.brown84@outlook.com,Urgent - apartment issue,"Neighbor in unit B has been playing loud music until 2am for a week. 1950 Maple Dr, Lawrenceville, GA","1950 Maple Dr, Lawrenceville, GA",Gwinnett,,rent_manage,tenant_issue,P2,Nathalie
EM-0095,email,2026-05-14T22:42:00Z,Sophie Bell,sophie.bell52@example-mail.test,Selling our home,Considering listing the property in Cobb - can we schedule a CMA?,"2685 Riverbend Way, Marietta, GA",Cobb,,buy_sell,seller_lead,P2,Fabi
EM-0096,email,2026-05-14T04:43:00Z,Nina Romano,nina.romano69@outlook.com,Hey :),FYI we're out of milk. Can you grab some on the way home?,,,,non_business,personal,P3,ARCHIVE
EM-0097,email,2026-05-10T19:04:00Z,Emily Patel,emily.patel2@example-mail.test,Maintenance follow-up,"Vendor said they'd be here at 10am, no show. Can you check on them?","4102 Magnolia Ln, Kennesaw, GA",Cobb,,rent_manage,maintenance,P2,Noa
EM-0098,email,2026-03-23T08:26:00Z,Definitely Not A Scam,win435@spam.example,YOU WON,I'm a Nigerian prince and need your help moving $25M...,,,,non_business,spam,P3,ARCHIVE
EM-0099,email,2026-05-08T07:12:00Z,Tara Singh,tara.singh26@outlook.com,Urgent - apartment issue,"Gas leak smell in the apartment, I called 911. 1472 Birch Ct, Duluth, GA","1472 Birch Ct, Duluth, GA",Gwinnett,,rent_manage,tenant_issue,P0,Nathalie
EM-0100,email,2026-05-02T13:12:00Z,Priya Miller,priya.miller93@example-mail.test,Maintenance follow-up,"Light bulb in the hallway burned out, no rush.","7245 Pine Rd, Cumming, GA",Forsyth,,rent_manage,maintenance,P3,Noa
EM-0101,email,2026-03-19T05:03:00Z,Mike Brown,mike.brown1@outlook.com,Urgent - apartment issue,Saw a roach in the kitchen - can pest control come this week?,"7582 Birch Ct, Atlanta, GA",Fulton,,rent_manage,tenant_issue,P2,Nathalie
EM-0102,email,2026-05-05T23:07:00Z,Chris Romano,chris.romano14@example-mail.test,Offer / deal update,Got the inspection report back. There are 3 items I'd like to negotiate.,"8941 Peachtree St, Canton, GA",Cherokee,,buy_sell,deal,P1,Nathalie
EM-0103,email,2026-04-03T07:43:00Z,Tom Singh,tom.singh85@icloud.com,Maintenance follow-up,"Light bulb in the hallway burned out, no rush.","3310 Willow Pkwy, Cumming, GA",Forsyth,,rent_manage,maintenance,P3,Noa
EM-0104,email,2026-04-29T20:03:00Z,Definitely Not A Scam,win794@spam.example,YOU WON,I'm a Nigerian prince and need your help moving $25M...,,,,non_business,spam,P3,ARCHIVE
EM-0105,email,2026-04-26T07:24:00Z,Maria Brown,maria.brown12@example-mail.test,Hey :),"Pickup at school is at 3:15 today, can you grab the kids?",,,,non_business,personal,P3,ARCHIVE
EM-0106,email,2026-04-12T02:21:00Z,Kate Nguyen,kate.nguyen85@example-mail.test,Hey :),FYI we're out of milk. Can you grab some on the way home?,,,,non_business,personal,P3,ARCHIVE
EM-0107,email,2026-04-29T15:31:00Z,Daniel Davis,daniel.davis91@gmail.com,Contract / signature needed,"Need to renew the lease at 8173 Peachtree St, Cumming, GA. Can you send the renewal terms?","8173 Peachtree St, Cumming, GA",Forsyth,,rent_manage,contract,P2,Noa
EM-0108,email,2026-03-25T13:49:00Z,Marketing Promo Co,newsletter@mailchimp.com,You've gotta see this offer,FLASH SALE - 50% off everything at our store this weekend only!,,,,non_business,marketing_promo,P3,ARCHIVE
EM-0109,email,2026-05-01T09:52:00Z,Aaron Cohen,aaron.cohen58@example-mail.test,Offer / deal update,"Counter-offer received on 4903 Peachtree St, Woodstock, GA - they want 5k more. What do you think?","4903 Peachtree St, Woodstock, GA",Cherokee,,buy_sell,deal,P1,Nathalie
EM-0110,email,2026-04-02T00:43:00Z,Linda Williams,linda.williams78@outlook.com,Showing time change,"Running 15 min late to the showing at 1132 Willow Pkwy, Sandy Springs, GA, please tell the agent.","1132 Willow Pkwy, Sandy Springs, GA",Fulton,,buy_sell,showing,P1,Nathalie
EM-0111,email,2026-05-10T03:44:00Z,Anna Johnson,anna.johnson81@yahoo.com,Vendor quote,"The painter quoted $1,800 for unit B at 1648 Pine Rd, Woodstock, GA - does that look right?","1648 Pine Rd, Woodstock, GA",Cherokee,,rent_manage,vendor,P2,Noa
EM-0112,email,2026-04-13T02:51:00Z,Pavel Miller,pavel.miller84@example-mail.test,Urgent - apartment issue,"EMERGENCY - water is pouring from the ceiling in unit at 5435 Pine Rd, Cumming, GA!!","5435 Pine Rd, Cumming, GA",Forsyth,,rent_manage,tenant_issue,P0,Nathalie
EM-0113,email,2026-03-28T20:49:00Z,Priya Miller,priya.miller35@icloud.com,Hey :),Mom's birthday is next week - did you order the cake?,,,,non_business,personal,P3,ARCHIVE
EM-0114,email,2026-05-04T17:17:00Z,Lisa Miller,lisa.miller44@outlook.com,Urgent - apartment issue,"No heat for 2 days now, my baby is freezing. 6722 Pine Rd, Woodstock, GA","6722 Pine Rd, Woodstock, GA",Cherokee,,rent_manage,tenant_issue,P0,Nathalie
EM-0115,email,2026-04-20T09:21:00Z,Marketing Promo Co,newsletter@sendgrid.net,You've gotta see this offer,Atlanta Realtors Network: invitation to our May mixer.,,,,non_business,marketing_promo,P3,ARCHIVE
EM-0116,email,2026-04-11T15:50:00Z,Lisa Rodriguez,lisa.rodriguez40@outlook.com,Urgent - apartment issue,"EMERGENCY - water is pouring from the ceiling in unit at 3933 Magnolia Ln, Canton, GA!!","3933 Magnolia Ln, Canton, GA",Cherokee,,rent_manage,tenant_issue,P0,Nathalie
EM-0117,email,2026-04-30T19:33:00Z,Aaron Nguyen,aaron.nguyen52@example-mail.test,Document request,"Could you send me the seller's disclosure for 7725 Peachtree St, Cumming, GA (MLS MLS-7905210)?","7725 Peachtree St, Cumming, GA",Forsyth,MLS-7905210,buy_sell,document,P2,Noa
EM-0118,email,2026-04-10T15:04:00Z,Marco Garcia,marco.garcia39@outlook.com,Maintenance follow-up,"Vendor said they'd be here at 10am, no show. Can you check on them?","3239 Oak Ave, Cumming, GA",Forsyth,,rent_manage,maintenance,P2,Noa
EM-0119,email,2026-05-01T15:38:00Z,Sam Garcia,sam.garcia9@yahoo.com,Urgent - apartment issue,"Bathroom faucet is dripping non-stop, can a plumber come look?","529 Riverbend Way, Smyrna, GA",Cobb,,rent_manage,tenant_issue,P2,Nathalie
EM-0120,email,2026-05-04T18:13:00Z,Marketing Promo Co,newsletter@mailchimp.com,You've gotta see this offer,Your monthly newsletter from RealEstateDigest is here.,,,,non_business,marketing_promo,P3,ARCHIVE
EM-0121,email,2026-04-17T11:02:00Z,Sophie Brown,sophie.brown79@example-mail.test,Offer / deal update,Closing tomorrow at 9am and the wire instructions look wrong - help!,"6469 Peachtree St, Cumming, GA",Forsyth,,buy_sell,deal,P0,Nathalie
EM-0122,email,2026-04-29T22:39:00Z,Priya Martinez,priya.martinez12@gmail.com,Urgent - apartment issue,"AC stopped cooling at 9128 Pine Rd, Cumming, GA. Indoor temp is 84F.","9128 Pine Rd, Cumming, GA",Forsyth,,rent_manage,tenant_issue,P1,Nathalie
EM-0123,email,2026-05-09T20:07:00Z,David Martinez,david.martinez18@gmail.com,Payment / billing,Got a late fee but I have proof I paid on time. Can we sort this out?,"8811 Sycamore Blvd, Marietta, GA",Cobb,,rent_manage,billing,P2,Noa
EM-0124,email,2026-03-27T21:40:00Z,Priya Cohen,priya.cohen74@gmail.com,Hey :),FYI we're out of milk. Can you grab some on the way home?,,,,non_business,personal,P3,ARCHIVE
EM-0125,email,2026-03-20T01:57:00Z,Tom Levi,tom.levi22@icloud.com,Showing time change,"I'm at 7822 Maple Dr, Woodstock, GA but the door is locked. Are you on the way?","7822 Maple Dr, Woodstock, GA",Cherokee,,buy_sell,showing,P1,Fabi
EM-0126,email,2026-03-21T11:28:00Z,Ryan Park,ryan.park55@outlook.com,Contract / signature needed,"Need to renew the lease at 2820 Magnolia Ln, Cumming, GA. Can you send the renewal terms?","2820 Magnolia Ln, Cumming, GA",Forsyth,,rent_manage,contract,P2,Noa
EM-0127,email,2026-03-22T21:52:00Z,Priya Park,priya.park92@gmail.com,Question about your listing,Need to move ASAP - relocating for work in 3 weeks. Can you call me today?,"4134 Peachtree St, Canton, GA",Cherokee,,buy_sell,buyer_lead,P1,Fabi
EM-0128,email,2026-05-05T14:29:00Z,Brian Miller,brian.miller25@example-mail.test,Vendor quote,"The painter quoted $1,800 for unit B at 7257 Willow Pkwy, Smyrna, GA - does that look right?","7257 Willow Pkwy, Smyrna, GA",Cobb,,rent_manage,vendor,P2,Noa
EM-0129,email,2026-04-24T07:49:00Z,Olivia Nguyen,olivia.nguyen30@gmail.com,Showing time change,"Running 15 min late to the showing at 1864 Magnolia Ln, Marietta, GA, please tell the agent.","1864 Magnolia Ln, Marietta, GA",Cobb,,buy_sell,showing,P1,Fabi
EM-0130,email,2026-04-09T11:38:00Z,Nina Bell,nina.bell62@gmail.com,Question about your listing,Looking for a 3BR/2BA in Cobb county under $550k. Do you have anything coming up?,"3310 Cedar Trail, Marietta, GA",Cobb,,buy_sell,buyer_lead,P2,Fabi
EM-0131,email,2026-04-14T03:32:00Z,Linda Miller,linda.miller22@yahoo.com,Payment / billing,I paid rent on the 1st but it doesn't show in the portal yet.,"736 Oak Ave, Kennesaw, GA",Cobb,,rent_manage,billing,P2,Noa
EM-0132,email,2026-05-11T16:19:00Z,Olivia Garcia,olivia.garcia22@outlook.com,Maintenance follow-up,The work order #4421 for the dishwasher - any update?,"8512 Cedar Trail, Woodstock, GA",Cherokee,,rent_manage,maintenance,P2,Noa
EM-0133,email,2026-04-24T19:16:00Z,Ben Nguyen,ben.nguyen30@gmail.com,Showing time change,"I'm at 8127 Sycamore Blvd, Cumming, GA but the door is locked. Are you on the way?","8127 Sycamore Blvd, Cumming, GA",Forsyth,,buy_sell,showing,P1,Fabi
EM-0134,email,2026-04-19T21:22:00Z,Nina Park,nina.park29@gmail.com,Showing time change,"Running 15 min late to the showing at 1888 Sycamore Blvd, Sandy Springs, GA, please tell the agent.","1888 Sycamore Blvd, Sandy Springs, GA",Fulton,,buy_sell,showing,P1,Nathalie
EM-0135,email,2026-04-29T06:45:00Z,Olivia Nguyen,olivia.nguyen1@outlook.com,Document request,"Could you send me the seller's disclosure for 1269 Sycamore Blvd, Roswell, GA (MLS MLS-7874607)?","1269 Sycamore Blvd, Roswell, GA",Fulton,MLS-7874607,buy_sell,document,P2,Noa
EM-0136,email,2026-05-09T22:17:00Z,Definitely Not A Scam,win673@spam.example,YOU WON,Urgent: your bank account needs verification. Visit https://phish.example/,,,,non_business,spam,P3,ARCHIVE
EM-0137,email,2026-04-20T09:26:00Z,Lisa Levi,lisa.levi48@example-mail.test,Urgent - apartment issue,"No heat for 2 days now, my baby is freezing. 3356 Riverbend Way, Sugar Hill, GA","3356 Riverbend Way, Sugar Hill, GA",Gwinnett,,rent_manage,tenant_issue,P0,Nathalie
EM-0138,email,2026-05-12T09:59:00Z,Marketing Promo Co,newsletter@sendgrid.net,You've gotta see this offer,FLASH SALE - 50% off everything at our store this weekend only!,,,,non_business,marketing_promo,P3,ARCHIVE
EM-0139,email,2026-04-26T23:31:00Z,Marketing Promo Co,newsletter@marketing.example.com,You've gotta see this offer,Boost your listings with our premium photography package.,,,,non_business,marketing_promo,P3,ARCHIVE
EM-0140,email,2026-04-20T20:51:00Z,Priya Martinez,priya.martinez14@gmail.com,Calendar question,"Can we set up a walkthrough next Tuesday for the move-out at 8420 Maple Dr, Atlanta, GA?","8420 Maple Dr, Atlanta, GA",Fulton,,rent_manage,scheduling,P2,Noa
EM-0141,email,2026-04-19T23:43:00Z,Brian Johnson,brian.johnson83@yahoo.com,Question about your listing,Looking for a 3BR/2BA in Forsyth county under $550k. Do you have anything coming up?,"4089 Riverbend Way, Cumming, GA",Forsyth,,buy_sell,buyer_lead,P2,Fabi
EM-0142,email,2026-03-30T03:17:00Z,Chris Nguyen,chris.nguyen67@yahoo.com,Urgent - apartment issue,"Neighbor in unit B has been playing loud music until 2am for a week. 2206 Pine Rd, Dunwoody, GA","2206 Pine Rd, Dunwoody, GA",DeKalb,,rent_manage,tenant_issue,P2,Nathalie
EM-0143,email,2026-05-02T17:22:00Z,Pavel Patel,pavel.patel12@yahoo.com,Admin / paperwork,"Insurance renewal for 2673 Maple Dr, Marietta, GA is due next month.","2673 Maple Dr, Marietta, GA",Cobb,,rent_manage,admin,P3,Noa
EM-0144,email,2026-04-15T10:26:00Z,David Park,david.park93@yahoo.com,Hey :),Mom's birthday is next week - did you order the cake?,,,,non_business,personal,P3,ARCHIVE
EM-0145,email,2026-05-12T03:50:00Z,Aisha Nguyen,aisha.nguyen5@icloud.com,Offer / deal update,"Counter-offer received on 9861 Willow Pkwy, Duluth, GA - they want 5k more. What do you think?","9861 Willow Pkwy, Duluth, GA",Gwinnett,,buy_sell,deal,P1,Nathalie
EM-0146,email,2026-05-16T05:02:00Z,Daniel Williams,daniel.williams53@example-mail.test,Hey :),"Pickup at school is at 3:15 today, can you grab the kids?",,,,non_business,personal,P3,ARCHIVE
EM-0147,email,2026-05-01T00:43:00Z,Tara Nguyen,tara.nguyen99@example-mail.test,Contract / signature needed,"Need your signature on the addendum for 3074 Sycamore Blvd, Cumming, GA before 5pm.","3074 Sycamore Blvd, Cumming, GA",Forsyth,,buy_sell,contract,P1,Noa
EM-0148,email,2026-05-14T20:46:00Z,Maria Romano,maria.romano31@example-mail.test,Hey :),Dentist appointment confirmed for Tuesday 2pm.,,,,non_business,personal,P3,ARCHIVE
EM-0149,email,2026-03-25T06:06:00Z,Ethan Miller,ethan.miller84@outlook.com,Selling our home,"Hi Nathalie, I'd like to sell my house at 8276 Birch Ct, Kennesaw, GA. What's the market like in Cobb right now?","8276 Birch Ct, Kennesaw, GA",Cobb,,buy_sell,seller_lead,P2,Fabi
EM-0150,email,2026-04-21T14:17:00Z,Marketing Promo Co,newsletter@constantcontact.com,You've gotta see this offer,Atlanta Realtors Network: invitation to our May mixer.,,,,non_business,marketing_promo,P3,ARCHIVE
EM-0151,email,2026-05-08T13:48:00Z,Marketing Promo Co,newsletter@marketing.example.com,You've gotta see this offer,Atlanta Realtors Network: invitation to our May mixer.,,,,non_business,marketing_promo,P3,ARCHIVE
EM-0152,email,2026-05-09T10:12:00Z,Marketing Promo Co,newsletter@constantcontact.com,You've gotta see this offer,FLASH SALE - 50% off everything at our store this weekend only!,,,,non_business,marketing_promo,P3,ARCHIVE
EM-0153,email,2026-05-05T11:10:00Z,Nina Park,nina.park60@yahoo.com,Offer / deal update,"Appraisal came in at $620k for 7567 Peachtree St, Canton, GA. Numbers look good.","7567 Peachtree St, Canton, GA",Cherokee,,buy_sell,deal,P2,Nathalie
EM-0154,email,2026-04-17T08:24:00Z,Aisha Garcia,aisha.garcia25@gmail.com,Question about your listing,Looking for a 3BR/2BA in Cobb county under $550k. Do you have anything coming up?,"686 Maple Dr, Marietta, GA",Cobb,,buy_sell,buyer_lead,P2,Fabi
EM-0155,email,2026-04-25T23:06:00Z,Marketing Promo Co,newsletter@marketing.example.com,You've gotta see this offer,Your monthly newsletter from RealEstateDigest is here.,,,,non_business,marketing_promo,P3,ARCHIVE
EM-0156,email,2026-05-13T21:35:00Z,Daniel Adams,daniel.adams14@gmail.com,Urgent - apartment issue,"No heat for 2 days now, my baby is freezing. 2078 Pine Rd, Brookhaven, GA","2078 Pine Rd, Brookhaven, GA",DeKalb,,rent_manage,tenant_issue,P0,Nathalie
EM-0157,email,2026-04-21T12:17:00Z,Jorge Brown,jorge.brown58@outlook.com,Urgent - apartment issue,"AC stopped cooling at 7323 Sycamore Blvd, Marietta, GA. Indoor temp is 84F.","7323 Sycamore Blvd, Marietta, GA",Cobb,,rent_manage,tenant_issue,P1,Nathalie
EM-0158,email,2026-05-14T02:33:00Z,Aaron Khan,aaron.khan72@example-mail.test,Maintenance follow-up,"Vendor said they'd be here at 10am, no show. Can you check on them?","4770 Magnolia Ln, Cumming, GA",Forsyth,,rent_manage,maintenance,P2,Noa
EM-0159,email,2026-03-25T19:55:00Z,John Khan,john.khan45@yahoo.com,Payment / billing,"Just confirming the security deposit is $1,500 not $2,000 like the email said.","7536 Birch Ct, Sandy Springs, GA",Fulton,,rent_manage,billing,P3,Noa
EM-0160,email,2026-04-28T00:48:00Z,Priya Cohen,priya.cohen9@outlook.com,Payment / billing,"Just confirming the security deposit is $1,500 not $2,000 like the email said.","1358 Magnolia Ln, Woodstock, GA",Cherokee,,rent_manage,billing,P3,Noa
EM-0161,email,2026-04-11T12:45:00Z,Sara Romano,sara.romano37@icloud.com,Hey :),FYI we're out of milk. Can you grab some on the way home?,,,,non_business,personal,P3,ARCHIVE
EM-0162,email,2026-03-20T20:40:00Z,John Brown,john.brown23@gmail.com,Showing time change,"Running 15 min late to the showing at 5131 Cedar Trail, Canton, GA, please tell the agent.","5131 Cedar Trail, Canton, GA",Cherokee,,buy_sell,showing,P1,Fabi
EM-0163,email,2026-03-22T14:27:00Z,Pavel Nguyen,pavel.nguyen40@gmail.com,Hey :),The dog has a vet appointment Thursday at 10am.,,,,non_business,personal,P3,ARCHIVE
EM-0164,email,2026-05-13T12:01:00Z,Ben Bell,ben.bell52@gmail.com,Admin / paperwork,"Insurance renewal for 6924 Riverbend Way, Marietta, GA is due next month.","6924 Riverbend Way, Marietta, GA",Cobb,,rent_manage,admin,P3,Noa
EM-0165,email,2026-05-13T13:11:00Z,Rachel Williams,rachel.williams81@yahoo.com,Urgent - apartment issue,Saw a roach in the kitchen - can pest control come this week?,"1763 Oak Ave, Cumming, GA",Forsyth,,rent_manage,tenant_issue,P2,Nathalie
EM-0166,email,2026-05-07T02:00:00Z,Kate Brown,kate.brown12@outlook.com,Contract / signature needed,Question on clause 7.b of the contract - what does 'as-is' really mean here?,"6124 Birch Ct, Smyrna, GA",Cobb,,buy_sell,contract,P2,Noa
EM-0167,email,2026-03-21T15:12:00Z,Sam Miller,sam.miller68@outlook.com,Urgent - apartment issue,"Bathroom faucet is dripping non-stop, can a plumber come look?","8545 Oak Ave, Atlanta, GA",Fulton,,rent_manage,tenant_issue,P2,Nathalie
EM-0168,email,2026-04-10T13:07:00Z,Ethan Brown,ethan.brown7@yahoo.com,Hey :),"Pickup at school is at 3:15 today, can you grab the kids?",,,,non_business,personal,P3,ARCHIVE
EM-0169,email,2026-05-09T18:17:00Z,Marketing Promo Co,newsletter@sendgrid.net,You've gotta see this offer,Your monthly newsletter from RealEstateDigest is here.,,,,non_business,marketing_promo,P3,ARCHIVE
EM-0170,email,2026-04-22T02:18:00Z,Aaron Singh,aaron.singh64@icloud.com,Hey :),Dentist appointment confirmed for Tuesday 2pm.,,,,non_business,personal,P3,ARCHIVE
EM-0171,email,2026-03-30T13:21:00Z,Emily Cohen,emily.cohen25@example-mail.test,Question about your listing,Need to move ASAP - relocating for work in 3 weeks. Can you call me today?,"4322 Maple Dr, Duluth, GA",Gwinnett,,buy_sell,buyer_lead,P1,Fabi
EM-0172,email,2026-05-05T23:51:00Z,Lisa Bell,lisa.bell25@icloud.com,Admin / paperwork,"Insurance renewal for 8323 Magnolia Ln, Kennesaw, GA is due next month.","8323 Magnolia Ln, Kennesaw, GA",Cobb,,rent_manage,admin,P3,Noa
EM-0173,email,2026-04-08T15:10:00Z,Tom Khan,tom.khan46@outlook.com,Question about your listing,"Our offer on 3818 Willow Pkwy, Roswell, GA expires at 5pm today, can you confirm acceptance??","3818 Willow Pkwy, Roswell, GA",Fulton,,buy_sell,buyer_lead,P0,Nathalie
EM-0174,email,2026-05-13T14:42:00Z,Marco Levi,marco.levi78@outlook.com,Document request,"Could you send me the seller's disclosure for 6259 Birch Ct, Atlanta, GA (MLS MLS-7192466)?","6259 Birch Ct, Atlanta, GA",Fulton,MLS-7192466,buy_sell,document,P2,Noa
EM-0175,email,2026-05-12T07:16:00Z,Ben Park,ben.park88@gmail.com,Hey :),FYI we're out of milk. Can you grab some on the way home?,,,,non_business,personal,P3,ARCHIVE
EM-0176,email,2026-05-11T18:57:00Z,John Romano,john.romano94@gmail.com,Contract / signature needed,"Giving 30 days' notice - moving out by end of next month. 2414 Sycamore Blvd, Duluth, GA","2414 Sycamore Blvd, Duluth, GA",Gwinnett,,rent_manage,contract,P1,Noa
EM-0177,email,2026-04-24T03:48:00Z,Sam Rodriguez,sam.rodriguez18@outlook.com,Offer / deal update,Got the inspection report back. There are 3 items I'd like to negotiate.,"3882 Willow Pkwy, Canton, GA",Cherokee,,buy_sell,deal,P1,Nathalie
EM-0178,email,2026-04-15T13:19:00Z,John Johnson,john.johnson15@yahoo.com,Question about your listing,Need to move ASAP - relocating for work in 3 weeks. Can you call me today?,"4889 Willow Pkwy, Sugar Hill, GA",Gwinnett,,buy_sell,buyer_lead,P1,Fabi
EM-0179,email,2026-05-10T20:43:00Z,John Cohen,john.cohen75@icloud.com,Question about your listing,"Our offer on 2662 Pine Rd, Canton, GA expires at 5pm today, can you confirm acceptance??","2662 Pine Rd, Canton, GA",Cherokee,,buy_sell,buyer_lead,P0,Fabi
EM-0180,email,2026-05-12T07:08:00Z,Kate Romano,kate.romano52@outlook.com,Hey :),Yoga class moved to 7am tomorrow. Want to come?,,,,non_business,personal,P3,ARCHIVE
EM-0181,email,2026-05-11T22:44:00Z,Hannah Davis,hannah.davis60@icloud.com,Showing time change,"I'm at 1568 Maple Dr, Roswell, GA but the door is locked. Are you on the way?","1568 Maple Dr, Roswell, GA",Fulton,,buy_sell,showing,P1,Nathalie
EM-0182,email,2026-04-16T10:59:00Z,Sophie Levi,sophie.levi26@gmail.com,Question about your listing,"Our offer on 875 Willow Pkwy, Smyrna, GA expires at 5pm today, can you confirm acceptance??","875 Willow Pkwy, Smyrna, GA",Cobb,,buy_sell,buyer_lead,P0,Fabi
EM-0183,email,2026-04-06T06:15:00Z,Tara Davis,tara.davis37@gmail.com,Hey :),"Pickup at school is at 3:15 today, can you grab the kids?",,,,non_business,personal,P3,ARCHIVE
EM-0184,email,2026-04-12T16:44:00Z,Aisha Garcia,aisha.garcia78@yahoo.com,Urgent - apartment issue,"Neighbor in unit B has been playing loud music until 2am for a week. 2257 Cedar Trail, Duluth, GA","2257 Cedar Trail, Duluth, GA",Gwinnett,,rent_manage,tenant_issue,P2,Nathalie
EM-0185,email,2026-05-09T13:34:00Z,Ben Miller,ben.miller84@yahoo.com,Offer / deal update,"Appraisal came in at $620k for 3713 Magnolia Ln, Lawrenceville, GA. Numbers look good.","3713 Magnolia Ln, Lawrenceville, GA",Gwinnett,,buy_sell,deal,P2,Nathalie
EM-0186,email,2026-04-16T12:47:00Z,Chris Singh,chris.singh7@icloud.com,Hey :),Yoga class moved to 7am tomorrow. Want to come?,,,,non_business,personal,P3,ARCHIVE
EM-0187,email,2026-04-27T12:19:00Z,Jorge Park,jorge.park63@gmail.com,Hey :),"Pickup at school is at 3:15 today, can you grab the kids?",,,,non_business,personal,P3,ARCHIVE
EM-0188,email,2026-05-07T19:50:00Z,Definitely Not A Scam,win763@spam.example,YOU WON,Crypto opportunity - 300% return guaranteed. Reply YES.,,,,non_business,spam,P3,ARCHIVE
EM-0189,email,2026-04-18T12:49:00Z,Marco Williams,marco.williams16@yahoo.com,Document request,"Could you send me the seller's disclosure for 9026 Cedar Trail, Duluth, GA (MLS MLS-7135655)?","9026 Cedar Trail, Duluth, GA",Gwinnett,MLS-7135655,buy_sell,document,P2,Noa
EM-0190,email,2026-04-01T18:07:00Z,Marketing Promo Co,newsletter@sendgrid.net,You've gotta see this offer,FLASH SALE - 50% off everything at our store this weekend only!,,,,non_business,marketing_promo,P3,ARCHIVE
EM-0191,email,2026-05-14T18:02:00Z,Aisha Park,aisha.park73@outlook.com,Showing time change,"I'm at 2193 Oak Ave, Kennesaw, GA but the door is locked. Are you on the way?","2193 Oak Ave, Kennesaw, GA",Cobb,,buy_sell,showing,P1,Fabi
EM-0192,email,2026-04-02T22:25:00Z,Tom Rodriguez,tom.rodriguez98@outlook.com,Vendor quote,"The painter quoted $1,800 for unit B at 213 Peachtree St, Sandy Springs, GA - does that look right?","213 Peachtree St, Sandy Springs, GA",Fulton,,rent_manage,vendor,P2,Noa
EM-0193,email,2026-05-06T03:42:00Z,John Garcia,john.garcia46@yahoo.com,Showing time change,"I'm at 9965 Willow Pkwy, Canton, GA but the door is locked. Are you on the way?","9965 Willow Pkwy, Canton, GA",Cherokee,,buy_sell,showing,P1,Fabi
EM-0194,email,2026-04-15T09:42:00Z,Hannah Davis,hannah.davis1@icloud.com,Urgent - apartment issue,"Bathroom faucet is dripping non-stop, can a plumber come look?","8247 Oak Ave, Marietta, GA",Cobb,,rent_manage,tenant_issue,P2,Nathalie
EM-0195,email,2026-03-29T03:41:00Z,Kate Rodriguez,kate.rodriguez46@icloud.com,Vendor quote,"Plumber invoice for 1070 Oak Ave, Lawrenceville, GA - approving with your sign-off.","1070 Oak Ave, Lawrenceville, GA",Gwinnett,,rent_manage,vendor,P3,Noa
EM-0196,email,2026-04-10T16:44:00Z,Anna Martinez,anna.martinez34@example-mail.test,Showing time change,"Can we move tomorrow's showing at 7897 Maple Dr, Woodstock, GA from 4pm to 6pm?","7897 Maple Dr, Woodstock, GA",Cherokee,,buy_sell,showing,P2,Fabi
EM-0197,email,2026-04-30T20:48:00Z,David Park,david.park36@yahoo.com,Hey :),"Pickup at school is at 3:15 today, can you grab the kids?",,,,non_business,personal,P3,ARCHIVE
EM-0198,email,2026-05-15T16:04:00Z,Nina Singh,nina.singh37@icloud.com,Hey :),The dog has a vet appointment Thursday at 10am.,,,,non_business,personal,P3,ARCHIVE
EM-0199,email,2026-05-05T13:33:00Z,Ethan Park,ethan.park39@gmail.com,Vendor quote,"Plumber invoice for 5058 Oak Ave, Cumming, GA - approving with your sign-off.","5058 Oak Ave, Cumming, GA",Forsyth,,rent_manage,vendor,P3,Noa
EM-0200,email,2026-05-17T00:31:00Z,Marketing Promo Co,newsletter@constantcontact.com,You've gotta see this offer,Your monthly newsletter from RealEstateDigest is here.,,,,non_business,marketing_promo,P3,ARCHIVE
EM-0201,email,2026-03-25T08:40:00Z,Ryan Rodriguez,ryan.rodriguez95@gmail.com,Offer / deal update,Got the inspection report back. There are 3 items I'd like to negotiate.,"5647 Willow Pkwy, Dunwoody, GA",DeKalb,,buy_sell,deal,P1,Nathalie
EM-0202,email,2026-03-31T20:19:00Z,Sara Nguyen,sara.nguyen84@icloud.com,Maintenance follow-up,The work order #4421 for the dishwasher - any update?,"9130 Cedar Trail, Atlanta, GA",Fulton,,rent_manage,maintenance,P2,Noa
EM-0203,email,2026-03-23T19:06:00Z,Emily Singh,emily.singh89@yahoo.com,Offer / deal update,Closing tomorrow at 9am and the wire instructions look wrong - help!,"9988 Willow Pkwy, Dunwoody, GA",DeKalb,,buy_sell,deal,P0,Nathalie
EM-0204,email,2026-05-10T21:09:00Z,Aaron Nguyen,aaron.nguyen51@example-mail.test,Offer / deal update,Got the inspection report back. There are 3 items I'd like to negotiate.,"5728 Willow Pkwy, Smyrna, GA",Cobb,,buy_sell,deal,P1,Nathalie
EM-0205,email,2026-03-27T22:01:00Z,Marco Levi,marco.levi27@yahoo.com,Maintenance follow-up,"Light bulb in the hallway burned out, no rush.","8151 Sycamore Blvd, Cumming, GA",Forsyth,,rent_manage,maintenance,P3,Noa
EM-0206,email,2026-05-10T12:35:00Z,Sam Park,sam.park83@icloud.com,Admin / paperwork,"HOA sent a notice about new pool hours, forwarding to you.","5149 Willow Pkwy, Cumming, GA",Forsyth,,rent_manage,admin,P3,Noa
EM-0207,email,2026-03-20T12:12:00Z,Pavel Romano,pavel.romano34@icloud.com,Question about your listing,Need to move ASAP - relocating for work in 3 weeks. Can you call me today?,"7654 Riverbend Way, Canton, GA",Cherokee,,buy_sell,buyer_lead,P1,Fabi
EM-0208,email,2026-03-21T18:06:00Z,Emily Davis,emily.davis18@outlook.com,Document request,"Could you send me the seller's disclosure for 498 Cedar Trail, Lawrenceville, GA (MLS MLS-7261712)?","498 Cedar Trail, Lawrenceville, GA",Gwinnett,MLS-7261712,buy_sell,document,P2,Noa
EM-0209,email,2026-03-22T22:56:00Z,Tom Singh,tom.singh91@yahoo.com,Hey :),"Pickup at school is at 3:15 today, can you grab the kids?",,,,non_business,personal,P3,ARCHIVE
EM-0210,email,2026-04-14T12:33:00Z,Kate Park,kate.park85@icloud.com,Maintenance follow-up,The work order #4421 for the dishwasher - any update?,"362 Riverbend Way, Woodstock, GA",Cherokee,,rent_manage,maintenance,P2,Noa
EM-0211,email,2026-04-29T18:27:00Z,Lisa Martinez,lisa.martinez59@outlook.com,Urgent - apartment issue,"AC stopped cooling at 6902 Maple Dr, Cumming, GA. Indoor temp is 84F.","6902 Maple Dr, Cumming, GA",Forsyth,,rent_manage,tenant_issue,P1,Nathalie
EM-0212,email,2026-05-17T03:16:00Z,Definitely Not A Scam,win738@spam.example,YOU WON,I'm a Nigerian prince and need your help moving $25M...,,,,non_business,spam,P3,ARCHIVE
EM-0213,email,2026-05-05T04:27:00Z,Emily Park,emily.park44@outlook.com,Urgent - apartment issue,"EMERGENCY - water is pouring from the ceiling in unit at 9838 Pine Rd, Dunwoody, GA!!","9838 Pine Rd, Dunwoody, GA",DeKalb,,rent_manage,tenant_issue,P0,Nathalie
EM-0214,email,2026-05-13T12:46:00Z,Jorge Brown,jorge.brown96@outlook.com,Admin / paperwork,"HOA sent a notice about new pool hours, forwarding to you.","501 Riverbend Way, Atlanta, GA",Fulton,,rent_manage,admin,P3,Noa
EM-0215,email,2026-04-13T12:54:00Z,Linda Cohen,linda.cohen1@icloud.com,Contract / signature needed,"Need your signature on the addendum for 6345 Riverbend Way, Cumming, GA before 5pm.","6345 Riverbend Way, Cumming, GA",Forsyth,,buy_sell,contract,P1,Noa
EM-0216,email,2026-04-18T16:34:00Z,Sara Johnson,sara.johnson61@icloud.com,Urgent - apartment issue,"No heat for 2 days now, my baby is freezing. 3476 Riverbend Way, Canton, GA","3476 Riverbend Way, Canton, GA",Cherokee,,rent_manage,tenant_issue,P0,Nathalie
EM-0217,email,2026-03-24T23:10:00Z,Anna Brown,anna.brown63@gmail.com,Urgent - apartment issue,"AC stopped cooling at 3478 Birch Ct, Lawrenceville, GA. Indoor temp is 84F.","3478 Birch Ct, Lawrenceville, GA",Gwinnett,,rent_manage,tenant_issue,P1,Nathalie
EM-0218,email,2026-03-21T19:47:00Z,Marketing Promo Co,newsletter@mailchimp.com,You've gotta see this offer,Your monthly newsletter from RealEstateDigest is here.,,,,non_business,marketing_promo,P3,ARCHIVE
EM-0219,email,2026-05-10T07:18:00Z,David Miller,david.miller75@yahoo.com,Hey :),"Hey, want to grab dinner Friday at that new ramen place?",,,,non_business,personal,P3,ARCHIVE
EM-0220,email,2026-03-21T16:59:00Z,Marketing Promo Co,newsletter@marketing.example.com,You've gotta see this offer,FLASH SALE - 50% off everything at our store this weekend only!,,,,non_business,marketing_promo,P3,ARCHIVE
EM-0221,email,2026-05-06T04:34:00Z,Brian Williams,brian.williams7@yahoo.com,Question about your listing,"Our offer on 8579 Maple Dr, Sandy Springs, GA expires at 5pm today, can you confirm acceptance??","8579 Maple Dr, Sandy Springs, GA",Fulton,,buy_sell,buyer_lead,P0,Nathalie
EM-0222,email,2026-04-10T15:53:00Z,Daniel Nguyen,daniel.nguyen69@example-mail.test,Hey :),Yoga class moved to 7am tomorrow. Want to come?,,,,non_business,personal,P3,ARCHIVE
EM-0223,email,2026-05-15T19:24:00Z,Sara Rodriguez,sara.rodriguez55@outlook.com,Urgent - apartment issue,"Neighbor in unit B has been playing loud music until 2am for a week. 2797 Cedar Trail, Cumming, GA","2797 Cedar Trail, Cumming, GA",Forsyth,,rent_manage,tenant_issue,P2,Nathalie
EM-0224,email,2026-04-07T06:18:00Z,Definitely Not A Scam,win707@spam.example,YOU WON,Crypto opportunity - 300% return guaranteed. Reply YES.,,,,non_business,spam,P3,ARCHIVE
EM-0225,email,2026-05-13T10:30:00Z,Sara Brown,sara.brown34@icloud.com,Selling our home,Considering listing the property in Fulton - can we schedule a CMA?,"1361 Maple Dr, Roswell, GA",Fulton,,buy_sell,seller_lead,P2,Nathalie
EM-0226,email,2026-03-19T16:44:00Z,Brian Williams,brian.williams4@gmail.com,Urgent - apartment issue,"EMERGENCY - water is pouring from the ceiling in unit at 5713 Pine Rd, Roswell, GA!!","5713 Pine Rd, Roswell, GA",Fulton,,rent_manage,tenant_issue,P0,Nathalie
EM-0227,email,2026-04-06T13:36:00Z,Daniel Garcia,daniel.garcia89@example-mail.test,Maintenance follow-up,"Vendor said they'd be here at 10am, no show. Can you check on them?","1725 Magnolia Ln, Decatur, GA",DeKalb,,rent_manage,maintenance,P2,Noa
EM-0228,email,2026-03-31T02:41:00Z,Marketing Promo Co,newsletter@constantcontact.com,You've gotta see this offer,Boost your listings with our premium photography package.,,,,non_business,marketing_promo,P3,ARCHIVE
EM-0229,email,2026-05-09T20:11:00Z,Definitely Not A Scam,win664@spam.example,YOU WON,"CLAIM YOUR PRIZE NOW - you've won $10,000! Click here: http://scam.example/",,,,non_business,spam,P3,ARCHIVE
EM-0230,email,2026-05-11T10:39:00Z,Definitely Not A Scam,win942@spam.example,YOU WON,I'm a Nigerian prince and need your help moving $25M...,,,,non_business,spam,P3,ARCHIVE
EM-0231,email,2026-04-26T05:19:00Z,Emily Bell,emily.bell66@gmail.com,Urgent - apartment issue,"Gas leak smell in the apartment, I called 911. 7685 Magnolia Ln, Canton, GA","7685 Magnolia Ln, Canton, GA",Cherokee,,rent_manage,tenant_issue,P0,Nathalie
EM-0232,email,2026-04-16T14:16:00Z,Hannah Johnson,hannah.johnson78@icloud.com,Hey :),The dog has a vet appointment Thursday at 10am.,,,,non_business,personal,P3,ARCHIVE
EM-0233,email,2026-05-05T00:53:00Z,Definitely Not A Scam,win811@spam.example,YOU WON,"CLAIM YOUR PRIZE NOW - you've won $10,000! Click here: http://scam.example/",,,,non_business,spam,P3,ARCHIVE
EM-0234,email,2026-05-05T07:43:00Z,Aaron Romano,aaron.romano7@example-mail.test,Document request,Lender needs proof of homeowners insurance by end of day.,"150 Oak Ave, Cumming, GA",Forsyth,,buy_sell,document,P1,Noa
EM-0235,email,2026-05-05T08:21:00Z,Sophie Bell,sophie.bell2@gmail.com,Contract / signature needed,Question on clause 7.b of the contract - what does 'as-is' really mean here?,"8410 Cedar Trail, Duluth, GA",Gwinnett,,buy_sell,contract,P2,Noa
EM-0236,email,2026-05-06T13:39:00Z,Mike Rodriguez,mike.rodriguez99@outlook.com,Question about your listing,Need to move ASAP - relocating for work in 3 weeks. Can you call me today?,"8124 Magnolia Ln, Dunwoody, GA",DeKalb,,buy_sell,buyer_lead,P1,Nathalie
EM-0237,email,2026-05-13T05:18:00Z,Linda Levi,linda.levi56@outlook.com,Document request,Lender needs proof of homeowners insurance by end of day.,"541 Pine Rd, Dunwoody, GA",DeKalb,,buy_sell,document,P1,Noa
EM-0238,email,2026-04-29T17:43:00Z,Ryan Adams,ryan.adams43@icloud.com,Offer / deal update,Got the inspection report back. There are 3 items I'd like to negotiate.,"7611 Sycamore Blvd, Sugar Hill, GA",Gwinnett,,buy_sell,deal,P1,Nathalie
EM-0239,email,2026-03-31T00:33:00Z,John Brown,john.brown32@yahoo.com,Showing time change,"I'm at 9317 Sycamore Blvd, Dunwoody, GA but the door is locked. Are you on the way?","9317 Sycamore Blvd, Dunwoody, GA",DeKalb,,buy_sell,showing,P1,Nathalie
EM-0240,email,2026-04-11T06:38:00Z,Olivia Rodriguez,olivia.rodriguez64@gmail.com,Payment / billing,I paid rent on the 1st but it doesn't show in the portal yet.,"2414 Peachtree St, Atlanta, GA",Fulton,,rent_manage,billing,P2,Noa
EM-0241,email,2026-04-01T10:50:00Z,Emily Brown,emily.brown65@gmail.com,Hey :),Mom's birthday is next week - did you order the cake?,,,,non_business,personal,P3,ARCHIVE
EM-0242,email,2026-04-01T10:12:00Z,Hannah Park,hannah.park46@gmail.com,Payment / billing,I paid rent on the 1st but it doesn't show in the portal yet.,"749 Willow Pkwy, Canton, GA",Cherokee,,rent_manage,billing,P2,Noa
EM-0243,email,2026-04-02T22:05:00Z,Tara Bell,tara.bell78@gmail.com,Showing time change,"Can we move tomorrow's showing at 7502 Oak Ave, Atlanta, GA from 4pm to 6pm?","7502 Oak Ave, Atlanta, GA",Fulton,,buy_sell,showing,P2,Nathalie
EM-0244,email,2026-03-30T13:47:00Z,Sara Williams,sara.williams25@example-mail.test,Maintenance follow-up,The work order #4421 for the dishwasher - any update?,"5907 Maple Dr, Roswell, GA",Fulton,,rent_manage,maintenance,P2,Noa
EM-0245,email,2026-04-08T21:19:00Z,Sophie Patel,sophie.patel38@icloud.com,Admin / paperwork,"Insurance renewal for 863 Riverbend Way, Dunwoody, GA is due next month.","863 Riverbend Way, Dunwoody, GA",DeKalb,,rent_manage,admin,P3,Noa
EM-0246,email,2026-04-10T15:38:00Z,Sara Singh,sara.singh12@gmail.com,Urgent - apartment issue,"Bathroom faucet is dripping non-stop, can a plumber come look?","4771 Magnolia Ln, Marietta, GA",Cobb,,rent_manage,tenant_issue,P2,Nathalie
EM-0247,email,2026-05-03T19:38:00Z,Daniel Khan,daniel.khan61@gmail.com,Contract / signature needed,Question on clause 7.b of the contract - what does 'as-is' really mean here?,"1599 Sycamore Blvd, Brookhaven, GA",DeKalb,,buy_sell,contract,P2,Noa
EM-0248,email,2026-04-26T15:58:00Z,Lisa Rodriguez,lisa.rodriguez45@icloud.com,Question about your listing,Looking for a 3BR/2BA in Gwinnett county under $550k. Do you have anything coming up?,"2421 Magnolia Ln, Lawrenceville, GA",Gwinnett,,buy_sell,buyer_lead,P2,Fabi
EM-0249,email,2026-03-26T21:12:00Z,Daniel Cohen,daniel.cohen55@outlook.com,Maintenance follow-up,The work order #4421 for the dishwasher - any update?,"6533 Cedar Trail, Decatur, GA",DeKalb,,rent_manage,maintenance,P2,Noa
EM-0250,email,2026-03-19T19:54:00Z,Maria Garcia,maria.garcia42@yahoo.com,Urgent - apartment issue,"Locked out of 7984 Maple Dr, Brookhaven, GA at 11pm with the kids in the car.","7984 Maple Dr, Brookhaven, GA",DeKalb,,rent_manage,tenant_issue,P0,Nathalie
EM-0251,email,2026-04-08T09:43:00Z,Hannah Davis,hannah.davis33@yahoo.com,Offer / deal update,"Counter-offer received on 902 Birch Ct, Smyrna, GA - they want 5k more. What do you think?","902 Birch Ct, Smyrna, GA",Cobb,,buy_sell,deal,P1,Nathalie
EM-0252,email,2026-05-09T01:38:00Z,Ethan Adams,ethan.adams99@yahoo.com,Urgent - apartment issue,"No heat for 2 days now, my baby is freezing. 6969 Maple Dr, Smyrna, GA","6969 Maple Dr, Smyrna, GA",Cobb,,rent_manage,tenant_issue,P0,Nathalie
EM-0253,email,2026-04-26T12:35:00Z,Marketing Promo Co,newsletter@marketing.example.com,You've gotta see this offer,Your monthly newsletter from RealEstateDigest is here.,,,,non_business,marketing_promo,P3,ARCHIVE
EM-0254,email,2026-03-30T04:41:00Z,Kate Levi,kate.levi96@yahoo.com,Selling our home,"Hi Nathalie, I'd like to sell my house at 2173 Cedar Trail, Cumming, GA. What's the market like in Forsyth right now?","2173 Cedar Trail, Cumming, GA",Forsyth,,buy_sell,seller_lead,P2,Fabi
EM-0255,email,2026-04-20T11:00:00Z,Brian Khan,brian.khan75@yahoo.com,Hey :),"Pickup at school is at 3:15 today, can you grab the kids?",,,,non_business,personal,P3,ARCHIVE
EM-0256,email,2026-04-12T20:40:00Z,Definitely Not A Scam,win259@spam.example,YOU WON,"CLAIM YOUR PRIZE NOW - you've won $10,000! Click here: http://scam.example/",,,,non_business,spam,P3,ARCHIVE
EM-0257,email,2026-04-29T22:38:00Z,Anna Garcia,anna.garcia89@icloud.com,Urgent - apartment issue,"Neighbor in unit B has been playing loud music until 2am for a week. 758 Pine Rd, Sandy Springs, GA","758 Pine Rd, Sandy Springs, GA",Fulton,,rent_manage,tenant_issue,P2,Nathalie
EM-0258,email,2026-04-10T14:45:00Z,Rachel Garcia,rachel.garcia18@gmail.com,Offer / deal update,Got the inspection report back. There are 3 items I'd like to negotiate.,"3588 Birch Ct, Lawrenceville, GA",Gwinnett,,buy_sell,deal,P1,Nathalie
EM-0259,email,2026-04-22T04:10:00Z,Brian Miller,brian.miller42@yahoo.com,Urgent - apartment issue,"No heat for 2 days now, my baby is freezing. 525 Riverbend Way, Lawrenceville, GA","525 Riverbend Way, Lawrenceville, GA",Gwinnett,,rent_manage,tenant_issue,P0,Nathalie
EM-0260,email,2026-04-27T15:11:00Z,Lisa Miller,lisa.miller20@gmail.com,Urgent - apartment issue,"No heat for 2 days now, my baby is freezing. 2816 Pine Rd, Canton, GA","2816 Pine Rd, Canton, GA",Cherokee,,rent_manage,tenant_issue,P0,Nathalie
EM-0261,email,2026-03-26T03:37:00Z,Hannah Cohen,hannah.cohen10@gmail.com,Hey :),"Pickup at school is at 3:15 today, can you grab the kids?",,,,non_business,personal,P3,ARCHIVE
EM-0262,email,2026-05-05T14:51:00Z,Sara Park,sara.park71@yahoo.com,Document request,Lender needs proof of homeowners insurance by end of day.,"8274 Pine Rd, Roswell, GA",Fulton,,buy_sell,document,P1,Noa
EM-0263,email,2026-04-11T20:38:00Z,Definitely Not A Scam,win305@spam.example,YOU WON,Urgent: your bank account needs verification. Visit https://phish.example/,,,,non_business,spam,P3,ARCHIVE
EM-0264,email,2026-03-31T06:39:00Z,Brian Brown,brian.brown42@outlook.com,Contract / signature needed,Question on clause 7.b of the contract - what does 'as-is' really mean here?,"4950 Birch Ct, Lawrenceville, GA",Gwinnett,,buy_sell,contract,P2,Noa
EM-0265,email,2026-04-04T04:10:00Z,Rachel Khan,rachel.khan12@icloud.com,Urgent - apartment issue,"Locked out of 5119 Oak Ave, Canton, GA at 11pm with the kids in the car.","5119 Oak Ave, Canton, GA",Cherokee,,rent_manage,tenant_issue,P0,Nathalie
EM-0266,email,2026-03-25T09:26:00Z,Rachel Bell,rachel.bell1@icloud.com,Urgent - apartment issue,"Bathroom faucet is dripping non-stop, can a plumber come look?","1755 Maple Dr, Canton, GA",Cherokee,,rent_manage,tenant_issue,P2,Nathalie
EM-0267,email,2026-04-12T04:55:00Z,Maria Levi,maria.levi70@gmail.com,Hey :),"Hey, want to grab dinner Friday at that new ramen place?",,,,non_business,personal,P3,ARCHIVE
EM-0268,email,2026-03-19T07:43:00Z,John Park,john.park42@outlook.com,Showing time change,"Running 15 min late to the showing at 5328 Pine Rd, Duluth, GA, please tell the agent.","5328 Pine Rd, Duluth, GA",Gwinnett,,buy_sell,showing,P1,Fabi
EM-0269,email,2026-04-18T22:43:00Z,Sophie Brown,sophie.brown91@gmail.com,Showing time change,"Can we move tomorrow's showing at 8922 Riverbend Way, Dunwoody, GA from 4pm to 6pm?","8922 Riverbend Way, Dunwoody, GA",DeKalb,,buy_sell,showing,P2,Nathalie
EM-0270,email,2026-05-02T19:35:00Z,Linda Khan,linda.khan49@gmail.com,Hey :),"Pickup at school is at 3:15 today, can you grab the kids?",,,,non_business,personal,P3,ARCHIVE
EM-0271,email,2026-04-25T12:02:00Z,Ben Patel,ben.patel74@gmail.com,Question about your listing,Need to move ASAP - relocating for work in 3 weeks. Can you call me today?,"9552 Riverbend Way, Dunwoody, GA",DeKalb,,buy_sell,buyer_lead,P1,Nathalie
EM-0272,email,2026-05-11T02:09:00Z,Chris Bell,chris.bell1@gmail.com,Offer / deal update,"Counter-offer received on 8631 Magnolia Ln, Smyrna, GA - they want 5k more. What do you think?","8631 Magnolia Ln, Smyrna, GA",Cobb,,buy_sell,deal,P1,Nathalie
EM-0273,email,2026-04-21T22:20:00Z,Ryan Williams,ryan.williams26@icloud.com,Payment / billing,I paid rent on the 1st but it doesn't show in the portal yet.,"2961 Peachtree St, Brookhaven, GA",DeKalb,,rent_manage,billing,P2,Noa
EM-0274,email,2026-03-27T20:28:00Z,Pavel Williams,pavel.williams47@icloud.com,Admin / paperwork,"Insurance renewal for 5522 Pine Rd, Marietta, GA is due next month.","5522 Pine Rd, Marietta, GA",Cobb,,rent_manage,admin,P3,Noa
EM-0275,email,2026-05-16T05:00:00Z,Definitely Not A Scam,win809@spam.example,YOU WON,Crypto opportunity - 300% return guaranteed. Reply YES.,,,,non_business,spam,P3,ARCHIVE
EM-0276,email,2026-05-10T22:16:00Z,Hannah Bell,hannah.bell89@icloud.com,Contract / signature needed,"Giving 30 days' notice - moving out by end of next month. 5299 Magnolia Ln, Cumming, GA","5299 Magnolia Ln, Cumming, GA",Forsyth,,rent_manage,contract,P1,Noa
EM-0277,email,2026-04-24T14:41:00Z,Ben Martinez,ben.martinez13@gmail.com,Contract / signature needed,"Need your signature on the addendum for 5900 Maple Dr, Atlanta, GA before 5pm.","5900 Maple Dr, Atlanta, GA",Fulton,,buy_sell,contract,P1,Noa
EM-0278,email,2026-04-29T12:36:00Z,Linda Levi,linda.levi43@gmail.com,Urgent - apartment issue,"AC stopped cooling at 227 Magnolia Ln, Canton, GA. Indoor temp is 84F.","227 Magnolia Ln, Canton, GA",Cherokee,,rent_manage,tenant_issue,P1,Nathalie
EM-0279,email,2026-04-25T10:12:00Z,Chris Davis,chris.davis54@example-mail.test,Hey :),Yoga class moved to 7am tomorrow. Want to come?,,,,non_business,personal,P3,ARCHIVE
EM-0280,email,2026-04-08T06:39:00Z,Marco Johnson,marco.johnson75@example-mail.test,Showing time change,"Can we move tomorrow's showing at 3470 Riverbend Way, Sugar Hill, GA from 4pm to 6pm?","3470 Riverbend Way, Sugar Hill, GA",Gwinnett,,buy_sell,showing,P2,Fabi
EM-0281,email,2026-04-21T16:28:00Z,Marketing Promo Co,newsletter@constantcontact.com,You've gotta see this offer,Atlanta Realtors Network: invitation to our May mixer.,,,,non_business,marketing_promo,P3,ARCHIVE
EM-0282,email,2026-04-16T13:54:00Z,Nina Levi,nina.levi34@gmail.com,Offer / deal update,Closing tomorrow at 9am and the wire instructions look wrong - help!,"1031 Willow Pkwy, Smyrna, GA",Cobb,,buy_sell,deal,P0,Nathalie
EM-0283,email,2026-03-22T04:54:00Z,Jorge Bell,jorge.bell1@example-mail.test,Showing time change,"I'm at 1071 Cedar Trail, Duluth, GA but the door is locked. Are you on the way?","1071 Cedar Trail, Duluth, GA",Gwinnett,,buy_sell,showing,P1,Fabi
EM-0284,email,2026-04-22T00:01:00Z,Marketing Promo Co,newsletter@mailchimp.com,You've gotta see this offer,FLASH SALE - 50% off everything at our store this weekend only!,,,,non_business,marketing_promo,P3,ARCHIVE
EM-0285,email,2026-04-27T09:53:00Z,Tom Patel,tom.patel8@yahoo.com,Urgent - apartment issue,"Neighbor in unit B has been playing loud music until 2am for a week. 7476 Peachtree St, Cumming, GA","7476 Peachtree St, Cumming, GA",Forsyth,,rent_manage,tenant_issue,P2,Nathalie
EM-0286,email,2026-03-23T09:20:00Z,Sophie Rodriguez,sophie.rodriguez96@yahoo.com,Hey :),Mom's birthday is next week - did you order the cake?,,,,non_business,personal,P3,ARCHIVE
EM-0287,email,2026-05-04T06:26:00Z,Marketing Promo Co,newsletter@mailchimp.com,You've gotta see this offer,Your monthly newsletter from RealEstateDigest is here.,,,,non_business,marketing_promo,P3,ARCHIVE
EM-0288,email,2026-03-19T15:07:00Z,Nina Martinez,nina.martinez44@gmail.com,Selling our home,Considering listing the property in DeKalb - can we schedule a CMA?,"5324 Peachtree St, Brookhaven, GA",DeKalb,,buy_sell,seller_lead,P2,Nathalie
EM-0289,email,2026-04-13T09:52:00Z,Tara Bell,tara.bell4@yahoo.com,Urgent - apartment issue,"No heat for 2 days now, my baby is freezing. 665 Oak Ave, Woodstock, GA","665 Oak Ave, Woodstock, GA",Cherokee,,rent_manage,tenant_issue,P0,Nathalie
EM-0290,email,2026-03-27T19:28:00Z,Ryan Johnson,ryan.johnson48@icloud.com,Urgent - apartment issue,"Locked out of 1944 Peachtree St, Cumming, GA at 11pm with the kids in the car.","1944 Peachtree St, Cumming, GA",Forsyth,,rent_manage,tenant_issue,P0,Nathalie
EM-0291,email,2026-05-16T01:34:00Z,Pavel Levi,pavel.levi50@example-mail.test,Maintenance follow-up,The work order #4421 for the dishwasher - any update?,"8976 Sycamore Blvd, Duluth, GA",Gwinnett,,rent_manage,maintenance,P2,Noa
EM-0292,email,2026-04-13T09:04:00Z,Maria Park,maria.park7@example-mail.test,Urgent - apartment issue,Saw a roach in the kitchen - can pest control come this week?,"1118 Willow Pkwy, Sugar Hill, GA",Gwinnett,,rent_manage,tenant_issue,P2,Nathalie
EM-0293,email,2026-04-04T00:10:00Z,Linda Williams,linda.williams67@icloud.com,Showing time change,"I'm at 4817 Cedar Trail, Decatur, GA but the door is locked. Are you on the way?","4817 Cedar Trail, Decatur, GA",DeKalb,,buy_sell,showing,P1,Nathalie
EM-0294,email,2026-04-06T13:35:00Z,Maria Singh,maria.singh60@outlook.com,Admin / paperwork,"Insurance renewal for 4408 Cedar Trail, Atlanta, GA is due next month.","4408 Cedar Trail, Atlanta, GA",Fulton,,rent_manage,admin,P3,Noa
EM-0295,email,2026-04-01T06:19:00Z,Linda Romano,linda.romano5@outlook.com,Urgent - apartment issue,"Neighbor in unit B has been playing loud music until 2am for a week. 5930 Magnolia Ln, Cumming, GA","5930 Magnolia Ln, Cumming, GA",Forsyth,,rent_manage,tenant_issue,P2,Nathalie
EM-0296,email,2026-05-03T11:56:00Z,Definitely Not A Scam,win214@spam.example,YOU WON,"CLAIM YOUR PRIZE NOW - you've won $10,000! Click here: http://scam.example/",,,,non_business,spam,P3,ARCHIVE
EM-0297,email,2026-04-07T02:08:00Z,Aaron Johnson,aaron.johnson31@example-mail.test,Hey :),"Pickup at school is at 3:15 today, can you grab the kids?",,,,non_business,personal,P3,ARCHIVE
EM-0298,email,2026-05-05T18:20:00Z,Tom Singh,tom.singh38@outlook.com,Question about your listing,Need to move ASAP - relocating for work in 3 weeks. Can you call me today?,"115 Pine Rd, Brookhaven, GA",DeKalb,,buy_sell,buyer_lead,P1,Nathalie
EM-0299,email,2026-05-06T00:47:00Z,Pavel Brown,pavel.brown19@icloud.com,Urgent - apartment issue,Saw a roach in the kitchen - can pest control come this week?,"8762 Willow Pkwy, Decatur, GA",DeKalb,,rent_manage,tenant_issue,P2,Nathalie
EM-0300,email,2026-04-01T04:55:00Z,David Singh,david.singh95@yahoo.com,Hey :),FYI we're out of milk. Can you grab some on the way home?,,,,non_business,personal,P3,ARCHIVE
EM-0301,email,2026-05-09T19:02:00Z,Definitely Not A Scam,win668@spam.example,YOU WON,"CLAIM YOUR PRIZE NOW - you've won $10,000! Click here: http://scam.example/",,,,non_business,spam,P3,ARCHIVE
EM-0302,email,2026-04-28T09:41:00Z,Emily Singh,emily.singh90@icloud.com,Document request,Lender needs proof of homeowners insurance by end of day.,"2798 Magnolia Ln, Woodstock, GA",Cherokee,,buy_sell,document,P1,Noa
EM-0303,email,2026-03-21T06:04:00Z,Hannah Singh,hannah.singh59@icloud.com,Urgent - apartment issue,Saw a roach in the kitchen - can pest control come this week?,"6768 Maple Dr, Sugar Hill, GA",Gwinnett,,rent_manage,tenant_issue,P2,Nathalie
EM-0304,email,2026-04-16T19:39:00Z,Definitely Not A Scam,win600@spam.example,YOU WON,"CLAIM YOUR PRIZE NOW - you've won $10,000! Click here: http://scam.example/",,,,non_business,spam,P3,ARCHIVE
EM-0305,email,2026-04-28T18:51:00Z,Definitely Not A Scam,win773@spam.example,YOU WON,Urgent: your bank account needs verification. Visit https://phish.example/,,,,non_business,spam,P3,ARCHIVE
EM-0306,email,2026-04-04T09:27:00Z,Lisa Levi,lisa.levi44@icloud.com,Showing time change,"Running 15 min late to the showing at 5763 Oak Ave, Sugar Hill, GA, please tell the agent.","5763 Oak Ave, Sugar Hill, GA",Gwinnett,,buy_sell,showing,P1,Fabi
EM-0307,email,2026-04-10T15:24:00Z,Lisa Singh,lisa.singh38@gmail.com,Hey :),"Pickup at school is at 3:15 today, can you grab the kids?",,,,non_business,personal,P3,ARCHIVE
EM-0308,email,2026-03-21T17:21:00Z,Lisa Rodriguez,lisa.rodriguez65@icloud.com,Maintenance follow-up,"Vendor said they'd be here at 10am, no show. Can you check on them?","236 Maple Dr, Decatur, GA",DeKalb,,rent_manage,maintenance,P2,Noa
EM-0309,email,2026-05-08T03:16:00Z,Jorge Martinez,jorge.martinez25@outlook.com,Urgent - apartment issue,"AC stopped cooling at 2801 Peachtree St, Canton, GA. Indoor temp is 84F.","2801 Peachtree St, Canton, GA",Cherokee,,rent_manage,tenant_issue,P1,Nathalie
EM-0310,email,2026-03-19T09:21:00Z,Definitely Not A Scam,win801@spam.example,YOU WON,I'm a Nigerian prince and need your help moving $25M...,,,,non_business,spam,P3,ARCHIVE
EM-0311,email,2026-04-29T14:50:00Z,Ben Adams,ben.adams80@gmail.com,Showing time change,"Running 15 min late to the showing at 9691 Oak Ave, Sandy Springs, GA, please tell the agent.","9691 Oak Ave, Sandy Springs, GA",Fulton,,buy_sell,showing,P1,Nathalie
EM-0312,email,2026-04-25T20:25:00Z,Aisha Brown,aisha.brown4@example-mail.test,Hey :),FYI we're out of milk. Can you grab some on the way home?,,,,non_business,personal,P3,ARCHIVE
EM-0313,email,2026-04-12T23:02:00Z,Definitely Not A Scam,win124@spam.example,YOU WON,"CLAIM YOUR PRIZE NOW - you've won $10,000! Click here: http://scam.example/",,,,non_business,spam,P3,ARCHIVE
EM-0314,email,2026-03-22T11:53:00Z,Ben Martinez,ben.martinez83@example-mail.test,Maintenance follow-up,"Light bulb in the hallway burned out, no rush.","473 Maple Dr, Smyrna, GA",Cobb,,rent_manage,maintenance,P3,Noa
EM-0315,email,2026-03-29T21:03:00Z,Chris Patel,chris.patel93@gmail.com,Contract / signature needed,"Need to renew the lease at 8081 Sycamore Blvd, Dunwoody, GA. Can you send the renewal terms?","8081 Sycamore Blvd, Dunwoody, GA",DeKalb,,rent_manage,contract,P2,Noa
EM-0316,email,2026-04-14T10:24:00Z,Sophie Nguyen,sophie.nguyen46@gmail.com,Contract / signature needed,Question on clause 7.b of the contract - what does 'as-is' really mean here?,"3845 Maple Dr, Dunwoody, GA",DeKalb,,buy_sell,contract,P2,Noa
EM-0317,email,2026-05-15T21:22:00Z,Marco Levi,marco.levi51@example-mail.test,Payment / billing,Got a late fee but I have proof I paid on time. Can we sort this out?,"453 Oak Ave, Kennesaw, GA",Cobb,,rent_manage,billing,P2,Noa
EM-0318,email,2026-04-10T06:46:00Z,Jorge Park,jorge.park31@gmail.com,Question about your listing,Need to move ASAP - relocating for work in 3 weeks. Can you call me today?,"3810 Birch Ct, Cumming, GA",Forsyth,,buy_sell,buyer_lead,P1,Fabi
EM-0319,email,2026-04-09T20:00:00Z,Hannah Adams,hannah.adams47@yahoo.com,Hey :),The dog has a vet appointment Thursday at 10am.,,,,non_business,personal,P3,ARCHIVE
EM-0320,email,2026-04-26T00:17:00Z,Marketing Promo Co,newsletter@constantcontact.com,You've gotta see this offer,Boost your listings with our premium photography package.,,,,non_business,marketing_promo,P3,ARCHIVE
EM-0321,email,2026-05-16T22:11:00Z,Ben Khan,ben.khan19@icloud.com,Hey :),Yoga class moved to 7am tomorrow. Want to come?,,,,non_business,personal,P3,ARCHIVE
EM-0322,email,2026-04-14T01:21:00Z,Hannah Park,hannah.park38@icloud.com,Maintenance follow-up,"Vendor said they'd be here at 10am, no show. Can you check on them?","5351 Maple Dr, Cumming, GA",Forsyth,,rent_manage,maintenance,P2,Noa
EM-0323,email,2026-04-25T23:50:00Z,Definitely Not A Scam,win129@spam.example,YOU WON,Urgent: your bank account needs verification. Visit https://phish.example/,,,,non_business,spam,P3,ARCHIVE
EM-0324,email,2026-04-06T22:10:00Z,Ryan Khan,ryan.khan51@example-mail.test,Hey :),The dog has a vet appointment Thursday at 10am.,,,,non_business,personal,P3,ARCHIVE
EM-0325,email,2026-05-04T17:39:00Z,Marco Romano,marco.romano40@example-mail.test,Hey :),"Pickup at school is at 3:15 today, can you grab the kids?",,,,non_business,personal,P3,ARCHIVE
EM-0326,email,2026-04-21T07:19:00Z,Definitely Not A Scam,win644@spam.example,YOU WON,"CLAIM YOUR PRIZE NOW - you've won $10,000! Click here: http://scam.example/",,,,non_business,spam,P3,ARCHIVE
EM-0327,email,2026-03-24T13:04:00Z,Sam Brown,sam.brown38@yahoo.com,Urgent - apartment issue,"Locked out of 1647 Pine Rd, Cumming, GA at 11pm with the kids in the car.","1647 Pine Rd, Cumming, GA",Forsyth,,rent_manage,tenant_issue,P0,Nathalie
EM-0328,email,2026-04-10T15:37:00Z,Lisa Khan,lisa.khan90@icloud.com,Offer / deal update,Got the inspection report back. There are 3 items I'd like to negotiate.,"9273 Peachtree St, Roswell, GA",Fulton,,buy_sell,deal,P1,Nathalie
EM-0329,email,2026-05-03T13:26:00Z,Jorge Nguyen,jorge.nguyen40@example-mail.test,Admin / paperwork,"HOA sent a notice about new pool hours, forwarding to you.","279 Riverbend Way, Sandy Springs, GA",Fulton,,rent_manage,admin,P3,Noa
EM-0330,email,2026-05-09T00:53:00Z,Marketing Promo Co,newsletter@constantcontact.com,You've gotta see this offer,Boost your listings with our premium photography package.,,,,non_business,marketing_promo,P3,ARCHIVE
EM-0331,email,2026-04-06T07:12:00Z,John Davis,john.davis94@yahoo.com,Urgent - apartment issue,"AC stopped cooling at 972 Oak Ave, Woodstock, GA. Indoor temp is 84F.","972 Oak Ave, Woodstock, GA",Cherokee,,rent_manage,tenant_issue,P1,Nathalie
EM-0332,email,2026-04-07T06:21:00Z,Marketing Promo Co,newsletter@constantcontact.com,You've gotta see this offer,Boost your listings with our premium photography package.,,,,non_business,marketing_promo,P3,ARCHIVE
EM-0333,email,2026-04-09T13:17:00Z,Definitely Not A Scam,win955@spam.example,YOU WON,I'm a Nigerian prince and need your help moving $25M...,,,,non_business,spam,P3,ARCHIVE
EM-0334,email,2026-04-16T21:00:00Z,Olivia Rodriguez,olivia.rodriguez90@yahoo.com,Admin / paperwork,"Insurance renewal for 8395 Oak Ave, Kennesaw, GA is due next month.","8395 Oak Ave, Kennesaw, GA",Cobb,,rent_manage,admin,P3,Noa
EM-0335,email,2026-05-08T02:32:00Z,Hannah Bell,hannah.bell77@outlook.com,Maintenance follow-up,"Light bulb in the hallway burned out, no rush.","8751 Pine Rd, Cumming, GA",Forsyth,,rent_manage,maintenance,P3,Noa
EM-0336,email,2026-05-15T03:08:00Z,Sam Miller,sam.miller25@outlook.com,Contract / signature needed,"Giving 30 days' notice - moving out by end of next month. 9466 Pine Rd, Sugar Hill, GA","9466 Pine Rd, Sugar Hill, GA",Gwinnett,,rent_manage,contract,P1,Noa
EM-0337,email,2026-04-20T10:49:00Z,Anna Romano,anna.romano33@icloud.com,Offer / deal update,"Counter-offer received on 1736 Maple Dr, Cumming, GA - they want 5k more. What do you think?","1736 Maple Dr, Cumming, GA",Forsyth,,buy_sell,deal,P1,Nathalie
EM-0338,email,2026-05-09T01:27:00Z,Daniel Cohen,daniel.cohen41@yahoo.com,Question about your listing,Need to move ASAP - relocating for work in 3 weeks. Can you call me today?,"4841 Magnolia Ln, Roswell, GA",Fulton,,buy_sell,buyer_lead,P1,Nathalie
EM-0339,email,2026-05-10T22:59:00Z,Priya Cohen,priya.cohen59@gmail.com,Hey :),"Pickup at school is at 3:15 today, can you grab the kids?",,,,non_business,personal,P3,ARCHIVE
EM-0340,email,2026-05-11T21:20:00Z,John Williams,john.williams52@outlook.com,Payment / billing,Got a late fee but I have proof I paid on time. Can we sort this out?,"9354 Riverbend Way, Brookhaven, GA",DeKalb,,rent_manage,billing,P2,Noa
EM-0341,email,2026-05-13T17:46:00Z,Marketing Promo Co,newsletter@constantcontact.com,You've gotta see this offer,Your monthly newsletter from RealEstateDigest is here.,,,,non_business,marketing_promo,P3,ARCHIVE
EM-0342,email,2026-04-28T20:57:00Z,Tom Davis,tom.davis21@example-mail.test,Question about your listing,Looking for a 3BR/2BA in Cobb county under $550k. Do you have anything coming up?,"2592 Peachtree St, Kennesaw, GA",Cobb,,buy_sell,buyer_lead,P2,Fabi
EM-0343,email,2026-04-19T01:44:00Z,Marketing Promo Co,newsletter@marketing.example.com,You've gotta see this offer,Atlanta Realtors Network: invitation to our May mixer.,,,,non_business,marketing_promo,P3,ARCHIVE
EM-0344,email,2026-03-30T04:52:00Z,David Davis,david.davis12@yahoo.com,Payment / billing,"Just confirming the security deposit is $1,500 not $2,000 like the email said.","3559 Pine Rd, Kennesaw, GA",Cobb,,rent_manage,billing,P3,Noa
EM-0345,email,2026-05-05T03:11:00Z,Sophie Levi,sophie.levi19@gmail.com,Vendor quote,"The painter quoted $1,800 for unit B at 4155 Cedar Trail, Duluth, GA - does that look right?","4155 Cedar Trail, Duluth, GA",Gwinnett,,rent_manage,vendor,P2,Noa
EM-0346,email,2026-05-05T18:28:00Z,John Park,john.park90@yahoo.com,Question about your listing,Need to move ASAP - relocating for work in 3 weeks. Can you call me today?,"2881 Maple Dr, Marietta, GA",Cobb,,buy_sell,buyer_lead,P1,Fabi
EM-0347,email,2026-04-03T04:57:00Z,Rachel Adams,rachel.adams38@yahoo.com,Maintenance follow-up,The work order #4421 for the dishwasher - any update?,"5075 Sycamore Blvd, Cumming, GA",Forsyth,,rent_manage,maintenance,P2,Noa
EM-0348,email,2026-05-12T00:11:00Z,Ethan Johnson,ethan.johnson76@example-mail.test,Document request,Lender needs proof of homeowners insurance by end of day.,"3787 Maple Dr, Sugar Hill, GA",Gwinnett,,buy_sell,document,P1,Noa
EM-0349,email,2026-05-12T18:57:00Z,Marketing Promo Co,newsletter@marketing.example.com,You've gotta see this offer,Boost your listings with our premium photography package.,,,,non_business,marketing_promo,P3,ARCHIVE
EM-0350,email,2026-04-05T12:44:00Z,Daniel Adams,daniel.adams13@yahoo.com,Showing time change,"Can we move tomorrow's showing at 1083 Pine Rd, Sandy Springs, GA from 4pm to 6pm?","1083 Pine Rd, Sandy Springs, GA",Fulton,,buy_sell,showing,P2,Nathalie
EM-0351,email,2026-05-03T17:35:00Z,Aisha Patel,aisha.patel13@gmail.com,Urgent - apartment issue,"Bathroom faucet is dripping non-stop, can a plumber come look?","4652 Oak Ave, Brookhaven, GA",DeKalb,,rent_manage,tenant_issue,P2,Nathalie
EM-0352,email,2026-04-06T04:21:00Z,Marketing Promo Co,newsletter@constantcontact.com,You've gotta see this offer,Are you a real estate agent? Try our new CRM free for 30 days.,,,,non_business,marketing_promo,P3,ARCHIVE
EM-0353,email,2026-05-08T11:47:00Z,Marketing Promo Co,newsletter@sendgrid.net,You've gotta see this offer,Are you a real estate agent? Try our new CRM free for 30 days.,,,,non_business,marketing_promo,P3,ARCHIVE
EM-0354,email,2026-04-24T22:17:00Z,Aaron Rodriguez,aaron.rodriguez89@gmail.com,Hey :),The dog has a vet appointment Thursday at 10am.,,,,non_business,personal,P3,ARCHIVE
EM-0355,email,2026-05-03T22:56:00Z,Priya Brown,priya.brown66@outlook.com,Hey :),The dog has a vet appointment Thursday at 10am.,,,,non_business,personal,P3,ARCHIVE
EM-0356,email,2026-03-19T07:33:00Z,Chris Singh,chris.singh90@example-mail.test,Hey :),"Hey, want to grab dinner Friday at that new ramen place?",,,,non_business,personal,P3,ARCHIVE
EM-0357,email,2026-04-29T21:08:00Z,Linda Martinez,linda.martinez65@yahoo.com,Question about your listing,"Our offer on 6660 Pine Rd, Sugar Hill, GA expires at 5pm today, can you confirm acceptance??","6660 Pine Rd, Sugar Hill, GA",Gwinnett,,buy_sell,buyer_lead,P0,Fabi
EM-0358,email,2026-05-05T11:18:00Z,Sara Romano,sara.romano10@outlook.com,Urgent - apartment issue,Saw a roach in the kitchen - can pest control come this week?,"455 Maple Dr, Atlanta, GA",Fulton,,rent_manage,tenant_issue,P2,Nathalie
EM-0359,email,2026-03-31T11:55:00Z,Kate Brown,kate.brown14@gmail.com,Urgent - apartment issue,Saw a roach in the kitchen - can pest control come this week?,"3051 Oak Ave, Canton, GA",Cherokee,,rent_manage,tenant_issue,P2,Nathalie
EM-0360,email,2026-05-10T03:07:00Z,Tom Khan,tom.khan99@yahoo.com,Urgent - apartment issue,"Locked out of 6564 Maple Dr, Roswell, GA at 11pm with the kids in the car.","6564 Maple Dr, Roswell, GA",Fulton,,rent_manage,tenant_issue,P0,Nathalie
EM-0361,email,2026-03-20T18:58:00Z,Pavel Cohen,pavel.cohen16@yahoo.com,Urgent - apartment issue,"EMERGENCY - water is pouring from the ceiling in unit at 5566 Oak Ave, Canton, GA!!","5566 Oak Ave, Canton, GA",Cherokee,,rent_manage,tenant_issue,P0,Nathalie
EM-0362,email,2026-04-07T16:29:00Z,Nina Martinez,nina.martinez59@icloud.com,Payment / billing,Got a late fee but I have proof I paid on time. Can we sort this out?,"8018 Willow Pkwy, Cumming, GA",Forsyth,,rent_manage,billing,P2,Noa
EM-0363,email,2026-05-09T19:32:00Z,Chris Romano,chris.romano17@example-mail.test,Admin / paperwork,"HOA sent a notice about new pool hours, forwarding to you.","1717 Sycamore Blvd, Brookhaven, GA",DeKalb,,rent_manage,admin,P3,Noa
EM-0364,email,2026-03-30T11:38:00Z,Emily Romano,emily.romano70@icloud.com,Vendor quote,"The painter quoted $1,800 for unit B at 427 Willow Pkwy, Dunwoody, GA - does that look right?","427 Willow Pkwy, Dunwoody, GA",DeKalb,,rent_manage,vendor,P2,Noa
EM-0365,email,2026-04-12T08:48:00Z,Marketing Promo Co,newsletter@marketing.example.com,You've gotta see this offer,Are you a real estate agent? Try our new CRM free for 30 days.,,,,non_business,marketing_promo,P3,ARCHIVE
EM-0366,email,2026-04-10T12:24:00Z,Ryan Martinez,ryan.martinez24@example-mail.test,Showing time change,"I'm at 3828 Pine Rd, Lawrenceville, GA but the door is locked. Are you on the way?","3828 Pine Rd, Lawrenceville, GA",Gwinnett,,buy_sell,showing,P1,Fabi
EM-0367,email,2026-04-26T15:42:00Z,Aisha Davis,aisha.davis19@example-mail.test,Document request,"Could you send me the seller's disclosure for 778 Riverbend Way, Atlanta, GA (MLS MLS-7815828)?","778 Riverbend Way, Atlanta, GA",Fulton,MLS-7815828,buy_sell,document,P2,Noa
EM-0368,email,2026-04-04T20:09:00Z,Tom Miller,tom.miller83@gmail.com,Hey :),"Pickup at school is at 3:15 today, can you grab the kids?",,,,non_business,personal,P3,ARCHIVE
EM-0369,email,2026-04-10T05:36:00Z,Marketing Promo Co,newsletter@marketing.example.com,You've gotta see this offer,FLASH SALE - 50% off everything at our store this weekend only!,,,,non_business,marketing_promo,P3,ARCHIVE
EM-0370,email,2026-05-15T03:52:00Z,Sophie Cohen,sophie.cohen61@gmail.com,Hey :),"Pickup at school is at 3:15 today, can you grab the kids?",,,,non_business,personal,P3,ARCHIVE
EM-0371,email,2026-04-22T10:55:00Z,Rachel Khan,rachel.khan73@example-mail.test,Urgent - apartment issue,"Neighbor in unit B has been playing loud music until 2am for a week. 7112 Birch Ct, Dunwoody, GA","7112 Birch Ct, Dunwoody, GA",DeKalb,,rent_manage,tenant_issue,P2,Nathalie
EM-0372,email,2026-04-03T17:13:00Z,Nina Khan,nina.khan29@gmail.com,Hey :),Yoga class moved to 7am tomorrow. Want to come?,,,,non_business,personal,P3,ARCHIVE
EM-0373,email,2026-04-14T15:48:00Z,Brian Cohen,brian.cohen87@icloud.com,Selling our home,"Hi Nathalie, I'd like to sell my house at 5798 Oak Ave, Decatur, GA. What's the market like in DeKalb right now?","5798 Oak Ave, Decatur, GA",DeKalb,,buy_sell,seller_lead,P2,Nathalie
EM-0374,email,2026-04-16T21:17:00Z,Chris Patel,chris.patel54@outlook.com,Urgent - apartment issue,Saw a roach in the kitchen - can pest control come this week?,"8791 Maple Dr, Woodstock, GA",Cherokee,,rent_manage,tenant_issue,P2,Nathalie
EM-0375,email,2026-04-15T12:21:00Z,Marketing Promo Co,newsletter@marketing.example.com,You've gotta see this offer,Your monthly newsletter from RealEstateDigest is here.,,,,non_business,marketing_promo,P3,ARCHIVE
EM-0376,email,2026-04-23T17:37:00Z,Sara Khan,sara.khan47@yahoo.com,Urgent - apartment issue,"EMERGENCY - water is pouring from the ceiling in unit at 2172 Magnolia Ln, Atlanta, GA!!","2172 Magnolia Ln, Atlanta, GA",Fulton,,rent_manage,tenant_issue,P0,Nathalie
EM-0377,email,2026-05-03T03:40:00Z,Ben Bell,ben.bell4@gmail.com,Document request,Lender needs proof of homeowners insurance by end of day.,"1815 Pine Rd, Sugar Hill, GA",Gwinnett,,buy_sell,document,P1,Noa
EM-0378,email,2026-05-06T10:35:00Z,Mike Martinez,mike.martinez74@icloud.com,Hey :),"Pickup at school is at 3:15 today, can you grab the kids?",,,,non_business,personal,P3,ARCHIVE
EM-0379,email,2026-05-08T16:19:00Z,Mike Park,mike.park95@icloud.com,Offer / deal update,"Appraisal came in at $620k for 6854 Maple Dr, Cumming, GA. Numbers look good.","6854 Maple Dr, Cumming, GA",Forsyth,,buy_sell,deal,P2,Nathalie
EM-0380,email,2026-04-29T20:21:00Z,Tom Bell,tom.bell39@example-mail.test,Offer / deal update,"Counter-offer received on 7760 Pine Rd, Cumming, GA - they want 5k more. What do you think?","7760 Pine Rd, Cumming, GA",Forsyth,,buy_sell,deal,P1,Nathalie
EM-0381,email,2026-04-05T15:13:00Z,Definitely Not A Scam,win636@spam.example,YOU WON,I'm a Nigerian prince and need your help moving $25M...,,,,non_business,spam,P3,ARCHIVE
EM-0382,email,2026-03-25T17:46:00Z,Nina Bell,nina.bell61@icloud.com,Urgent - apartment issue,"No heat for 2 days now, my baby is freezing. 6174 Willow Pkwy, Brookhaven, GA","6174 Willow Pkwy, Brookhaven, GA",DeKalb,,rent_manage,tenant_issue,P0,Nathalie
EM-0383,email,2026-05-08T02:23:00Z,Marketing Promo Co,newsletter@constantcontact.com,You've gotta see this offer,Your monthly newsletter from RealEstateDigest is here.,,,,non_business,marketing_promo,P3,ARCHIVE
EM-0384,email,2026-04-30T14:44:00Z,Emily Cohen,emily.cohen61@yahoo.com,Urgent - apartment issue,"EMERGENCY - water is pouring from the ceiling in unit at 6269 Willow Pkwy, Atlanta, GA!!","6269 Willow Pkwy, Atlanta, GA",Fulton,,rent_manage,tenant_issue,P0,Nathalie
EM-0385,email,2026-04-19T17:36:00Z,Aaron Rodriguez,aaron.rodriguez24@yahoo.com,Offer / deal update,"Appraisal came in at $620k for 1959 Oak Ave, Cumming, GA. Numbers look good.","1959 Oak Ave, Cumming, GA",Forsyth,,buy_sell,deal,P2,Nathalie
EM-0386,email,2026-03-25T18:13:00Z,Jorge Garcia,jorge.garcia68@gmail.com,Document request,"Could you send me the seller's disclosure for 5077 Oak Ave, Canton, GA (MLS MLS-7044012)?","5077 Oak Ave, Canton, GA",Cherokee,MLS-7044012,buy_sell,document,P2,Noa
EM-0387,email,2026-04-01T16:46:00Z,Sam Miller,sam.miller1@icloud.com,Hey :),Mom's birthday is next week - did you order the cake?,,,,non_business,personal,P3,ARCHIVE
EM-0388,email,2026-03-20T20:51:00Z,Definitely Not A Scam,win717@spam.example,YOU WON,Crypto opportunity - 300% return guaranteed. Reply YES.,,,,non_business,spam,P3,ARCHIVE
EM-0389,email,2026-05-07T02:40:00Z,Olivia Miller,olivia.miller48@gmail.com,Showing time change,"Running 15 min late to the showing at 464 Sycamore Blvd, Duluth, GA, please tell the agent.","464 Sycamore Blvd, Duluth, GA",Gwinnett,,buy_sell,showing,P1,Fabi
EM-0390,email,2026-04-05T15:25:00Z,Daniel Miller,daniel.miller12@icloud.com,Contract / signature needed,Question on clause 7.b of the contract - what does 'as-is' really mean here?,"8233 Birch Ct, Brookhaven, GA",DeKalb,,buy_sell,contract,P2,Noa
EM-0391,email,2026-05-08T09:18:00Z,Linda Bell,linda.bell32@example-mail.test,Hey :),"Hey, want to grab dinner Friday at that new ramen place?",,,,non_business,personal,P3,ARCHIVE
EM-0392,email,2026-04-15T21:00:00Z,Lisa Park,lisa.park39@yahoo.com,Hey :),"Hey, want to grab dinner Friday at that new ramen place?",,,,non_business,personal,P3,ARCHIVE
EM-0393,email,2026-03-30T11:01:00Z,Marketing Promo Co,newsletter@sendgrid.net,You've gotta see this offer,Boost your listings with our premium photography package.,,,,non_business,marketing_promo,P3,ARCHIVE
EM-0394,email,2026-04-14T19:34:00Z,Sam Johnson,sam.johnson98@yahoo.com,Maintenance follow-up,"Light bulb in the hallway burned out, no rush.","9288 Peachtree St, Decatur, GA",DeKalb,,rent_manage,maintenance,P3,Noa
EM-0395,email,2026-04-12T18:39:00Z,Definitely Not A Scam,win641@spam.example,YOU WON,I'm a Nigerian prince and need your help moving $25M...,,,,non_business,spam,P3,ARCHIVE
EM-0396,email,2026-05-14T14:20:00Z,Ethan Rodriguez,ethan.rodriguez30@yahoo.com,Showing time change,"I'm at 2116 Cedar Trail, Roswell, GA but the door is locked. Are you on the way?","2116 Cedar Trail, Roswell, GA",Fulton,,buy_sell,showing,P1,Nathalie
EM-0397,email,2026-04-01T17:05:00Z,Definitely Not A Scam,win821@spam.example,YOU WON,Crypto opportunity - 300% return guaranteed. Reply YES.,,,,non_business,spam,P3,ARCHIVE
EM-0398,email,2026-03-19T13:48:00Z,Anna Davis,anna.davis79@yahoo.com,Contract / signature needed,"Need to renew the lease at 2491 Cedar Trail, Lawrenceville, GA. Can you send the renewal terms?","2491 Cedar Trail, Lawrenceville, GA",Gwinnett,,rent_manage,contract,P2,Noa
EM-0399,email,2026-04-22T07:06:00Z,Kate Brown,kate.brown30@gmail.com,Urgent - apartment issue,"Neighbor in unit B has been playing loud music until 2am for a week. 8736 Cedar Trail, Brookhaven, GA","8736 Cedar Trail, Brookhaven, GA",DeKalb,,rent_manage,tenant_issue,P2,Nathalie
EM-0400,email,2026-05-02T10:21:00Z,Definitely Not A Scam,win548@spam.example,YOU WON,I'm a Nigerian prince and need your help moving $25M...,,,,non_business,spam,P3,ARCHIVE
EM-0401,email,2026-04-01T23:15:00Z,Sophie Bell,sophie.bell45@outlook.com,Urgent - apartment issue,"Neighbor in unit B has been playing loud music until 2am for a week. 4974 Magnolia Ln, Cumming, GA","4974 Magnolia Ln, Cumming, GA",Forsyth,,rent_manage,tenant_issue,P2,Nathalie
EM-0402,email,2026-04-07T04:47:00Z,Marketing Promo Co,newsletter@sendgrid.net,You've gotta see this offer,Your monthly newsletter from RealEstateDigest is here.,,,,non_business,marketing_promo,P3,ARCHIVE
EM-0403,email,2026-04-14T22:13:00Z,Emily Bell,emily.bell17@outlook.com,Hey :),Dentist appointment confirmed for Tuesday 2pm.,,,,non_business,personal,P3,ARCHIVE
EM-0404,email,2026-05-12T08:02:00Z,Maria Romano,maria.romano8@example-mail.test,Hey :),"Pickup at school is at 3:15 today, can you grab the kids?",,,,non_business,personal,P3,ARCHIVE
EM-0405,email,2026-04-21T07:14:00Z,Definitely Not A Scam,win917@spam.example,YOU WON,"CLAIM YOUR PRIZE NOW - you've won $10,000! Click here: http://scam.example/",,,,non_business,spam,P3,ARCHIVE
EM-0406,email,2026-05-12T15:54:00Z,Ben Patel,ben.patel80@example-mail.test,Question about your listing,"Hi, I saw the listing at 4227 Willow Pkwy, Decatur, GA. Is it still available? I'd love a tour this weekend.","4227 Willow Pkwy, Decatur, GA",DeKalb,,buy_sell,buyer_lead,P2,Nathalie
EM-0407,email,2026-05-03T23:25:00Z,Sam Khan,sam.khan30@gmail.com,Offer / deal update,Closing tomorrow at 9am and the wire instructions look wrong - help!,"7088 Birch Ct, Lawrenceville, GA",Gwinnett,,buy_sell,deal,P0,Nathalie
EM-0408,email,2026-05-07T03:04:00Z,Jorge Khan,jorge.khan99@gmail.com,Payment / billing,Got a late fee but I have proof I paid on time. Can we sort this out?,"8104 Cedar Trail, Kennesaw, GA",Cobb,,rent_manage,billing,P2,Noa
EM-0409,email,2026-04-26T10:23:00Z,Tom Cohen,tom.cohen48@yahoo.com,Hey :),"Hey, want to grab dinner Friday at that new ramen place?",,,,non_business,personal,P3,ARCHIVE
EM-0410,email,2026-05-17T07:53:00Z,Tom Martinez,tom.martinez50@example-mail.test,Question about your listing,Looking for a 3BR/2BA in Cherokee county under $550k. Do you have anything coming up?,"7546 Sycamore Blvd, Canton, GA",Cherokee,,buy_sell,buyer_lead,P2,Fabi
EM-0411,email,2026-03-22T15:15:00Z,Brian Cohen,brian.cohen9@gmail.com,Hey :),"Pickup at school is at 3:15 today, can you grab the kids?",,,,non_business,personal,P3,ARCHIVE
EM-0412,email,2026-05-15T22:34:00Z,Definitely Not A Scam,win703@spam.example,YOU WON,"CLAIM YOUR PRIZE NOW - you've won $10,000! Click here: http://scam.example/",,,,non_business,spam,P3,ARCHIVE
EM-0413,email,2026-03-29T13:43:00Z,Sophie Miller,sophie.miller61@gmail.com,Contract / signature needed,"Need your signature on the addendum for 2458 Willow Pkwy, Canton, GA before 5pm.","2458 Willow Pkwy, Canton, GA",Cherokee,,buy_sell,contract,P1,Noa
EM-0414,email,2026-04-29T05:00:00Z,Aisha Martinez,aisha.martinez10@icloud.com,Urgent - apartment issue,"Neighbor in unit B has been playing loud music until 2am for a week. 4776 Maple Dr, Canton, GA","4776 Maple Dr, Canton, GA",Cherokee,,rent_manage,tenant_issue,P2,Nathalie
EM-0415,email,2026-05-14T08:00:00Z,Sophie Park,sophie.park43@outlook.com,Urgent - apartment issue,"AC stopped cooling at 3193 Magnolia Ln, Cumming, GA. Indoor temp is 84F.","3193 Magnolia Ln, Cumming, GA",Forsyth,,rent_manage,tenant_issue,P1,Nathalie
EM-0416,email,2026-05-16T16:21:00Z,Emily Levi,emily.levi52@icloud.com,Hey :),The dog has a vet appointment Thursday at 10am.,,,,non_business,personal,P3,ARCHIVE
EM-0417,email,2026-05-08T15:49:00Z,Sam Khan,sam.khan77@icloud.com,Hey :),"Hey, want to grab dinner Friday at that new ramen place?",,,,non_business,personal,P3,ARCHIVE
EM-0418,email,2026-05-04T14:55:00Z,Anna Miller,anna.miller22@outlook.com,Vendor quote,"Plumber invoice for 5745 Oak Ave, Canton, GA - approving with your sign-off.","5745 Oak Ave, Canton, GA",Cherokee,,rent_manage,vendor,P3,Noa
EM-0419,email,2026-04-17T23:42:00Z,Marketing Promo Co,newsletter@marketing.example.com,You've gotta see this offer,Boost your listings with our premium photography package.,,,,non_business,marketing_promo,P3,ARCHIVE
EM-0420,email,2026-05-09T06:45:00Z,John Levi,john.levi80@example-mail.test,Question about your listing,"Hi, I saw the listing at 163 Pine Rd, Cumming, GA. Is it still available? I'd love a tour this weekend.","163 Pine Rd, Cumming, GA",Forsyth,,buy_sell,buyer_lead,P2,Fabi
EM-0421,email,2026-03-18T15:14:00Z,Sam Singh,sam.singh30@outlook.com,Maintenance follow-up,The work order #4421 for the dishwasher - any update?,"4875 Sycamore Blvd, Decatur, GA",DeKalb,,rent_manage,maintenance,P2,Noa
EM-0422,email,2026-03-26T04:04:00Z,Sara Adams,sara.adams80@yahoo.com,Maintenance follow-up,"Vendor said they'd be here at 10am, no show. Can you check on them?","5242 Oak Ave, Roswell, GA",Fulton,,rent_manage,maintenance,P2,Noa
EM-0423,email,2026-03-28T10:44:00Z,Linda Park,linda.park98@outlook.com,Hey :),FYI we're out of milk. Can you grab some on the way home?,,,,non_business,personal,P3,ARCHIVE
EM-0424,email,2026-04-03T01:55:00Z,Emily Park,emily.park44@gmail.com,Offer / deal update,Got the inspection report back. There are 3 items I'd like to negotiate.,"8749 Birch Ct, Kennesaw, GA",Cobb,,buy_sell,deal,P1,Nathalie
EM-0425,email,2026-05-15T08:11:00Z,Marco Singh,marco.singh48@gmail.com,Urgent - apartment issue,"Neighbor in unit B has been playing loud music until 2am for a week. 7569 Riverbend Way, Canton, GA","7569 Riverbend Way, Canton, GA",Cherokee,,rent_manage,tenant_issue,P2,Nathalie
EM-0426,email,2026-04-28T22:18:00Z,Mike Miller,mike.miller66@gmail.com,Document request,"Could you send me the seller's disclosure for 1645 Birch Ct, Woodstock, GA (MLS MLS-7790009)?","1645 Birch Ct, Woodstock, GA",Cherokee,MLS-7790009,buy_sell,document,P2,Noa
EM-0427,email,2026-04-19T04:59:00Z,Definitely Not A Scam,win142@spam.example,YOU WON,"CLAIM YOUR PRIZE NOW - you've won $10,000! Click here: http://scam.example/",,,,non_business,spam,P3,ARCHIVE
EM-0428,email,2026-04-05T22:59:00Z,Hannah Adams,hannah.adams44@icloud.com,Hey :),Dentist appointment confirmed for Tuesday 2pm.,,,,non_business,personal,P3,ARCHIVE
EM-0429,email,2026-03-20T06:37:00Z,Sophie Davis,sophie.davis95@icloud.com,Urgent - apartment issue,"Gas leak smell in the apartment, I called 911. 9994 Birch Ct, Cumming, GA","9994 Birch Ct, Cumming, GA",Forsyth,,rent_manage,tenant_issue,P0,Nathalie
EM-0430,email,2026-05-16T01:27:00Z,Nina Davis,nina.davis33@outlook.com,Offer / deal update,Got the inspection report back. There are 3 items I'd like to negotiate.,"5023 Pine Rd, Marietta, GA",Cobb,,buy_sell,deal,P1,Nathalie
EM-0431,email,2026-04-09T16:01:00Z,Emily Singh,emily.singh14@outlook.com,Offer / deal update,"Counter-offer received on 861 Peachtree St, Cumming, GA - they want 5k more. What do you think?","861 Peachtree St, Cumming, GA",Forsyth,,buy_sell,deal,P1,Nathalie
EM-0432,email,2026-04-20T12:45:00Z,Ryan Adams,ryan.adams67@outlook.com,Payment / billing,I paid rent on the 1st but it doesn't show in the portal yet.,"9983 Riverbend Way, Dunwoody, GA",DeKalb,,rent_manage,billing,P2,Noa
EM-0433,email,2026-05-04T22:54:00Z,Tom Adams,tom.adams78@example-mail.test,Showing time change,"I'm at 1222 Riverbend Way, Canton, GA but the door is locked. Are you on the way?","1222 Riverbend Way, Canton, GA",Cherokee,,buy_sell,showing,P1,Fabi
EM-0434,email,2026-04-09T15:18:00Z,Daniel Bell,daniel.bell48@outlook.com,Hey :),FYI we're out of milk. Can you grab some on the way home?,,,,non_business,personal,P3,ARCHIVE
EM-0435,email,2026-05-14T09:11:00Z,Jorge Romano,jorge.romano80@outlook.com,Urgent - apartment issue,"No heat for 2 days now, my baby is freezing. 3865 Cedar Trail, Lawrenceville, GA","3865 Cedar Trail, Lawrenceville, GA",Gwinnett,,rent_manage,tenant_issue,P0,Nathalie
EM-0436,email,2026-04-19T05:01:00Z,Anna Martinez,anna.martinez43@example-mail.test,Maintenance follow-up,The work order #4421 for the dishwasher - any update?,"950 Peachtree St, Decatur, GA",DeKalb,,rent_manage,maintenance,P2,Noa
EM-0437,email,2026-03-23T06:22:00Z,John Patel,john.patel86@icloud.com,Urgent - apartment issue,"No heat for 2 days now, my baby is freezing. 335 Riverbend Way, Canton, GA","335 Riverbend Way, Canton, GA",Cherokee,,rent_manage,tenant_issue,P0,Nathalie
EM-0438,email,2026-05-13T08:37:00Z,Priya Johnson,priya.johnson69@gmail.com,Urgent - apartment issue,"Bathroom faucet is dripping non-stop, can a plumber come look?","4190 Pine Rd, Smyrna, GA",Cobb,,rent_manage,tenant_issue,P2,Nathalie
EM-0439,email,2026-04-02T20:50:00Z,Aisha Davis,aisha.davis7@example-mail.test,Admin / paperwork,"HOA sent a notice about new pool hours, forwarding to you.","4138 Willow Pkwy, Canton, GA",Cherokee,,rent_manage,admin,P3,Noa
EM-0440,email,2026-05-01T04:16:00Z,Hannah Bell,hannah.bell12@outlook.com,Offer / deal update,"Counter-offer received on 2022 Magnolia Ln, Marietta, GA - they want 5k more. What do you think?","2022 Magnolia Ln, Marietta, GA",Cobb,,buy_sell,deal,P1,Nathalie
EM-0441,email,2026-04-17T23:57:00Z,Anna Romano,anna.romano18@yahoo.com,Hey :),Dentist appointment confirmed for Tuesday 2pm.,,,,non_business,personal,P3,ARCHIVE
EM-0442,email,2026-04-26T17:05:00Z,Sam Davis,sam.davis34@gmail.com,Payment / billing,"Just confirming the security deposit is $1,500 not $2,000 like the email said.","9933 Maple Dr, Cumming, GA",Forsyth,,rent_manage,billing,P3,Noa
EM-0443,email,2026-04-18T15:46:00Z,Daniel Martinez,daniel.martinez85@gmail.com,Showing time change,"Can we move tomorrow's showing at 971 Peachtree St, Canton, GA from 4pm to 6pm?","971 Peachtree St, Canton, GA",Cherokee,,buy_sell,showing,P2,Fabi
EM-0444,email,2026-04-02T13:30:00Z,Ben Miller,ben.miller46@outlook.com,Offer / deal update,Got the inspection report back. There are 3 items I'd like to negotiate.,"1993 Willow Pkwy, Lawrenceville, GA",Gwinnett,,buy_sell,deal,P1,Nathalie
EM-0445,email,2026-05-03T11:06:00Z,John Bell,john.bell92@gmail.com,Selling our home,Considering listing the property in Cherokee - can we schedule a CMA?,"3310 Oak Ave, Canton, GA",Cherokee,,buy_sell,seller_lead,P2,Fabi
EM-0446,email,2026-03-26T23:40:00Z,Ben Nguyen,ben.nguyen53@yahoo.com,Hey :),Yoga class moved to 7am tomorrow. Want to come?,,,,non_business,personal,P3,ARCHIVE
EM-0447,email,2026-05-05T04:54:00Z,Marketing Promo Co,newsletter@marketing.example.com,You've gotta see this offer,Atlanta Realtors Network: invitation to our May mixer.,,,,non_business,marketing_promo,P3,ARCHIVE
EM-0448,email,2026-04-07T08:23:00Z,Jorge Cohen,jorge.cohen39@yahoo.com,Question about your listing,"Hi, I saw the listing at 8225 Pine Rd, Brookhaven, GA. Is it still available? I'd love a tour this weekend.","8225 Pine Rd, Brookhaven, GA",DeKalb,,buy_sell,buyer_lead,P2,Nathalie
EM-0449,email,2026-04-20T16:49:00Z,Marketing Promo Co,newsletter@mailchimp.com,You've gotta see this offer,Your monthly newsletter from RealEstateDigest is here.,,,,non_business,marketing_promo,P3,ARCHIVE
EM-0450,email,2026-03-24T01:28:00Z,Sophie Cohen,sophie.cohen43@example-mail.test,Contract / signature needed,Question on clause 7.b of the contract - what does 'as-is' really mean here?,"2276 Pine Rd, Atlanta, GA",Fulton,,buy_sell,contract,P2,Noa
EM-0451,email,2026-04-22T00:22:00Z,Jorge Bell,jorge.bell85@outlook.com,Hey :),"Pickup at school is at 3:15 today, can you grab the kids?",,,,non_business,personal,P3,ARCHIVE
EM-0452,email,2026-05-07T03:38:00Z,Mike Brown,mike.brown44@gmail.com,Urgent - apartment issue,"Locked out of 9369 Riverbend Way, Kennesaw, GA at 11pm with the kids in the car.","9369 Riverbend Way, Kennesaw, GA",Cobb,,rent_manage,tenant_issue,P0,Nathalie
EM-0453,email,2026-05-04T16:53:00Z,Brian Miller,brian.miller97@outlook.com,Question about your listing,"Our offer on 894 Willow Pkwy, Decatur, GA expires at 5pm today, can you confirm acceptance??","894 Willow Pkwy, Decatur, GA",DeKalb,,buy_sell,buyer_lead,P0,Nathalie
EM-0454,email,2026-04-20T08:34:00Z,Ethan Miller,ethan.miller10@gmail.com,Admin / paperwork,"HOA sent a notice about new pool hours, forwarding to you.","6943 Riverbend Way, Kennesaw, GA",Cobb,,rent_manage,admin,P3,Noa
EM-0455,email,2026-05-03T15:12:00Z,Brian Adams,brian.adams49@icloud.com,Maintenance follow-up,The work order #4421 for the dishwasher - any update?,"321 Birch Ct, Dunwoody, GA",DeKalb,,rent_manage,maintenance,P2,Noa
EM-0456,email,2026-05-16T19:08:00Z,Marco Adams,marco.adams48@outlook.com,Payment / billing,Got a late fee but I have proof I paid on time. Can we sort this out?,"8682 Maple Dr, Marietta, GA",Cobb,,rent_manage,billing,P2,Noa
EM-0457,email,2026-03-27T19:45:00Z,Priya Miller,priya.miller29@gmail.com,Offer / deal update,"Appraisal came in at $620k for 7291 Pine Rd, Sandy Springs, GA. Numbers look good.","7291 Pine Rd, Sandy Springs, GA",Fulton,,buy_sell,deal,P2,Nathalie
EM-0458,email,2026-03-19T12:06:00Z,Tara Romano,tara.romano1@yahoo.com,Selling our home,"Hi Nathalie, I'd like to sell my house at 5164 Sycamore Blvd, Roswell, GA. What's the market like in Fulton right now?","5164 Sycamore Blvd, Roswell, GA",Fulton,,buy_sell,seller_lead,P2,Nathalie
EM-0459,email,2026-03-27T07:06:00Z,Lisa Martinez,lisa.martinez95@outlook.com,Hey :),FYI we're out of milk. Can you grab some on the way home?,,,,non_business,personal,P3,ARCHIVE
EM-0460,email,2026-05-12T03:21:00Z,Olivia Martinez,olivia.martinez17@outlook.com,Hey :),Dentist appointment confirmed for Tuesday 2pm.,,,,non_business,personal,P3,ARCHIVE
EM-0461,email,2026-05-11T11:42:00Z,Daniel Nguyen,daniel.nguyen94@gmail.com,Selling our home,Considering listing the property in Cobb - can we schedule a CMA?,"9290 Willow Pkwy, Smyrna, GA",Cobb,,buy_sell,seller_lead,P2,Fabi
EM-0462,email,2026-04-25T17:14:00Z,Ben Romano,ben.romano20@icloud.com,Hey :),"Pickup at school is at 3:15 today, can you grab the kids?",,,,non_business,personal,P3,ARCHIVE
EM-0463,email,2026-03-25T09:07:00Z,Sophie Rodriguez,sophie.rodriguez60@outlook.com,Maintenance follow-up,The work order #4421 for the dishwasher - any update?,"9775 Maple Dr, Decatur, GA",DeKalb,,rent_manage,maintenance,P2,Noa
EM-0464,email,2026-03-23T02:44:00Z,Ethan Romano,ethan.romano81@yahoo.com,Document request,"Could you send me the seller's disclosure for 9327 Willow Pkwy, Cumming, GA (MLS MLS-7197554)?","9327 Willow Pkwy, Cumming, GA",Forsyth,MLS-7197554,buy_sell,document,P2,Noa
EM-0465,email,2026-04-14T06:55:00Z,Priya Cohen,priya.cohen40@icloud.com,Contract / signature needed,Question on clause 7.b of the contract - what does 'as-is' really mean here?,"9469 Willow Pkwy, Roswell, GA",Fulton,,buy_sell,contract,P2,Noa
EM-0466,email,2026-03-20T10:24:00Z,Marketing Promo Co,newsletter@mailchimp.com,You've gotta see this offer,Atlanta Realtors Network: invitation to our May mixer.,,,,non_business,marketing_promo,P3,ARCHIVE
EM-0467,email,2026-04-30T21:10:00Z,Definitely Not A Scam,win666@spam.example,YOU WON,Crypto opportunity - 300% return guaranteed. Reply YES.,,,,non_business,spam,P3,ARCHIVE
EM-0468,email,2026-04-18T04:00:00Z,Hannah Williams,hannah.williams37@gmail.com,Urgent - apartment issue,"AC stopped cooling at 8614 Cedar Trail, Lawrenceville, GA. Indoor temp is 84F.","8614 Cedar Trail, Lawrenceville, GA",Gwinnett,,rent_manage,tenant_issue,P1,Nathalie
EM-0469,email,2026-05-17T07:00:00Z,Hannah Johnson,hannah.johnson5@outlook.com,Urgent - apartment issue,Saw a roach in the kitchen - can pest control come this week?,"9394 Willow Pkwy, Lawrenceville, GA",Gwinnett,,rent_manage,tenant_issue,P2,Nathalie
EM-0470,email,2026-04-24T17:12:00Z,Definitely Not A Scam,win296@spam.example,YOU WON,"CLAIM YOUR PRIZE NOW - you've won $10,000! Click here: http://scam.example/",,,,non_business,spam,P3,ARCHIVE
EM-0471,email,2026-04-15T06:19:00Z,Daniel Martinez,daniel.martinez58@yahoo.com,Showing time change,"Running 15 min late to the showing at 1929 Riverbend Way, Duluth, GA, please tell the agent.","1929 Riverbend Way, Duluth, GA",Gwinnett,,buy_sell,showing,P1,Fabi
EM-0472,email,2026-04-09T12:27:00Z,Tara Johnson,tara.johnson12@icloud.com,Urgent - apartment issue,"AC stopped cooling at 2146 Oak Ave, Decatur, GA. Indoor temp is 84F.","2146 Oak Ave, Decatur, GA",DeKalb,,rent_manage,tenant_issue,P1,Nathalie
EM-0473,email,2026-04-07T15:50:00Z,Brian Nguyen,brian.nguyen95@yahoo.com,Contract / signature needed,"Need to renew the lease at 4180 Oak Ave, Canton, GA. Can you send the renewal terms?","4180 Oak Ave, Canton, GA",Cherokee,,rent_manage,contract,P2,Noa
EM-0474,email,2026-03-25T04:44:00Z,Sophie Davis,sophie.davis65@outlook.com,Urgent - apartment issue,"Gas leak smell in the apartment, I called 911. 4516 Oak Ave, Kennesaw, GA","4516 Oak Ave, Kennesaw, GA",Cobb,,rent_manage,tenant_issue,P0,Nathalie
EM-0475,email,2026-05-09T03:06:00Z,Olivia Miller,olivia.miller38@outlook.com,Maintenance follow-up,The work order #4421 for the dishwasher - any update?,"941 Sycamore Blvd, Kennesaw, GA",Cobb,,rent_manage,maintenance,P2,Noa
EM-0476,email,2026-03-28T13:45:00Z,Marco Williams,marco.williams59@yahoo.com,Selling our home,"Hi Nathalie, I'd like to sell my house at 5287 Cedar Trail, Sandy Springs, GA. What's the market like in Fulton right now?","5287 Cedar Trail, Sandy Springs, GA",Fulton,,buy_sell,seller_lead,P2,Nathalie
EM-0477,email,2026-05-11T17:23:00Z,Kate Romano,kate.romano58@yahoo.com,Showing time change,"I'm at 7507 Cedar Trail, Marietta, GA but the door is locked. Are you on the way?","7507 Cedar Trail, Marietta, GA",Cobb,,buy_sell,showing,P1,Fabi
EM-0478,email,2026-03-26T13:49:00Z,Mike Martinez,mike.martinez46@icloud.com,Calendar question,"Can we set up a walkthrough next Tuesday for the move-out at 6444 Willow Pkwy, Kennesaw, GA?","6444 Willow Pkwy, Kennesaw, GA",Cobb,,rent_manage,scheduling,P2,Noa
EM-0479,email,2026-05-05T10:51:00Z,Aisha Khan,aisha.khan21@outlook.com,Hey :),Yoga class moved to 7am tomorrow. Want to come?,,,,non_business,personal,P3,ARCHIVE
EM-0480,email,2026-05-10T18:14:00Z,Emily Johnson,emily.johnson61@icloud.com,Contract / signature needed,Question on clause 7.b of the contract - what does 'as-is' really mean here?,"7088 Peachtree St, Smyrna, GA",Cobb,,buy_sell,contract,P2,Noa
EM-0481,email,2026-03-26T22:44:00Z,Kate Rodriguez,kate.rodriguez3@outlook.com,Document request,"Could you send me the seller's disclosure for 763 Peachtree St, Dunwoody, GA (MLS MLS-7151057)?","763 Peachtree St, Dunwoody, GA",DeKalb,MLS-7151057,buy_sell,document,P2,Noa
EM-0482,email,2026-05-12T21:57:00Z,Brian Martinez,brian.martinez62@outlook.com,Question about your listing,Looking for a 3BR/2BA in Cherokee county under $550k. Do you have anything coming up?,"2577 Pine Rd, Woodstock, GA",Cherokee,,buy_sell,buyer_lead,P2,Fabi
EM-0483,email,2026-04-14T07:24:00Z,Nina Johnson,nina.johnson41@yahoo.com,Urgent - apartment issue,"Gas leak smell in the apartment, I called 911. 672 Willow Pkwy, Cumming, GA","672 Willow Pkwy, Cumming, GA",Forsyth,,rent_manage,tenant_issue,P0,Nathalie
EM-0484,email,2026-04-15T14:40:00Z,Aaron Romano,aaron.romano81@example-mail.test,Urgent - apartment issue,"Gas leak smell in the apartment, I called 911. 9862 Peachtree St, Brookhaven, GA","9862 Peachtree St, Brookhaven, GA",DeKalb,,rent_manage,tenant_issue,P0,Nathalie
EM-0485,email,2026-03-24T10:37:00Z,Tara Davis,tara.davis22@outlook.com,Urgent - apartment issue,"Neighbor in unit B has been playing loud music until 2am for a week. 9873 Birch Ct, Sandy Springs, GA","9873 Birch Ct, Sandy Springs, GA",Fulton,,rent_manage,tenant_issue,P2,Nathalie
EM-0486,email,2026-04-08T14:26:00Z,Emily Williams,emily.williams48@outlook.com,Hey :),Yoga class moved to 7am tomorrow. Want to come?,,,,non_business,personal,P3,ARCHIVE
EM-0487,email,2026-05-02T09:17:00Z,Marketing Promo Co,newsletter@constantcontact.com,You've gotta see this offer,Are you a real estate agent? Try our new CRM free for 30 days.,,,,non_business,marketing_promo,P3,ARCHIVE
EM-0488,email,2026-04-30T12:48:00Z,Linda Miller,linda.miller69@yahoo.com,Hey :),Mom's birthday is next week - did you order the cake?,,,,non_business,personal,P3,ARCHIVE
EM-0489,email,2026-04-26T18:35:00Z,Marco Brown,marco.brown19@example-mail.test,Offer / deal update,Closing tomorrow at 9am and the wire instructions look wrong - help!,"1037 Pine Rd, Atlanta, GA",Fulton,,buy_sell,deal,P0,Nathalie
EM-0490,email,2026-04-14T07:12:00Z,Sophie Williams,sophie.williams55@yahoo.com,Admin / paperwork,"HOA sent a notice about new pool hours, forwarding to you.","3469 Birch Ct, Canton, GA",Cherokee,,rent_manage,admin,P3,Noa
EM-0491,email,2026-05-01T15:01:00Z,Nina Davis,nina.davis71@example-mail.test,Contract / signature needed,Question on clause 7.b of the contract - what does 'as-is' really mean here?,"2938 Willow Pkwy, Decatur, GA",DeKalb,,buy_sell,contract,P2,Noa
EM-0492,email,2026-04-01T12:18:00Z,Emily Singh,emily.singh26@gmail.com,Selling our home,"Hi Nathalie, I'd like to sell my house at 5890 Peachtree St, Woodstock, GA. What's the market like in Cherokee right now?","5890 Peachtree St, Woodstock, GA",Cherokee,,buy_sell,seller_lead,P2,Fabi
EM-0493,email,2026-03-25T09:22:00Z,Anna Johnson,anna.johnson90@outlook.com,Admin / paperwork,"HOA sent a notice about new pool hours, forwarding to you.","2456 Riverbend Way, Atlanta, GA",Fulton,,rent_manage,admin,P3,Noa
EM-0494,email,2026-05-07T11:57:00Z,Priya Rodriguez,priya.rodriguez37@example-mail.test,Urgent - apartment issue,"EMERGENCY - water is pouring from the ceiling in unit at 7574 Oak Ave, Roswell, GA!!","7574 Oak Ave, Roswell, GA",Fulton,,rent_manage,tenant_issue,P0,Nathalie
EM-0495,email,2026-04-12T19:52:00Z,Sara Romano,sara.romano40@icloud.com,Urgent - apartment issue,"Locked out of 2183 Magnolia Ln, Duluth, GA at 11pm with the kids in the car.","2183 Magnolia Ln, Duluth, GA",Gwinnett,,rent_manage,tenant_issue,P0,Nathalie
EM-0496,email,2026-04-27T21:30:00Z,Ben Khan,ben.khan93@yahoo.com,Contract / signature needed,"Need to renew the lease at 343 Sycamore Blvd, Atlanta, GA. Can you send the renewal terms?","343 Sycamore Blvd, Atlanta, GA",Fulton,,rent_manage,contract,P2,Noa
EM-0497,email,2026-05-08T10:38:00Z,Definitely Not A Scam,win219@spam.example,YOU WON,Crypto opportunity - 300% return guaranteed. Reply YES.,,,,non_business,spam,P3,ARCHIVE
EM-0498,email,2026-04-13T09:15:00Z,Jorge Williams,jorge.williams27@outlook.com,Hey :),"Pickup at school is at 3:15 today, can you grab the kids?",,,,non_business,personal,P3,ARCHIVE
EM-0499,email,2026-05-06T09:30:00Z,Emily Davis,emily.davis72@gmail.com,Document request,"Could you send me the seller's disclosure for 8344 Sycamore Blvd, Kennesaw, GA (MLS MLS-7349093)?","8344 Sycamore Blvd, Kennesaw, GA",Cobb,MLS-7349093,buy_sell,document,P2,Noa
EM-0500,email,2026-04-15T15:08:00Z,Maria Romano,maria.romano47@gmail.com,Contract / signature needed,"Giving 30 days' notice - moving out by end of next month. 9302 Willow Pkwy, Woodstock, GA","9302 Willow Pkwy, Woodstock, GA",Cherokee,,rent_manage,contract,P1,Noa
EM-0501,email,2026-04-15T06:19:00Z,Anna Garcia,anna.garcia80@example-mail.test,Hey :),Dentist appointment confirmed for Tuesday 2pm.,,,,non_business,personal,P3,ARCHIVE
EM-0502,email,2026-04-21T20:12:00Z,Lisa Bell,lisa.bell11@yahoo.com,Payment / billing,Got a late fee but I have proof I paid on time. Can we sort this out?,"9464 Willow Pkwy, Cumming, GA",Forsyth,,rent_manage,billing,P2,Noa
EM-0503,email,2026-03-23T10:39:00Z,Sara Cohen,sara.cohen51@gmail.com,Payment / billing,Got a late fee but I have proof I paid on time. Can we sort this out?,"3604 Magnolia Ln, Cumming, GA",Forsyth,,rent_manage,billing,P2,Noa
EM-0504,email,2026-03-26T23:17:00Z,Priya Patel,priya.patel92@icloud.com,Document request,Lender needs proof of homeowners insurance by end of day.,"1378 Pine Rd, Woodstock, GA",Cherokee,,buy_sell,document,P1,Noa
EM-0505,email,2026-03-18T22:41:00Z,Hannah Cohen,hannah.cohen26@example-mail.test,Offer / deal update,Closing tomorrow at 9am and the wire instructions look wrong - help!,"8256 Pine Rd, Canton, GA",Cherokee,,buy_sell,deal,P0,Nathalie
EM-0506,email,2026-03-20T19:29:00Z,Aisha Cohen,aisha.cohen6@outlook.com,Contract / signature needed,"Need your signature on the addendum for 4873 Sycamore Blvd, Marietta, GA before 5pm.","4873 Sycamore Blvd, Marietta, GA",Cobb,,buy_sell,contract,P1,Noa
EM-0507,email,2026-04-25T03:00:00Z,Chris Romano,chris.romano85@yahoo.com,Hey :),Yoga class moved to 7am tomorrow. Want to come?,,,,non_business,personal,P3,ARCHIVE
EM-0508,email,2026-04-03T12:32:00Z,Hannah Nguyen,hannah.nguyen47@example-mail.test,Contract / signature needed,"Need your signature on the addendum for 5063 Oak Ave, Woodstock, GA before 5pm.","5063 Oak Ave, Woodstock, GA",Cherokee,,buy_sell,contract,P1,Noa
EM-0509,email,2026-04-07T21:02:00Z,Sara Singh,sara.singh88@icloud.com,Showing time change,"Can we move tomorrow's showing at 7005 Riverbend Way, Woodstock, GA from 4pm to 6pm?","7005 Riverbend Way, Woodstock, GA",Cherokee,,buy_sell,showing,P2,Fabi
EM-0510,email,2026-03-30T21:30:00Z,Maria Romano,maria.romano69@example-mail.test,Document request,Lender needs proof of homeowners insurance by end of day.,"7842 Sycamore Blvd, Decatur, GA",DeKalb,,buy_sell,document,P1,Noa
EM-0511,email,2026-05-16T13:33:00Z,Pavel Nguyen,pavel.nguyen58@icloud.com,Selling our home,Considering listing the property in Cobb - can we schedule a CMA?,"9949 Maple Dr, Smyrna, GA",Cobb,,buy_sell,seller_lead,P2,Fabi
EM-0512,email,2026-03-31T07:47:00Z,Sophie Adams,sophie.adams38@gmail.com,Contract / signature needed,"Need your signature on the addendum for 6263 Maple Dr, Cumming, GA before 5pm.","6263 Maple Dr, Cumming, GA",Forsyth,,buy_sell,contract,P1,Noa
EM-0513,email,2026-04-10T11:21:00Z,Definitely Not A Scam,win614@spam.example,YOU WON,I'm a Nigerian prince and need your help moving $25M...,,,,non_business,spam,P3,ARCHIVE
EM-0514,email,2026-05-14T05:08:00Z,Linda Nguyen,linda.nguyen64@icloud.com,Maintenance follow-up,The work order #4421 for the dishwasher - any update?,"1957 Peachtree St, Canton, GA",Cherokee,,rent_manage,maintenance,P2,Noa
EM-0515,email,2026-04-17T08:03:00Z,Definitely Not A Scam,win109@spam.example,YOU WON,Urgent: your bank account needs verification. Visit https://phish.example/,,,,non_business,spam,P3,ARCHIVE
EM-0516,email,2026-05-10T20:31:00Z,Brian Davis,brian.davis37@icloud.com,Selling our home,"Hi Nathalie, I'd like to sell my house at 8406 Magnolia Ln, Atlanta, GA. What's the market like in Fulton right now?","8406 Magnolia Ln, Atlanta, GA",Fulton,,buy_sell,seller_lead,P2,Nathalie
EM-0517,email,2026-05-07T00:10:00Z,Ben Adams,ben.adams70@yahoo.com,Urgent - apartment issue,"Gas leak smell in the apartment, I called 911. 3521 Maple Dr, Roswell, GA","3521 Maple Dr, Roswell, GA",Fulton,,rent_manage,tenant_issue,P0,Nathalie
EM-0518,email,2026-03-19T05:10:00Z,Definitely Not A Scam,win116@spam.example,YOU WON,I'm a Nigerian prince and need your help moving $25M...,,,,non_business,spam,P3,ARCHIVE
EM-0519,email,2026-04-17T18:51:00Z,Olivia Bell,olivia.bell86@example-mail.test,Offer / deal update,"Appraisal came in at $620k for 5546 Peachtree St, Sandy Springs, GA. Numbers look good.","5546 Peachtree St, Sandy Springs, GA",Fulton,,buy_sell,deal,P2,Nathalie
EM-0520,email,2026-04-21T11:55:00Z,Anna Levi,anna.levi51@outlook.com,Urgent - apartment issue,"Locked out of 3599 Magnolia Ln, Brookhaven, GA at 11pm with the kids in the car.","3599 Magnolia Ln, Brookhaven, GA",DeKalb,,rent_manage,tenant_issue,P0,Nathalie
EM-0521,email,2026-03-21T07:07:00Z,Rachel Khan,rachel.khan46@yahoo.com,Calendar question,"Can we set up a walkthrough next Tuesday for the move-out at 6190 Birch Ct, Cumming, GA?","6190 Birch Ct, Cumming, GA",Forsyth,,rent_manage,scheduling,P2,Noa
EM-0522,email,2026-05-15T05:05:00Z,Definitely Not A Scam,win973@spam.example,YOU WON,"CLAIM YOUR PRIZE NOW - you've won $10,000! Click here: http://scam.example/",,,,non_business,spam,P3,ARCHIVE
EM-0523,email,2026-04-27T04:17:00Z,Emily Brown,emily.brown66@icloud.com,Showing time change,"I'm at 6246 Maple Dr, Sandy Springs, GA but the door is locked. Are you on the way?","6246 Maple Dr, Sandy Springs, GA",Fulton,,buy_sell,showing,P1,Nathalie
EM-0524,email,2026-04-11T05:09:00Z,Marketing Promo Co,newsletter@constantcontact.com,You've gotta see this offer,Atlanta Realtors Network: invitation to our May mixer.,,,,non_business,marketing_promo,P3,ARCHIVE
EM-0525,email,2026-04-25T13:36:00Z,Jorge Singh,jorge.singh3@gmail.com,Vendor quote,"Plumber invoice for 5065 Oak Ave, Sandy Springs, GA - approving with your sign-off.","5065 Oak Ave, Sandy Springs, GA",Fulton,,rent_manage,vendor,P3,Noa
EM-0526,email,2026-04-27T11:58:00Z,Pavel Romano,pavel.romano14@example-mail.test,Hey :),The dog has a vet appointment Thursday at 10am.,,,,non_business,personal,P3,ARCHIVE
EM-0527,email,2026-04-08T14:19:00Z,Marketing Promo Co,newsletter@constantcontact.com,You've gotta see this offer,Atlanta Realtors Network: invitation to our May mixer.,,,,non_business,marketing_promo,P3,ARCHIVE
EM-0528,email,2026-05-05T10:57:00Z,Ryan Garcia,ryan.garcia65@gmail.com,Payment / billing,I paid rent on the 1st but it doesn't show in the portal yet.,"8709 Maple Dr, Sugar Hill, GA",Gwinnett,,rent_manage,billing,P2,Noa
EM-0529,email,2026-03-25T22:28:00Z,Anna Cohen,anna.cohen88@icloud.com,Urgent - apartment issue,"AC stopped cooling at 3748 Sycamore Blvd, Cumming, GA. Indoor temp is 84F.","3748 Sycamore Blvd, Cumming, GA",Forsyth,,rent_manage,tenant_issue,P1,Nathalie
EM-0530,email,2026-05-05T01:09:00Z,Tara Rodriguez,tara.rodriguez88@gmail.com,Admin / paperwork,"Insurance renewal for 4493 Birch Ct, Sandy Springs, GA is due next month.","4493 Birch Ct, Sandy Springs, GA",Fulton,,rent_manage,admin,P3,Noa
EM-0531,email,2026-04-21T04:45:00Z,Priya Nguyen,priya.nguyen19@outlook.com,Hey :),Mom's birthday is next week - did you order the cake?,,,,non_business,personal,P3,ARCHIVE
EM-0532,email,2026-04-22T06:07:00Z,John Miller,john.miller12@gmail.com,Question about your listing,Looking for a 3BR/2BA in Gwinnett county under $550k. Do you have anything coming up?,"2499 Pine Rd, Lawrenceville, GA",Gwinnett,,buy_sell,buyer_lead,P2,Fabi
EM-0533,email,2026-05-15T22:25:00Z,Rachel Nguyen,rachel.nguyen30@icloud.com,Contract / signature needed,"Need to renew the lease at 2032 Riverbend Way, Kennesaw, GA. Can you send the renewal terms?","2032 Riverbend Way, Kennesaw, GA",Cobb,,rent_manage,contract,P2,Noa
EM-0534,email,2026-04-14T11:56:00Z,Ryan Park,ryan.park42@icloud.com,Hey :),Mom's birthday is next week - did you order the cake?,,,,non_business,personal,P3,ARCHIVE
EM-0535,email,2026-05-12T10:36:00Z,Pavel Patel,pavel.patel36@icloud.com,Selling our home,Considering listing the property in Cobb - can we schedule a CMA?,"2811 Cedar Trail, Marietta, GA",Cobb,,buy_sell,seller_lead,P2,Fabi
EM-0536,email,2026-04-18T10:55:00Z,Definitely Not A Scam,win784@spam.example,YOU WON,"CLAIM YOUR PRIZE NOW - you've won $10,000! Click here: http://scam.example/",,,,non_business,spam,P3,ARCHIVE
EM-0537,email,2026-04-01T11:32:00Z,Emily Brown,emily.brown85@example-mail.test,Selling our home,Considering listing the property in Forsyth - can we schedule a CMA?,"3454 Pine Rd, Cumming, GA",Forsyth,,buy_sell,seller_lead,P2,Fabi
EM-0538,email,2026-04-25T05:41:00Z,John Rodriguez,john.rodriguez73@outlook.com,Offer / deal update,"Counter-offer received on 4897 Pine Rd, Duluth, GA - they want 5k more. What do you think?","4897 Pine Rd, Duluth, GA",Gwinnett,,buy_sell,deal,P1,Nathalie
EM-0539,email,2026-03-20T11:15:00Z,Definitely Not A Scam,win509@spam.example,YOU WON,"CLAIM YOUR PRIZE NOW - you've won $10,000! Click here: http://scam.example/",,,,non_business,spam,P3,ARCHIVE
EM-0540,email,2026-04-16T17:15:00Z,Kate Brown,kate.brown9@icloud.com,Urgent - apartment issue,"Bathroom faucet is dripping non-stop, can a plumber come look?","3139 Peachtree St, Dunwoody, GA",DeKalb,,rent_manage,tenant_issue,P2,Nathalie
EM-0541,email,2026-05-04T00:31:00Z,Brian Patel,brian.patel41@example-mail.test,Question about your listing,Looking for a 3BR/2BA in Gwinnett county under $550k. Do you have anything coming up?,"7312 Oak Ave, Duluth, GA",Gwinnett,,buy_sell,buyer_lead,P2,Fabi
EM-0542,email,2026-03-28T05:16:00Z,Marketing Promo Co,newsletter@constantcontact.com,You've gotta see this offer,Are you a real estate agent? Try our new CRM free for 30 days.,,,,non_business,marketing_promo,P3,ARCHIVE
EM-0543,email,2026-03-25T19:19:00Z,John Cohen,john.cohen40@yahoo.com,Vendor quote,"Plumber invoice for 4957 Magnolia Ln, Cumming, GA - approving with your sign-off.","4957 Magnolia Ln, Cumming, GA",Forsyth,,rent_manage,vendor,P3,Noa
EM-0544,email,2026-03-25T11:31:00Z,Marketing Promo Co,newsletter@constantcontact.com,You've gotta see this offer,Boost your listings with our premium photography package.,,,,non_business,marketing_promo,P3,ARCHIVE
EM-0545,email,2026-04-14T06:53:00Z,Definitely Not A Scam,win658@spam.example,YOU WON,"CLAIM YOUR PRIZE NOW - you've won $10,000! Click here: http://scam.example/",,,,non_business,spam,P3,ARCHIVE
EM-0546,email,2026-04-22T19:42:00Z,Emily Martinez,emily.martinez94@icloud.com,Payment / billing,I paid rent on the 1st but it doesn't show in the portal yet.,"5959 Maple Dr, Woodstock, GA",Cherokee,,rent_manage,billing,P2,Noa
EM-0547,email,2026-03-19T21:42:00Z,Marketing Promo Co,newsletter@sendgrid.net,You've gotta see this offer,FLASH SALE - 50% off everything at our store this weekend only!,,,,non_business,marketing_promo,P3,ARCHIVE
EM-0548,email,2026-04-28T06:11:00Z,Rachel Romano,rachel.romano73@outlook.com,Question about your listing,"Our offer on 4052 Maple Dr, Decatur, GA expires at 5pm today, can you confirm acceptance??","4052 Maple Dr, Decatur, GA",DeKalb,,buy_sell,buyer_lead,P0,Nathalie
EM-0549,email,2026-03-20T08:18:00Z,Emily Brown,emily.brown35@yahoo.com,Contract / signature needed,"Giving 30 days' notice - moving out by end of next month. 910 Peachtree St, Marietta, GA","910 Peachtree St, Marietta, GA",Cobb,,rent_manage,contract,P1,Noa
EM-0550,email,2026-03-22T01:34:00Z,Nina Garcia,nina.garcia87@gmail.com,Urgent - apartment issue,"AC stopped cooling at 9396 Willow Pkwy, Decatur, GA. Indoor temp is 84F.","9396 Willow Pkwy, Decatur, GA",DeKalb,,rent_manage,tenant_issue,P1,Nathalie
EM-0551,email,2026-04-14T00:29:00Z,Kate Singh,kate.singh83@yahoo.com,Hey :),"Hey, want to grab dinner Friday at that new ramen place?",,,,non_business,personal,P3,ARCHIVE
EM-0552,email,2026-04-02T12:55:00Z,Rachel Cohen,rachel.cohen77@yahoo.com,Showing time change,"Running 15 min late to the showing at 7890 Cedar Trail, Lawrenceville, GA, please tell the agent.","7890 Cedar Trail, Lawrenceville, GA",Gwinnett,,buy_sell,showing,P1,Fabi
EM-0553,email,2026-03-22T12:48:00Z,Definitely Not A Scam,win493@spam.example,YOU WON,Urgent: your bank account needs verification. Visit https://phish.example/,,,,non_business,spam,P3,ARCHIVE
EM-0554,email,2026-05-07T00:44:00Z,Aaron Rodriguez,aaron.rodriguez77@example-mail.test,Vendor quote,"The painter quoted $1,800 for unit B at 7932 Magnolia Ln, Cumming, GA - does that look right?","7932 Magnolia Ln, Cumming, GA",Forsyth,,rent_manage,vendor,P2,Noa
EM-0555,email,2026-04-24T01:40:00Z,John Rodriguez,john.rodriguez79@outlook.com,Document request,"Could you send me the seller's disclosure for 1311 Pine Rd, Decatur, GA (MLS MLS-7800798)?","1311 Pine Rd, Decatur, GA",DeKalb,MLS-7800798,buy_sell,document,P2,Noa
EM-0556,email,2026-04-29T03:23:00Z,Maria Martinez,maria.martinez28@example-mail.test,Offer / deal update,Closing tomorrow at 9am and the wire instructions look wrong - help!,"7201 Riverbend Way, Canton, GA",Cherokee,,buy_sell,deal,P0,Nathalie
EM-0557,email,2026-03-24T20:56:00Z,Hannah Park,hannah.park44@yahoo.com,Calendar question,"Can we set up a walkthrough next Tuesday for the move-out at 1529 Magnolia Ln, Cumming, GA?","1529 Magnolia Ln, Cumming, GA",Forsyth,,rent_manage,scheduling,P2,Noa
EM-0558,email,2026-04-11T03:53:00Z,Jorge Rodriguez,jorge.rodriguez7@icloud.com,Urgent - apartment issue,"Neighbor in unit B has been playing loud music until 2am for a week. 400 Maple Dr, Kennesaw, GA","400 Maple Dr, Kennesaw, GA",Cobb,,rent_manage,tenant_issue,P2,Nathalie
EM-0559,email,2026-03-23T01:49:00Z,Pavel Bell,pavel.bell62@gmail.com,Showing time change,"I'm at 7250 Pine Rd, Sugar Hill, GA but the door is locked. Are you on the way?","7250 Pine Rd, Sugar Hill, GA",Gwinnett,,buy_sell,showing,P1,Fabi
EM-0560,email,2026-04-02T16:40:00Z,Nina Singh,nina.singh40@gmail.com,Question about your listing,Need to move ASAP - relocating for work in 3 weeks. Can you call me today?,"9962 Magnolia Ln, Brookhaven, GA",DeKalb,,buy_sell,buyer_lead,P1,Nathalie
EM-0561,email,2026-03-26T21:16:00Z,Marketing Promo Co,newsletter@mailchimp.com,You've gotta see this offer,Boost your listings with our premium photography package.,,,,non_business,marketing_promo,P3,ARCHIVE
EM-0562,email,2026-05-02T10:31:00Z,Sam Khan,sam.khan65@gmail.com,Showing time change,"Running 15 min late to the showing at 7498 Peachtree St, Sugar Hill, GA, please tell the agent.","7498 Peachtree St, Sugar Hill, GA",Gwinnett,,buy_sell,showing,P1,Fabi
EM-0563,email,2026-03-28T20:26:00Z,Rachel Park,rachel.park34@icloud.com,Payment / billing,Got a late fee but I have proof I paid on time. Can we sort this out?,"501 Birch Ct, Smyrna, GA",Cobb,,rent_manage,billing,P2,Noa
EM-0564,email,2026-03-28T01:54:00Z,Sophie Johnson,sophie.johnson19@icloud.com,Urgent - apartment issue,"EMERGENCY - water is pouring from the ceiling in unit at 3468 Willow Pkwy, Marietta, GA!!","3468 Willow Pkwy, Marietta, GA",Cobb,,rent_manage,tenant_issue,P0,Nathalie
EM-0565,email,2026-04-06T12:57:00Z,Aaron Bell,aaron.bell65@icloud.com,Selling our home,Considering listing the property in Gwinnett - can we schedule a CMA?,"7058 Magnolia Ln, Lawrenceville, GA",Gwinnett,,buy_sell,seller_lead,P2,Fabi
EM-0566,email,2026-05-05T15:08:00Z,Sam Cohen,sam.cohen57@yahoo.com,Question about your listing,"Hi, I saw the listing at 4758 Magnolia Ln, Lawrenceville, GA. Is it still available? I'd love a tour this weekend.","4758 Magnolia Ln, Lawrenceville, GA",Gwinnett,,buy_sell,buyer_lead,P2,Fabi
EM-0567,email,2026-05-10T14:02:00Z,Daniel Brown,daniel.brown5@gmail.com,Urgent - apartment issue,"EMERGENCY - water is pouring from the ceiling in unit at 4158 Sycamore Blvd, Smyrna, GA!!","4158 Sycamore Blvd, Smyrna, GA",Cobb,,rent_manage,tenant_issue,P0,Nathalie
EM-0568,email,2026-03-29T09:00:00Z,Aaron Nguyen,aaron.nguyen91@outlook.com,Contract / signature needed,"Need to renew the lease at 652 Sycamore Blvd, Duluth, GA. Can you send the renewal terms?","652 Sycamore Blvd, Duluth, GA",Gwinnett,,rent_manage,contract,P2,Noa
EM-0569,email,2026-04-27T07:32:00Z,Chris Patel,chris.patel62@example-mail.test,Selling our home,"Hi Nathalie, I'd like to sell my house at 4247 Cedar Trail, Woodstock, GA. What's the market like in Cherokee right now?","4247 Cedar Trail, Woodstock, GA",Cherokee,,buy_sell,seller_lead,P2,Fabi
EM-0570,email,2026-04-30T05:41:00Z,Ben Garcia,ben.garcia38@outlook.com,Offer / deal update,Closing tomorrow at 9am and the wire instructions look wrong - help!,"3891 Oak Ave, Sugar Hill, GA",Gwinnett,,buy_sell,deal,P0,Nathalie
EM-0571,email,2026-03-30T16:20:00Z,Tara Miller,tara.miller19@outlook.com,Hey :),"Hey, want to grab dinner Friday at that new ramen place?",,,,non_business,personal,P3,ARCHIVE
EM-0572,email,2026-05-10T18:57:00Z,Sara Johnson,sara.johnson90@icloud.com,Question about your listing,Need to move ASAP - relocating for work in 3 weeks. Can you call me today?,"2822 Maple Dr, Woodstock, GA",Cherokee,,buy_sell,buyer_lead,P1,Fabi
EM-0573,email,2026-04-02T13:35:00Z,Sophie Levi,sophie.levi47@example-mail.test,Showing time change,"Can we move tomorrow's showing at 527 Sycamore Blvd, Woodstock, GA from 4pm to 6pm?","527 Sycamore Blvd, Woodstock, GA",Cherokee,,buy_sell,showing,P2,Fabi
EM-0574,email,2026-05-02T09:36:00Z,Linda Levi,linda.levi8@outlook.com,Admin / paperwork,"HOA sent a notice about new pool hours, forwarding to you.","905 Sycamore Blvd, Canton, GA",Cherokee,,rent_manage,admin,P3,Noa
EM-0575,email,2026-05-08T22:45:00Z,Tom Romano,tom.romano42@outlook.com,Contract / signature needed,"Giving 30 days' notice - moving out by end of next month. 2344 Cedar Trail, Kennesaw, GA","2344 Cedar Trail, Kennesaw, GA",Cobb,,rent_manage,contract,P1,Noa
EM-0576,email,2026-05-12T16:39:00Z,John Davis,john.davis57@example-mail.test,Admin / paperwork,"HOA sent a notice about new pool hours, forwarding to you.","296 Willow Pkwy, Duluth, GA",Gwinnett,,rent_manage,admin,P3,Noa
EM-0577,email,2026-04-06T09:11:00Z,Definitely Not A Scam,win874@spam.example,YOU WON,Crypto opportunity - 300% return guaranteed. Reply YES.,,,,non_business,spam,P3,ARCHIVE
EM-0578,email,2026-05-12T13:40:00Z,Aisha Martinez,aisha.martinez56@example-mail.test,Urgent - apartment issue,"Bathroom faucet is dripping non-stop, can a plumber come look?","5180 Peachtree St, Canton, GA",Cherokee,,rent_manage,tenant_issue,P2,Nathalie
EM-0579,email,2026-04-18T05:26:00Z,Daniel Brown,daniel.brown35@example-mail.test,Offer / deal update,"Counter-offer received on 1312 Willow Pkwy, Decatur, GA - they want 5k more. What do you think?","1312 Willow Pkwy, Decatur, GA",DeKalb,,buy_sell,deal,P1,Nathalie
EM-0580,email,2026-04-27T07:30:00Z,Olivia Bell,olivia.bell22@yahoo.com,Offer / deal update,"Appraisal came in at $620k for 1795 Peachtree St, Smyrna, GA. Numbers look good.","1795 Peachtree St, Smyrna, GA",Cobb,,buy_sell,deal,P2,Nathalie
EM-0581,email,2026-04-10T17:20:00Z,Sophie Adams,sophie.adams12@example-mail.test,Question about your listing,Looking for a 3BR/2BA in Forsyth county under $550k. Do you have anything coming up?,"5885 Birch Ct, Cumming, GA",Forsyth,,buy_sell,buyer_lead,P2,Fabi
EM-0582,email,2026-03-18T12:16:00Z,Marketing Promo Co,newsletter@mailchimp.com,You've gotta see this offer,Your monthly newsletter from RealEstateDigest is here.,,,,non_business,marketing_promo,P3,ARCHIVE
EM-0583,email,2026-05-13T08:54:00Z,Ethan Bell,ethan.bell11@outlook.com,Offer / deal update,"Counter-offer received on 6837 Magnolia Ln, Dunwoody, GA - they want 5k more. What do you think?","6837 Magnolia Ln, Dunwoody, GA",DeKalb,,buy_sell,deal,P1,Nathalie
EM-0584,email,2026-04-13T02:29:00Z,Tom Nguyen,tom.nguyen22@example-mail.test,Urgent - apartment issue,"AC stopped cooling at 2495 Pine Rd, Cumming, GA. Indoor temp is 84F.","2495 Pine Rd, Cumming, GA",Forsyth,,rent_manage,tenant_issue,P1,Nathalie
EM-0585,email,2026-04-30T13:01:00Z,Aaron Patel,aaron.patel11@gmail.com,Contract / signature needed,"Need your signature on the addendum for 551 Riverbend Way, Kennesaw, GA before 5pm.","551 Riverbend Way, Kennesaw, GA",Cobb,,buy_sell,contract,P1,Noa
EM-0586,email,2026-04-27T19:09:00Z,Definitely Not A Scam,win861@spam.example,YOU WON,I'm a Nigerian prince and need your help moving $25M...,,,,non_business,spam,P3,ARCHIVE
EM-0587,email,2026-05-06T18:46:00Z,Aisha Rodriguez,aisha.rodriguez55@gmail.com,Hey :),FYI we're out of milk. Can you grab some on the way home?,,,,non_business,personal,P3,ARCHIVE
EM-0588,email,2026-05-01T10:29:00Z,Hannah Williams,hannah.williams2@icloud.com,Document request,Lender needs proof of homeowners insurance by end of day.,"863 Pine Rd, Roswell, GA",Fulton,,buy_sell,document,P1,Noa
EM-0589,email,2026-04-01T09:06:00Z,Nina Miller,nina.miller30@icloud.com,Payment / billing,I paid rent on the 1st but it doesn't show in the portal yet.,"3645 Sycamore Blvd, Woodstock, GA",Cherokee,,rent_manage,billing,P2,Noa
EM-0590,email,2026-04-05T15:53:00Z,Aaron Miller,aaron.miller87@outlook.com,Question about your listing,Looking for a 3BR/2BA in Forsyth county under $550k. Do you have anything coming up?,"4157 Sycamore Blvd, Cumming, GA",Forsyth,,buy_sell,buyer_lead,P2,Fabi
EM-0591,email,2026-03-20T07:43:00Z,Definitely Not A Scam,win508@spam.example,YOU WON,I'm a Nigerian prince and need your help moving $25M...,,,,non_business,spam,P3,ARCHIVE
EM-0592,email,2026-04-07T20:18:00Z,Linda Davis,linda.davis19@gmail.com,Maintenance follow-up,The work order #4421 for the dishwasher - any update?,"7966 Maple Dr, Sandy Springs, GA",Fulton,,rent_manage,maintenance,P2,Noa
EM-0593,email,2026-04-12T08:48:00Z,Sam Bell,sam.bell53@yahoo.com,Selling our home,Considering listing the property in Fulton - can we schedule a CMA?,"8880 Maple Dr, Atlanta, GA",Fulton,,buy_sell,seller_lead,P2,Nathalie
EM-0594,email,2026-04-28T02:23:00Z,Sara Williams,sara.williams57@gmail.com,Calendar question,"Can we set up a walkthrough next Tuesday for the move-out at 938 Oak Ave, Woodstock, GA?","938 Oak Ave, Woodstock, GA",Cherokee,,rent_manage,scheduling,P2,Noa
EM-0595,email,2026-03-25T23:20:00Z,David Garcia,david.garcia27@icloud.com,Offer / deal update,"Counter-offer received on 3957 Riverbend Way, Cumming, GA - they want 5k more. What do you think?","3957 Riverbend Way, Cumming, GA",Forsyth,,buy_sell,deal,P1,Nathalie
EM-0596,email,2026-05-15T23:43:00Z,Marco Williams,marco.williams27@example-mail.test,Maintenance follow-up,The work order #4421 for the dishwasher - any update?,"8398 Peachtree St, Cumming, GA",Forsyth,,rent_manage,maintenance,P2,Noa
EM-0597,email,2026-04-10T01:17:00Z,Lisa Martinez,lisa.martinez32@icloud.com,Contract / signature needed,Question on clause 7.b of the contract - what does 'as-is' really mean here?,"6453 Sycamore Blvd, Kennesaw, GA",Cobb,,buy_sell,contract,P2,Noa
EM-0598,email,2026-03-22T14:42:00Z,Sara Garcia,sara.garcia37@gmail.com,Hey :),Mom's birthday is next week - did you order the cake?,,,,non_business,personal,P3,ARCHIVE
EM-0599,email,2026-04-21T13:11:00Z,Hannah Adams,hannah.adams81@outlook.com,Selling our home,Considering listing the property in Cobb - can we schedule a CMA?,"8549 Magnolia Ln, Kennesaw, GA",Cobb,,buy_sell,seller_lead,P2,Fabi
EM-0600,email,2026-04-05T04:49:00Z,Marco Singh,marco.singh66@outlook.com,Selling our home,Considering listing the property in Forsyth - can we schedule a CMA?,"2067 Sycamore Blvd, Cumming, GA",Forsyth,,buy_sell,seller_lead,P2,Fabi
EM-0601,email,2026-03-26T20:51:00Z,Anna Adams,anna.adams61@gmail.com,Payment / billing,I paid rent on the 1st but it doesn't show in the portal yet.,"1749 Magnolia Ln, Sandy Springs, GA",Fulton,,rent_manage,billing,P2,Noa
EM-0602,email,2026-04-11T11:25:00Z,Rachel Khan,rachel.khan18@yahoo.com,Payment / billing,I paid rent on the 1st but it doesn't show in the portal yet.,"1907 Riverbend Way, Atlanta, GA",Fulton,,rent_manage,billing,P2,Noa
EM-0603,email,2026-03-18T21:20:00Z,Brian Cohen,brian.cohen66@yahoo.com,Urgent - apartment issue,Saw a roach in the kitchen - can pest control come this week?,"160 Oak Ave, Decatur, GA",DeKalb,,rent_manage,tenant_issue,P2,Nathalie
EM-0604,email,2026-04-10T02:21:00Z,Anna Johnson,anna.johnson67@yahoo.com,Selling our home,"Hi Nathalie, I'd like to sell my house at 8804 Cedar Trail, Canton, GA. What's the market like in Cherokee right now?","8804 Cedar Trail, Canton, GA",Cherokee,,buy_sell,seller_lead,P2,Fabi
EM-0605,email,2026-03-21T16:47:00Z,Tom Levi,tom.levi76@yahoo.com,Contract / signature needed,"Giving 30 days' notice - moving out by end of next month. 1552 Pine Rd, Cumming, GA","1552 Pine Rd, Cumming, GA",Forsyth,,rent_manage,contract,P1,Noa
EM-0606,email,2026-04-17T05:07:00Z,Anna Garcia,anna.garcia90@outlook.com,Contract / signature needed,Question on clause 7.b of the contract - what does 'as-is' really mean here?,"354 Cedar Trail, Dunwoody, GA",DeKalb,,buy_sell,contract,P2,Noa
EM-0607,email,2026-04-10T20:09:00Z,Olivia Adams,olivia.adams21@outlook.com,Urgent - apartment issue,"Gas leak smell in the apartment, I called 911. 6363 Riverbend Way, Marietta, GA","6363 Riverbend Way, Marietta, GA",Cobb,,rent_manage,tenant_issue,P0,Nathalie
EM-0608,email,2026-04-28T17:59:00Z,Daniel Cohen,daniel.cohen68@icloud.com,Selling our home,"Hi Nathalie, I'd like to sell my house at 6771 Pine Rd, Atlanta, GA. What's the market like in Fulton right now?","6771 Pine Rd, Atlanta, GA",Fulton,,buy_sell,seller_lead,P2,Nathalie
EM-0609,email,2026-03-29T07:43:00Z,Priya Khan,priya.khan24@outlook.com,Contract / signature needed,Question on clause 7.b of the contract - what does 'as-is' really mean here?,"1877 Pine Rd, Marietta, GA",Cobb,,buy_sell,contract,P2,Noa
EM-0610,email,2026-03-22T14:35:00Z,Pavel Adams,pavel.adams2@yahoo.com,Hey :),Yoga class moved to 7am tomorrow. Want to come?,,,,non_business,personal,P3,ARCHIVE
EM-0611,email,2026-04-15T18:21:00Z,Linda Williams,linda.williams57@outlook.com,Showing time change,"I'm at 1510 Birch Ct, Marietta, GA but the door is locked. Are you on the way?","1510 Birch Ct, Marietta, GA",Cobb,,buy_sell,showing,P1,Fabi
EM-0612,email,2026-03-28T11:11:00Z,Chris Park,chris.park42@icloud.com,Contract / signature needed,"Need to renew the lease at 1583 Sycamore Blvd, Cumming, GA. Can you send the renewal terms?","1583 Sycamore Blvd, Cumming, GA",Forsyth,,rent_manage,contract,P2,Noa
EM-0613,email,2026-05-14T08:30:00Z,Definitely Not A Scam,win818@spam.example,YOU WON,I'm a Nigerian prince and need your help moving $25M...,,,,non_business,spam,P3,ARCHIVE
EM-0614,email,2026-03-25T21:22:00Z,Ryan Singh,ryan.singh16@outlook.com,Question about your listing,Need to move ASAP - relocating for work in 3 weeks. Can you call me today?,"5926 Oak Ave, Roswell, GA",Fulton,,buy_sell,buyer_lead,P1,Nathalie
EM-0615,email,2026-04-29T12:46:00Z,Kate Romano,kate.romano31@outlook.com,Offer / deal update,"Appraisal came in at $620k for 5385 Pine Rd, Brookhaven, GA. Numbers look good.","5385 Pine Rd, Brookhaven, GA",DeKalb,,buy_sell,deal,P2,Nathalie
EM-0616,email,2026-03-25T08:48:00Z,Nina Miller,nina.miller75@gmail.com,Hey :),"Hey, want to grab dinner Friday at that new ramen place?",,,,non_business,personal,P3,ARCHIVE
EM-0617,email,2026-03-30T22:55:00Z,Tara Garcia,tara.garcia55@yahoo.com,Payment / billing,"Just confirming the security deposit is $1,500 not $2,000 like the email said.","8626 Willow Pkwy, Cumming, GA",Forsyth,,rent_manage,billing,P3,Noa
EM-0618,email,2026-04-14T03:18:00Z,Linda Garcia,linda.garcia76@icloud.com,Maintenance follow-up,"Light bulb in the hallway burned out, no rush.","9528 Peachtree St, Sandy Springs, GA",Fulton,,rent_manage,maintenance,P3,Noa
EM-0619,email,2026-03-22T01:02:00Z,Marco Levi,marco.levi56@outlook.com,Hey :),Yoga class moved to 7am tomorrow. Want to come?,,,,non_business,personal,P3,ARCHIVE
EM-0620,email,2026-05-12T13:40:00Z,Linda Cohen,linda.cohen88@icloud.com,Contract / signature needed,"Need your signature on the addendum for 922 Oak Ave, Cumming, GA before 5pm.","922 Oak Ave, Cumming, GA",Forsyth,,buy_sell,contract,P1,Noa
EM-0621,email,2026-04-02T04:39:00Z,Olivia Williams,olivia.williams5@gmail.com,Calendar question,"Can we set up a walkthrough next Tuesday for the move-out at 240 Magnolia Ln, Kennesaw, GA?","240 Magnolia Ln, Kennesaw, GA",Cobb,,rent_manage,scheduling,P2,Noa
EM-0622,email,2026-03-23T01:12:00Z,Definitely Not A Scam,win897@spam.example,YOU WON,I'm a Nigerian prince and need your help moving $25M...,,,,non_business,spam,P3,ARCHIVE
EM-0623,email,2026-03-19T01:40:00Z,Sam Cohen,sam.cohen84@outlook.com,Selling our home,"Hi Nathalie, I'd like to sell my house at 6290 Cedar Trail, Decatur, GA. What's the market like in DeKalb right now?","6290 Cedar Trail, Decatur, GA",DeKalb,,buy_sell,seller_lead,P2,Nathalie
EM-0624,email,2026-05-10T14:54:00Z,Marketing Promo Co,newsletter@mailchimp.com,You've gotta see this offer,Are you a real estate agent? Try our new CRM free for 30 days.,,,,non_business,marketing_promo,P3,ARCHIVE
EM-0625,email,2026-05-09T22:29:00Z,Chris Brown,chris.brown47@icloud.com,Question about your listing,"Our offer on 4476 Riverbend Way, Decatur, GA expires at 5pm today, can you confirm acceptance??","4476 Riverbend Way, Decatur, GA",DeKalb,,buy_sell,buyer_lead,P0,Nathalie
EM-0626,email,2026-04-30T01:33:00Z,Olivia Brown,olivia.brown41@example-mail.test,Hey :),"Hey, want to grab dinner Friday at that new ramen place?",,,,non_business,personal,P3,ARCHIVE
EM-0627,email,2026-04-18T08:17:00Z,Nina Khan,nina.khan25@yahoo.com,Hey :),"Pickup at school is at 3:15 today, can you grab the kids?",,,,non_business,personal,P3,ARCHIVE
EM-0628,email,2026-04-24T15:57:00Z,Hannah Rodriguez,hannah.rodriguez54@example-mail.test,Contract / signature needed,Question on clause 7.b of the contract - what does 'as-is' really mean here?,"3327 Cedar Trail, Cumming, GA",Forsyth,,buy_sell,contract,P2,Noa
EM-0629,email,2026-04-28T14:45:00Z,Olivia Adams,olivia.adams98@yahoo.com,Maintenance follow-up,"Vendor said they'd be here at 10am, no show. Can you check on them?","9551 Magnolia Ln, Cumming, GA",Forsyth,,rent_manage,maintenance,P2,Noa
EM-0630,email,2026-04-26T20:39:00Z,Tara Johnson,tara.johnson22@example-mail.test,Vendor quote,"The painter quoted $1,800 for unit B at 2078 Birch Ct, Roswell, GA - does that look right?","2078 Birch Ct, Roswell, GA",Fulton,,rent_manage,vendor,P2,Noa
EM-0631,email,2026-04-23T11:15:00Z,Definitely Not A Scam,win120@spam.example,YOU WON,Crypto opportunity - 300% return guaranteed. Reply YES.,,,,non_business,spam,P3,ARCHIVE
EM-0632,email,2026-04-26T21:24:00Z,Definitely Not A Scam,win530@spam.example,YOU WON,I'm a Nigerian prince and need your help moving $25M...,,,,non_business,spam,P3,ARCHIVE
EM-0633,email,2026-03-20T01:40:00Z,Rachel Miller,rachel.miller19@yahoo.com,Hey :),Yoga class moved to 7am tomorrow. Want to come?,,,,non_business,personal,P3,ARCHIVE
EM-0634,email,2026-04-17T18:43:00Z,Marketing Promo Co,newsletter@sendgrid.net,You've gotta see this offer,FLASH SALE - 50% off everything at our store this weekend only!,,,,non_business,marketing_promo,P3,ARCHIVE
EM-0635,email,2026-03-25T08:45:00Z,Chris Singh,chris.singh32@icloud.com,Hey :),"Pickup at school is at 3:15 today, can you grab the kids?",,,,non_business,personal,P3,ARCHIVE
EM-0636,email,2026-04-03T23:41:00Z,Tara Adams,tara.adams70@outlook.com,Urgent - apartment issue,"AC stopped cooling at 9262 Cedar Trail, Roswell, GA. Indoor temp is 84F.","9262 Cedar Trail, Roswell, GA",Fulton,,rent_manage,tenant_issue,P1,Nathalie
EM-0637,email,2026-05-05T22:07:00Z,Sophie Singh,sophie.singh44@icloud.com,Offer / deal update,"Appraisal came in at $620k for 5646 Magnolia Ln, Marietta, GA. Numbers look good.","5646 Magnolia Ln, Marietta, GA",Cobb,,buy_sell,deal,P2,Nathalie
EM-0638,email,2026-05-04T17:30:00Z,Kate Rodriguez,kate.rodriguez44@example-mail.test,Hey :),"Hey, want to grab dinner Friday at that new ramen place?",,,,non_business,personal,P3,ARCHIVE
EM-0639,email,2026-05-12T11:10:00Z,Kate Nguyen,kate.nguyen98@yahoo.com,Payment / billing,"Just confirming the security deposit is $1,500 not $2,000 like the email said.","5609 Sycamore Blvd, Woodstock, GA",Cherokee,,rent_manage,billing,P3,Noa
EM-0640,email,2026-04-25T05:39:00Z,Priya Nguyen,priya.nguyen78@gmail.com,Question about your listing,Need to move ASAP - relocating for work in 3 weeks. Can you call me today?,"2150 Peachtree St, Marietta, GA",Cobb,,buy_sell,buyer_lead,P1,Fabi
EM-0641,email,2026-04-02T09:19:00Z,Lisa Park,lisa.park94@yahoo.com,Payment / billing,"Just confirming the security deposit is $1,500 not $2,000 like the email said.","8359 Sycamore Blvd, Cumming, GA",Forsyth,,rent_manage,billing,P3,Noa
EM-0642,email,2026-05-14T06:48:00Z,Hannah Khan,hannah.khan24@yahoo.com,Maintenance follow-up,"Light bulb in the hallway burned out, no rush.","4576 Oak Ave, Kennesaw, GA",Cobb,,rent_manage,maintenance,P3,Noa
EM-0643,email,2026-03-24T17:13:00Z,Tom Adams,tom.adams60@outlook.com,Hey :),Mom's birthday is next week - did you order the cake?,,,,non_business,personal,P3,ARCHIVE
EM-0644,email,2026-04-24T17:10:00Z,Tara Levi,tara.levi35@gmail.com,Question about your listing,Need to move ASAP - relocating for work in 3 weeks. Can you call me today?,"5479 Sycamore Blvd, Woodstock, GA",Cherokee,,buy_sell,buyer_lead,P1,Fabi
EM-0645,email,2026-03-22T20:35:00Z,Tom Patel,tom.patel25@gmail.com,Offer / deal update,Closing tomorrow at 9am and the wire instructions look wrong - help!,"4824 Birch Ct, Brookhaven, GA",DeKalb,,buy_sell,deal,P0,Nathalie
EM-0646,email,2026-03-28T20:10:00Z,Ben Williams,ben.williams58@icloud.com,Maintenance follow-up,"Light bulb in the hallway burned out, no rush.","5773 Willow Pkwy, Decatur, GA",DeKalb,,rent_manage,maintenance,P3,Noa
EM-0647,email,2026-03-24T23:21:00Z,Kate Brown,kate.brown16@gmail.com,Question about your listing,Need to move ASAP - relocating for work in 3 weeks. Can you call me today?,"3118 Oak Ave, Canton, GA",Cherokee,,buy_sell,buyer_lead,P1,Fabi
EM-0648,email,2026-04-20T07:50:00Z,Maria Khan,maria.khan63@yahoo.com,Hey :),"Hey, want to grab dinner Friday at that new ramen place?",,,,non_business,personal,P3,ARCHIVE
EM-0649,email,2026-04-07T10:59:00Z,John Johnson,john.johnson63@gmail.com,Calendar question,"Can we set up a walkthrough next Tuesday for the move-out at 5616 Riverbend Way, Decatur, GA?","5616 Riverbend Way, Decatur, GA",DeKalb,,rent_manage,scheduling,P2,Noa
EM-0650,email,2026-05-04T19:17:00Z,Linda Nguyen,linda.nguyen17@gmail.com,Urgent - apartment issue,Saw a roach in the kitchen - can pest control come this week?,"6236 Cedar Trail, Smyrna, GA",Cobb,,rent_manage,tenant_issue,P2,Nathalie
EM-0651,email,2026-05-02T07:14:00Z,Marketing Promo Co,newsletter@sendgrid.net,You've gotta see this offer,Are you a real estate agent? Try our new CRM free for 30 days.,,,,non_business,marketing_promo,P3,ARCHIVE
EM-0652,email,2026-04-13T04:20:00Z,David Levi,david.levi28@outlook.com,Showing time change,"Can we move tomorrow's showing at 2307 Willow Pkwy, Sugar Hill, GA from 4pm to 6pm?","2307 Willow Pkwy, Sugar Hill, GA",Gwinnett,,buy_sell,showing,P2,Fabi
EM-0653,email,2026-03-18T17:04:00Z,Marketing Promo Co,newsletter@marketing.example.com,You've gotta see this offer,FLASH SALE - 50% off everything at our store this weekend only!,,,,non_business,marketing_promo,P3,ARCHIVE
EM-0654,email,2026-04-10T11:02:00Z,Tom Singh,tom.singh73@example-mail.test,Question about your listing,"Our offer on 8944 Riverbend Way, Brookhaven, GA expires at 5pm today, can you confirm acceptance??","8944 Riverbend Way, Brookhaven, GA",DeKalb,,buy_sell,buyer_lead,P0,Nathalie
EM-0655,email,2026-04-01T14:43:00Z,Definitely Not A Scam,win582@spam.example,YOU WON,I'm a Nigerian prince and need your help moving $25M...,,,,non_business,spam,P3,ARCHIVE
EM-0656,email,2026-03-25T17:32:00Z,Brian Adams,brian.adams14@icloud.com,Offer / deal update,"Appraisal came in at $620k for 8773 Sycamore Blvd, Cumming, GA. Numbers look good.","8773 Sycamore Blvd, Cumming, GA",Forsyth,,buy_sell,deal,P2,Nathalie
EM-0657,email,2026-05-07T02:49:00Z,Aaron Adams,aaron.adams25@example-mail.test,Hey :),Dentist appointment confirmed for Tuesday 2pm.,,,,non_business,personal,P3,ARCHIVE
EM-0658,email,2026-03-31T15:07:00Z,Marco Martinez,marco.martinez44@gmail.com,Contract / signature needed,"Need to renew the lease at 9983 Maple Dr, Smyrna, GA. Can you send the renewal terms?","9983 Maple Dr, Smyrna, GA",Cobb,,rent_manage,contract,P2,Noa
EM-0659,email,2026-04-06T01:56:00Z,Chris Park,chris.park11@icloud.com,Contract / signature needed,Question on clause 7.b of the contract - what does 'as-is' really mean here?,"7744 Willow Pkwy, Cumming, GA",Forsyth,,buy_sell,contract,P2,Noa
EM-0660,email,2026-04-22T01:59:00Z,Daniel Patel,daniel.patel85@icloud.com,Vendor quote,"Plumber invoice for 3137 Pine Rd, Canton, GA - approving with your sign-off.","3137 Pine Rd, Canton, GA",Cherokee,,rent_manage,vendor,P3,Noa
EM-0661,email,2026-04-18T18:30:00Z,Marco Rodriguez,marco.rodriguez93@gmail.com,Showing time change,"Running 15 min late to the showing at 5985 Birch Ct, Atlanta, GA, please tell the agent.","5985 Birch Ct, Atlanta, GA",Fulton,,buy_sell,showing,P1,Nathalie
EM-0662,email,2026-04-15T10:56:00Z,Sara Adams,sara.adams49@gmail.com,Urgent - apartment issue,"Gas leak smell in the apartment, I called 911. 6447 Peachtree St, Sandy Springs, GA","6447 Peachtree St, Sandy Springs, GA",Fulton,,rent_manage,tenant_issue,P0,Nathalie
EM-0663,email,2026-03-24T13:39:00Z,Pavel Romano,pavel.romano19@example-mail.test,Urgent - apartment issue,Saw a roach in the kitchen - can pest control come this week?,"8997 Birch Ct, Marietta, GA",Cobb,,rent_manage,tenant_issue,P2,Nathalie
EM-0664,email,2026-04-04T14:51:00Z,Sara Patel,sara.patel32@outlook.com,Question about your listing,Looking for a 3BR/2BA in Fulton county under $550k. Do you have anything coming up?,"2486 Willow Pkwy, Roswell, GA",Fulton,,buy_sell,buyer_lead,P2,Nathalie
EM-0665,email,2026-04-20T07:46:00Z,Tara Davis,tara.davis63@icloud.com,Hey :),Mom's birthday is next week - did you order the cake?,,,,non_business,personal,P3,ARCHIVE
EM-0666,email,2026-04-26T17:49:00Z,Linda Garcia,linda.garcia84@outlook.com,Selling our home,"Hi Nathalie, I'd like to sell my house at 1929 Oak Ave, Canton, GA. What's the market like in Cherokee right now?","1929 Oak Ave, Canton, GA",Cherokee,,buy_sell,seller_lead,P2,Fabi
EM-0667,email,2026-03-28T23:31:00Z,Definitely Not A Scam,win887@spam.example,YOU WON,Crypto opportunity - 300% return guaranteed. Reply YES.,,,,non_business,spam,P3,ARCHIVE
EM-0668,email,2026-04-29T14:17:00Z,Rachel Adams,rachel.adams76@gmail.com,Vendor quote,"The painter quoted $1,800 for unit B at 9339 Sycamore Blvd, Roswell, GA - does that look right?","9339 Sycamore Blvd, Roswell, GA",Fulton,,rent_manage,vendor,P2,Noa
EM-0669,email,2026-04-14T05:35:00Z,Rachel Adams,rachel.adams12@yahoo.com,Calendar question,"Can we set up a walkthrough next Tuesday for the move-out at 2794 Magnolia Ln, Sandy Springs, GA?","2794 Magnolia Ln, Sandy Springs, GA",Fulton,,rent_manage,scheduling,P2,Noa
EM-0670,email,2026-04-15T10:20:00Z,Marketing Promo Co,newsletter@sendgrid.net,You've gotta see this offer,Boost your listings with our premium photography package.,,,,non_business,marketing_promo,P3,ARCHIVE
EM-0671,email,2026-03-25T02:06:00Z,Brian Park,brian.park38@icloud.com,Showing time change,"I'm at 8138 Cedar Trail, Duluth, GA but the door is locked. Are you on the way?","8138 Cedar Trail, Duluth, GA",Gwinnett,,buy_sell,showing,P1,Fabi
EM-0672,email,2026-04-23T12:45:00Z,David Johnson,david.johnson41@yahoo.com,Document request,"Could you send me the seller's disclosure for 5686 Cedar Trail, Brookhaven, GA (MLS MLS-7342654)?","5686 Cedar Trail, Brookhaven, GA",DeKalb,MLS-7342654,buy_sell,document,P2,Noa
EM-0673,email,2026-05-07T23:30:00Z,Tara Khan,tara.khan60@outlook.com,Showing time change,"I'm at 1450 Peachtree St, Roswell, GA but the door is locked. Are you on the way?","1450 Peachtree St, Roswell, GA",Fulton,,buy_sell,showing,P1,Nathalie
EM-0674,email,2026-05-14T11:02:00Z,Ryan Miller,ryan.miller8@example-mail.test,Hey :),Dentist appointment confirmed for Tuesday 2pm.,,,,non_business,personal,P3,ARCHIVE
EM-0675,email,2026-05-07T07:38:00Z,Mike Davis,mike.davis86@outlook.com,Selling our home,Considering listing the property in Fulton - can we schedule a CMA?,"5430 Cedar Trail, Roswell, GA",Fulton,,buy_sell,seller_lead,P2,Nathalie
EM-0676,email,2026-03-28T02:15:00Z,Sophie Brown,sophie.brown43@example-mail.test,Hey :),FYI we're out of milk. Can you grab some on the way home?,,,,non_business,personal,P3,ARCHIVE
EM-0677,email,2026-05-10T21:46:00Z,Marco Levi,marco.levi99@example-mail.test,Question about your listing,Need to move ASAP - relocating for work in 3 weeks. Can you call me today?,"5381 Riverbend Way, Marietta, GA",Cobb,,buy_sell,buyer_lead,P1,Fabi
EM-0678,email,2026-05-09T07:32:00Z,John Park,john.park17@gmail.com,Contract / signature needed,"Giving 30 days' notice - moving out by end of next month. 8178 Pine Rd, Cumming, GA","8178 Pine Rd, Cumming, GA",Forsyth,,rent_manage,contract,P1,Noa
EM-0679,email,2026-03-28T17:55:00Z,Rachel Johnson,rachel.johnson53@example-mail.test,Urgent - apartment issue,"Neighbor in unit B has been playing loud music until 2am for a week. 5332 Willow Pkwy, Lawrenceville, GA","5332 Willow Pkwy, Lawrenceville, GA",Gwinnett,,rent_manage,tenant_issue,P2,Nathalie
EM-0680,email,2026-03-27T23:38:00Z,Mike Garcia,mike.garcia50@yahoo.com,Selling our home,Considering listing the property in Cherokee - can we schedule a CMA?,"476 Maple Dr, Woodstock, GA",Cherokee,,buy_sell,seller_lead,P2,Fabi
EM-0681,email,2026-03-23T09:32:00Z,Priya Williams,priya.williams56@yahoo.com,Hey :),The dog has a vet appointment Thursday at 10am.,,,,non_business,personal,P3,ARCHIVE
EM-0682,email,2026-04-13T18:26:00Z,Marketing Promo Co,newsletter@sendgrid.net,You've gotta see this offer,FLASH SALE - 50% off everything at our store this weekend only!,,,,non_business,marketing_promo,P3,ARCHIVE
EM-0683,email,2026-04-08T04:47:00Z,Ben Romano,ben.romano96@gmail.com,Calendar question,"Can we set up a walkthrough next Tuesday for the move-out at 8394 Oak Ave, Kennesaw, GA?","8394 Oak Ave, Kennesaw, GA",Cobb,,rent_manage,scheduling,P2,Noa
EM-0684,email,2026-04-06T01:30:00Z,Ethan Adams,ethan.adams14@gmail.com,Maintenance follow-up,"Light bulb in the hallway burned out, no rush.","1616 Birch Ct, Cumming, GA",Forsyth,,rent_manage,maintenance,P3,Noa
EM-0685,email,2026-03-25T07:33:00Z,Aaron Adams,aaron.adams99@gmail.com,Offer / deal update,"Appraisal came in at $620k for 5256 Pine Rd, Smyrna, GA. Numbers look good.","5256 Pine Rd, Smyrna, GA",Cobb,,buy_sell,deal,P2,Nathalie
EM-0686,email,2026-04-03T02:05:00Z,Chris Rodriguez,chris.rodriguez53@outlook.com,Payment / billing,"Just confirming the security deposit is $1,500 not $2,000 like the email said.","3177 Maple Dr, Sugar Hill, GA",Gwinnett,,rent_manage,billing,P3,Noa
EM-0687,email,2026-03-31T10:11:00Z,Marketing Promo Co,newsletter@sendgrid.net,You've gotta see this offer,Atlanta Realtors Network: invitation to our May mixer.,,,,non_business,marketing_promo,P3,ARCHIVE
EM-0688,email,2026-04-15T19:51:00Z,Priya Adams,priya.adams94@icloud.com,Contract / signature needed,Question on clause 7.b of the contract - what does 'as-is' really mean here?,"766 Sycamore Blvd, Duluth, GA",Gwinnett,,buy_sell,contract,P2,Noa
EM-0689,email,2026-04-25T22:35:00Z,Priya Singh,priya.singh68@outlook.com,Urgent - apartment issue,"Gas leak smell in the apartment, I called 911. 4295 Birch Ct, Sandy Springs, GA","4295 Birch Ct, Sandy Springs, GA",Fulton,,rent_manage,tenant_issue,P0,Nathalie
EM-0690,email,2026-03-27T04:40:00Z,Sam Park,sam.park86@yahoo.com,Urgent - apartment issue,"Bathroom faucet is dripping non-stop, can a plumber come look?","7656 Oak Ave, Decatur, GA",DeKalb,,rent_manage,tenant_issue,P2,Nathalie
EM-0691,email,2026-05-13T18:27:00Z,Marketing Promo Co,newsletter@constantcontact.com,You've gotta see this offer,Boost your listings with our premium photography package.,,,,non_business,marketing_promo,P3,ARCHIVE
EM-0692,email,2026-04-10T18:42:00Z,Mike Brown,mike.brown63@outlook.com,Offer / deal update,"Counter-offer received on 9342 Magnolia Ln, Cumming, GA - they want 5k more. What do you think?","9342 Magnolia Ln, Cumming, GA",Forsyth,,buy_sell,deal,P1,Nathalie
EM-0693,email,2026-03-24T00:44:00Z,Chris Bell,chris.bell15@example-mail.test,Urgent - apartment issue,"Neighbor in unit B has been playing loud music until 2am for a week. 1962 Sycamore Blvd, Duluth, GA","1962 Sycamore Blvd, Duluth, GA",Gwinnett,,rent_manage,tenant_issue,P2,Nathalie
EM-0694,email,2026-04-03T02:15:00Z,Sophie Miller,sophie.miller78@example-mail.test,Contract / signature needed,"Giving 30 days' notice - moving out by end of next month. 6362 Cedar Trail, Dunwoody, GA","6362 Cedar Trail, Dunwoody, GA",DeKalb,,rent_manage,contract,P1,Noa
EM-0695,email,2026-05-13T17:09:00Z,Hannah Romano,hannah.romano84@gmail.com,Urgent - apartment issue,Saw a roach in the kitchen - can pest control come this week?,"6567 Birch Ct, Woodstock, GA",Cherokee,,rent_manage,tenant_issue,P2,Nathalie
EM-0696,email,2026-05-14T09:47:00Z,Maria Rodriguez,maria.rodriguez42@icloud.com,Contract / signature needed,"Need your signature on the addendum for 5908 Pine Rd, Roswell, GA before 5pm.","5908 Pine Rd, Roswell, GA",Fulton,,buy_sell,contract,P1,Noa
EM-0697,email,2026-05-08T03:58:00Z,Marketing Promo Co,newsletter@mailchimp.com,You've gotta see this offer,Atlanta Realtors Network: invitation to our May mixer.,,,,non_business,marketing_promo,P3,ARCHIVE
EM-0698,email,2026-05-09T16:46:00Z,Marketing Promo Co,newsletter@mailchimp.com,You've gotta see this offer,Your monthly newsletter from RealEstateDigest is here.,,,,non_business,marketing_promo,P3,ARCHIVE
EM-0699,email,2026-04-26T05:33:00Z,Hannah Garcia,hannah.garcia97@icloud.com,Maintenance follow-up,"Light bulb in the hallway burned out, no rush.","1051 Magnolia Ln, Brookhaven, GA",DeKalb,,rent_manage,maintenance,P3,Noa
EM-0700,email,2026-04-21T19:31:00Z,Sam Levi,sam.levi68@yahoo.com,Maintenance follow-up,The work order #4421 for the dishwasher - any update?,"1787 Oak Ave, Cumming, GA",Forsyth,,rent_manage,maintenance,P2,Noa
EM-0701,email,2026-04-13T08:59:00Z,Daniel Rodriguez,daniel.rodriguez1@yahoo.com,Hey :),"Hey, want to grab dinner Friday at that new ramen place?",,,,non_business,personal,P3,ARCHIVE
EM-0702,email,2026-03-22T01:19:00Z,Maria Miller,maria.miller40@example-mail.test,Question about your listing,Need to move ASAP - relocating for work in 3 weeks. Can you call me today?,"7116 Peachtree St, Cumming, GA",Forsyth,,buy_sell,buyer_lead,P1,Fabi
EM-0703,email,2026-05-16T07:07:00Z,Kate Rodriguez,kate.rodriguez19@outlook.com,Question about your listing,Need to move ASAP - relocating for work in 3 weeks. Can you call me today?,"6838 Riverbend Way, Decatur, GA",DeKalb,,buy_sell,buyer_lead,P1,Nathalie
EM-0704,email,2026-05-08T15:02:00Z,Definitely Not A Scam,win372@spam.example,YOU WON,Crypto opportunity - 300% return guaranteed. Reply YES.,,,,non_business,spam,P3,ARCHIVE
EM-0705,email,2026-05-02T19:49:00Z,Olivia Bell,olivia.bell30@yahoo.com,Hey :),The dog has a vet appointment Thursday at 10am.,,,,non_business,personal,P3,ARCHIVE
EM-0706,email,2026-03-25T10:58:00Z,Anna Johnson,anna.johnson7@gmail.com,Hey :),"Pickup at school is at 3:15 today, can you grab the kids?",,,,non_business,personal,P3,ARCHIVE
EM-0707,email,2026-05-03T22:08:00Z,Chris Park,chris.park8@outlook.com,Urgent - apartment issue,"No heat for 2 days now, my baby is freezing. 3034 Willow Pkwy, Canton, GA","3034 Willow Pkwy, Canton, GA",Cherokee,,rent_manage,tenant_issue,P0,Nathalie
EM-0708,email,2026-04-04T18:26:00Z,Marco Park,marco.park91@example-mail.test,Question about your listing,Need to move ASAP - relocating for work in 3 weeks. Can you call me today?,"6330 Birch Ct, Cumming, GA",Forsyth,,buy_sell,buyer_lead,P1,Fabi
EM-0709,email,2026-05-06T19:39:00Z,Tara Bell,tara.bell10@icloud.com,Vendor quote,"The painter quoted $1,800 for unit B at 1232 Maple Dr, Marietta, GA - does that look right?","1232 Maple Dr, Marietta, GA",Cobb,,rent_manage,vendor,P2,Noa
EM-0710,email,2026-04-22T21:10:00Z,Sam Park,sam.park12@gmail.com,Hey :),Mom's birthday is next week - did you order the cake?,,,,non_business,personal,P3,ARCHIVE
EM-0711,email,2026-04-11T15:26:00Z,Ben Miller,ben.miller15@yahoo.com,Vendor quote,"The painter quoted $1,800 for unit B at 1116 Sycamore Blvd, Lawrenceville, GA - does that look right?","1116 Sycamore Blvd, Lawrenceville, GA",Gwinnett,,rent_manage,vendor,P2,Noa
EM-0712,email,2026-03-20T09:10:00Z,Aisha Davis,aisha.davis21@gmail.com,Urgent - apartment issue,"Neighbor in unit B has been playing loud music until 2am for a week. 3213 Oak Ave, Smyrna, GA","3213 Oak Ave, Smyrna, GA",Cobb,,rent_manage,tenant_issue,P2,Nathalie
EM-0713,email,2026-04-11T14:28:00Z,Ben Williams,ben.williams40@example-mail.test,Hey :),"Pickup at school is at 3:15 today, can you grab the kids?",,,,non_business,personal,P3,ARCHIVE
EM-0714,email,2026-05-01T23:59:00Z,Olivia Adams,olivia.adams97@icloud.com,Showing time change,"Can we move tomorrow's showing at 3671 Sycamore Blvd, Kennesaw, GA from 4pm to 6pm?","3671 Sycamore Blvd, Kennesaw, GA",Cobb,,buy_sell,showing,P2,Fabi
EM-0715,email,2026-05-05T00:37:00Z,Linda Cohen,linda.cohen42@gmail.com,Urgent - apartment issue,"AC stopped cooling at 9161 Willow Pkwy, Cumming, GA. Indoor temp is 84F.","9161 Willow Pkwy, Cumming, GA",Forsyth,,rent_manage,tenant_issue,P1,Nathalie
EM-0716,email,2026-04-11T12:31:00Z,Tara Rodriguez,tara.rodriguez2@example-mail.test,Offer / deal update,"Appraisal came in at $620k for 9137 Peachtree St, Cumming, GA. Numbers look good.","9137 Peachtree St, Cumming, GA",Forsyth,,buy_sell,deal,P2,Nathalie
EM-0717,email,2026-04-29T18:21:00Z,Aisha Davis,aisha.davis88@gmail.com,Payment / billing,I paid rent on the 1st but it doesn't show in the portal yet.,"2241 Peachtree St, Decatur, GA",DeKalb,,rent_manage,billing,P2,Noa
EM-0718,email,2026-03-25T04:42:00Z,Lisa Romano,lisa.romano18@yahoo.com,Vendor quote,"Plumber invoice for 6447 Pine Rd, Woodstock, GA - approving with your sign-off.","6447 Pine Rd, Woodstock, GA",Cherokee,,rent_manage,vendor,P3,Noa
EM-0719,email,2026-04-06T00:04:00Z,Marketing Promo Co,newsletter@marketing.example.com,You've gotta see this offer,Atlanta Realtors Network: invitation to our May mixer.,,,,non_business,marketing_promo,P3,ARCHIVE
EM-0720,email,2026-04-14T09:35:00Z,Daniel Adams,daniel.adams85@icloud.com,Showing time change,"Running 15 min late to the showing at 5407 Pine Rd, Brookhaven, GA, please tell the agent.","5407 Pine Rd, Brookhaven, GA",DeKalb,,buy_sell,showing,P1,Nathalie
EM-0721,email,2026-05-14T13:03:00Z,Ryan Singh,ryan.singh32@icloud.com,Urgent - apartment issue,"EMERGENCY - water is pouring from the ceiling in unit at 6134 Birch Ct, Smyrna, GA!!","6134 Birch Ct, Smyrna, GA",Cobb,,rent_manage,tenant_issue,P0,Nathalie
EM-0722,email,2026-03-23T22:12:00Z,Linda Brown,linda.brown28@icloud.com,Hey :),Yoga class moved to 7am tomorrow. Want to come?,,,,non_business,personal,P3,ARCHIVE
EM-0723,email,2026-05-12T06:06:00Z,Olivia Johnson,olivia.johnson56@yahoo.com,Showing time change,"Running 15 min late to the showing at 1915 Oak Ave, Roswell, GA, please tell the agent.","1915 Oak Ave, Roswell, GA",Fulton,,buy_sell,showing,P1,Nathalie
EM-0724,email,2026-05-02T00:53:00Z,Emily Nguyen,emily.nguyen79@outlook.com,Document request,"Could you send me the seller's disclosure for 2614 Oak Ave, Marietta, GA (MLS MLS-7274627)?","2614 Oak Ave, Marietta, GA",Cobb,MLS-7274627,buy_sell,document,P2,Noa
EM-0725,email,2026-05-17T06:37:00Z,Lisa Bell,lisa.bell28@icloud.com,Hey :),Yoga class moved to 7am tomorrow. Want to come?,,,,non_business,personal,P3,ARCHIVE
EM-0726,email,2026-04-12T12:20:00Z,Ryan Nguyen,ryan.nguyen45@icloud.com,Payment / billing,I paid rent on the 1st but it doesn't show in the portal yet.,"8445 Willow Pkwy, Cumming, GA",Forsyth,,rent_manage,billing,P2,Noa
EM-0727,email,2026-04-05T20:35:00Z,Lisa Rodriguez,lisa.rodriguez61@yahoo.com,Payment / billing,I paid rent on the 1st but it doesn't show in the portal yet.,"3858 Sycamore Blvd, Kennesaw, GA",Cobb,,rent_manage,billing,P2,Noa
EM-0728,email,2026-04-24T00:25:00Z,Sam Patel,sam.patel3@icloud.com,Question about your listing,Need to move ASAP - relocating for work in 3 weeks. Can you call me today?,"3431 Peachtree St, Marietta, GA",Cobb,,buy_sell,buyer_lead,P1,Fabi
EM-0729,email,2026-05-04T21:41:00Z,Aaron Rodriguez,aaron.rodriguez52@outlook.com,Hey :),Dentist appointment confirmed for Tuesday 2pm.,,,,non_business,personal,P3,ARCHIVE
EM-0730,email,2026-05-02T03:45:00Z,Sara Romano,sara.romano36@outlook.com,Maintenance follow-up,"Vendor said they'd be here at 10am, no show. Can you check on them?","8630 Willow Pkwy, Cumming, GA",Forsyth,,rent_manage,maintenance,P2,Noa
EM-0731,email,2026-03-23T01:43:00Z,Aisha Cohen,aisha.cohen8@gmail.com,Urgent - apartment issue,"Locked out of 1273 Maple Dr, Sandy Springs, GA at 11pm with the kids in the car.","1273 Maple Dr, Sandy Springs, GA",Fulton,,rent_manage,tenant_issue,P0,Nathalie
EM-0732,email,2026-03-31T20:51:00Z,Linda Davis,linda.davis69@example-mail.test,Urgent - apartment issue,"Bathroom faucet is dripping non-stop, can a plumber come look?","3173 Pine Rd, Dunwoody, GA",DeKalb,,rent_manage,tenant_issue,P2,Nathalie
EM-0733,email,2026-05-09T07:20:00Z,Marketing Promo Co,newsletter@constantcontact.com,You've gotta see this offer,FLASH SALE - 50% off everything at our store this weekend only!,,,,non_business,marketing_promo,P3,ARCHIVE
EM-0734,email,2026-05-16T23:00:00Z,Aisha Williams,aisha.williams56@gmail.com,Urgent - apartment issue,"AC stopped cooling at 8583 Peachtree St, Kennesaw, GA. Indoor temp is 84F.","8583 Peachtree St, Kennesaw, GA",Cobb,,rent_manage,tenant_issue,P1,Nathalie
EM-0735,email,2026-05-12T04:02:00Z,David Davis,david.davis46@icloud.com,Selling our home,"Hi Nathalie, I'd like to sell my house at 4907 Pine Rd, Lawrenceville, GA. What's the market like in Gwinnett right now?","4907 Pine Rd, Lawrenceville, GA",Gwinnett,,buy_sell,seller_lead,P2,Fabi
EM-0736,email,2026-03-28T08:11:00Z,Olivia Martinez,olivia.martinez8@yahoo.com,Offer / deal update,Closing tomorrow at 9am and the wire instructions look wrong - help!,"3438 Pine Rd, Sandy Springs, GA",Fulton,,buy_sell,deal,P0,Nathalie
EM-0737,email,2026-04-01T21:55:00Z,Maria Romano,maria.romano7@yahoo.com,Urgent - apartment issue,"Bathroom faucet is dripping non-stop, can a plumber come look?","643 Pine Rd, Cumming, GA",Forsyth,,rent_manage,tenant_issue,P2,Nathalie
EM-0738,email,2026-04-04T18:24:00Z,Priya Patel,priya.patel51@icloud.com,Contract / signature needed,"Giving 30 days' notice - moving out by end of next month. 844 Maple Dr, Cumming, GA","844 Maple Dr, Cumming, GA",Forsyth,,rent_manage,contract,P1,Noa
EM-0739,email,2026-05-05T09:05:00Z,Mike Nguyen,mike.nguyen54@outlook.com,Urgent - apartment issue,"Neighbor in unit B has been playing loud music until 2am for a week. 2245 Maple Dr, Sugar Hill, GA","2245 Maple Dr, Sugar Hill, GA",Gwinnett,,rent_manage,tenant_issue,P2,Nathalie
EM-0740,email,2026-03-28T01:54:00Z,Definitely Not A Scam,win329@spam.example,YOU WON,I'm a Nigerian prince and need your help moving $25M...,,,,non_business,spam,P3,ARCHIVE
EM-0741,email,2026-05-11T13:03:00Z,Rachel Khan,rachel.khan92@example-mail.test,Urgent - apartment issue,"Bathroom faucet is dripping non-stop, can a plumber come look?","5746 Pine Rd, Lawrenceville, GA",Gwinnett,,rent_manage,tenant_issue,P2,Nathalie
EM-0742,email,2026-05-03T01:12:00Z,Ben Park,ben.park15@outlook.com,Urgent - apartment issue,"EMERGENCY - water is pouring from the ceiling in unit at 373 Sycamore Blvd, Cumming, GA!!","373 Sycamore Blvd, Cumming, GA",Forsyth,,rent_manage,tenant_issue,P0,Nathalie
EM-0743,email,2026-03-20T01:56:00Z,Sara Martinez,sara.martinez33@gmail.com,Document request,Lender needs proof of homeowners insurance by end of day.,"4254 Riverbend Way, Marietta, GA",Cobb,,buy_sell,document,P1,Noa
EM-0744,email,2026-04-18T23:29:00Z,Marketing Promo Co,newsletter@constantcontact.com,You've gotta see this offer,Boost your listings with our premium photography package.,,,,non_business,marketing_promo,P3,ARCHIVE
EM-0745,email,2026-04-06T07:38:00Z,Tom Garcia,tom.garcia49@gmail.com,Urgent - apartment issue,"Neighbor in unit B has been playing loud music until 2am for a week. 8962 Birch Ct, Canton, GA","8962 Birch Ct, Canton, GA",Cherokee,,rent_manage,tenant_issue,P2,Nathalie
EM-0746,email,2026-05-07T14:21:00Z,Anna Levi,anna.levi1@icloud.com,Selling our home,"Hi Nathalie, I'd like to sell my house at 1151 Riverbend Way, Cumming, GA. What's the market like in Forsyth right now?","1151 Riverbend Way, Cumming, GA",Forsyth,,buy_sell,seller_lead,P2,Fabi
EM-0747,email,2026-04-20T20:12:00Z,Ryan Martinez,ryan.martinez96@icloud.com,Hey :),FYI we're out of milk. Can you grab some on the way home?,,,,non_business,personal,P3,ARCHIVE
EM-0748,email,2026-04-21T17:34:00Z,Sophie Johnson,sophie.johnson10@outlook.com,Document request,"Could you send me the seller's disclosure for 8162 Riverbend Way, Cumming, GA (MLS MLS-7348487)?","8162 Riverbend Way, Cumming, GA",Forsyth,MLS-7348487,buy_sell,document,P2,Noa
EM-0749,email,2026-03-25T01:23:00Z,Lisa Patel,lisa.patel71@example-mail.test,Maintenance follow-up,"Light bulb in the hallway burned out, no rush.","5953 Magnolia Ln, Roswell, GA",Fulton,,rent_manage,maintenance,P3,Noa
EM-0750,email,2026-04-25T00:45:00Z,Hannah Romano,hannah.romano17@outlook.com,Document request,"Could you send me the seller's disclosure for 7120 Riverbend Way, Atlanta, GA (MLS MLS-7009334)?","7120 Riverbend Way, Atlanta, GA",Fulton,MLS-7009334,buy_sell,document,P2,Noa
EM-0751,email,2026-05-14T07:59:00Z,Definitely Not A Scam,win609@spam.example,YOU WON,I'm a Nigerian prince and need your help moving $25M...,,,,non_business,spam,P3,ARCHIVE
EM-0752,email,2026-03-24T03:13:00Z,Definitely Not A Scam,win733@spam.example,YOU WON,Crypto opportunity - 300% return guaranteed. Reply YES.,,,,non_business,spam,P3,ARCHIVE
EM-0753,email,2026-05-09T09:19:00Z,Definitely Not A Scam,win154@spam.example,YOU WON,Urgent: your bank account needs verification. Visit https://phish.example/,,,,non_business,spam,P3,ARCHIVE
EM-0754,email,2026-05-02T16:45:00Z,Rachel Garcia,rachel.garcia61@icloud.com,Hey :),Yoga class moved to 7am tomorrow. Want to come?,,,,non_business,personal,P3,ARCHIVE
EM-0755,email,2026-03-30T01:23:00Z,Tara Adams,tara.adams53@gmail.com,Selling our home,"Hi Nathalie, I'd like to sell my house at 8281 Sycamore Blvd, Cumming, GA. What's the market like in Forsyth right now?","8281 Sycamore Blvd, Cumming, GA",Forsyth,,buy_sell,seller_lead,P2,Fabi
EM-0756,email,2026-04-09T14:23:00Z,Chris Garcia,chris.garcia29@icloud.com,Admin / paperwork,"Insurance renewal for 1734 Magnolia Ln, Kennesaw, GA is due next month.","1734 Magnolia Ln, Kennesaw, GA",Cobb,,rent_manage,admin,P3,Noa
EM-0757,email,2026-04-30T07:55:00Z,Ethan Adams,ethan.adams90@icloud.com,Hey :),Mom's birthday is next week - did you order the cake?,,,,non_business,personal,P3,ARCHIVE
EM-0758,email,2026-04-15T22:54:00Z,David Nguyen,david.nguyen62@outlook.com,Calendar question,"Can we set up a walkthrough next Tuesday for the move-out at 1888 Pine Rd, Cumming, GA?","1888 Pine Rd, Cumming, GA",Forsyth,,rent_manage,scheduling,P2,Noa
EM-0759,email,2026-05-09T05:01:00Z,Emily Davis,emily.davis67@outlook.com,Offer / deal update,Closing tomorrow at 9am and the wire instructions look wrong - help!,"1787 Peachtree St, Lawrenceville, GA",Gwinnett,,buy_sell,deal,P0,Nathalie
EM-0760,email,2026-03-24T05:23:00Z,Sam Davis,sam.davis67@icloud.com,Maintenance follow-up,The work order #4421 for the dishwasher - any update?,"665 Riverbend Way, Woodstock, GA",Cherokee,,rent_manage,maintenance,P2,Noa
EM-0761,email,2026-04-22T07:05:00Z,Marketing Promo Co,newsletter@sendgrid.net,You've gotta see this offer,Boost your listings with our premium photography package.,,,,non_business,marketing_promo,P3,ARCHIVE
EM-0762,email,2026-04-21T13:28:00Z,Kate Park,kate.park58@gmail.com,Offer / deal update,"Counter-offer received on 6419 Peachtree St, Woodstock, GA - they want 5k more. What do you think?","6419 Peachtree St, Woodstock, GA",Cherokee,,buy_sell,deal,P1,Nathalie
EM-0763,email,2026-04-08T07:56:00Z,Marketing Promo Co,newsletter@sendgrid.net,You've gotta see this offer,Atlanta Realtors Network: invitation to our May mixer.,,,,non_business,marketing_promo,P3,ARCHIVE
EM-0764,email,2026-03-30T13:52:00Z,Aisha Miller,aisha.miller98@example-mail.test,Payment / billing,I paid rent on the 1st but it doesn't show in the portal yet.,"9840 Sycamore Blvd, Woodstock, GA",Cherokee,,rent_manage,billing,P2,Noa
EM-0765,email,2026-04-26T16:31:00Z,Definitely Not A Scam,win344@spam.example,YOU WON,"CLAIM YOUR PRIZE NOW - you've won $10,000! Click here: http://scam.example/",,,,non_business,spam,P3,ARCHIVE
EM-0766,email,2026-05-06T18:23:00Z,Anna Davis,anna.davis48@icloud.com,Hey :),"Hey, want to grab dinner Friday at that new ramen place?",,,,non_business,personal,P3,ARCHIVE
EM-0767,email,2026-04-15T12:14:00Z,Linda Miller,linda.miller39@yahoo.com,Question about your listing,"Hi, I saw the listing at 8743 Riverbend Way, Woodstock, GA. Is it still available? I'd love a tour this weekend.","8743 Riverbend Way, Woodstock, GA",Cherokee,,buy_sell,buyer_lead,P2,Fabi
EM-0768,email,2026-05-13T18:10:00Z,Rachel Patel,rachel.patel4@yahoo.com,Urgent - apartment issue,"AC stopped cooling at 2130 Pine Rd, Cumming, GA. Indoor temp is 84F.","2130 Pine Rd, Cumming, GA",Forsyth,,rent_manage,tenant_issue,P1,Nathalie
EM-0769,email,2026-03-22T04:00:00Z,John Cohen,john.cohen17@example-mail.test,Hey :),Dentist appointment confirmed for Tuesday 2pm.,,,,non_business,personal,P3,ARCHIVE
EM-0770,email,2026-05-01T15:44:00Z,Nina Nguyen,nina.nguyen20@icloud.com,Hey :),FYI we're out of milk. Can you grab some on the way home?,,,,non_business,personal,P3,ARCHIVE
EM-0771,email,2026-04-01T22:18:00Z,Marketing Promo Co,newsletter@constantcontact.com,You've gotta see this offer,Atlanta Realtors Network: invitation to our May mixer.,,,,non_business,marketing_promo,P3,ARCHIVE
EM-0772,email,2026-05-15T00:05:00Z,Linda Bell,linda.bell70@gmail.com,Offer / deal update,"Counter-offer received on 7721 Magnolia Ln, Lawrenceville, GA - they want 5k more. What do you think?","7721 Magnolia Ln, Lawrenceville, GA",Gwinnett,,buy_sell,deal,P1,Nathalie
EM-0773,email,2026-03-22T22:44:00Z,Brian Johnson,brian.johnson37@gmail.com,Urgent - apartment issue,"No heat for 2 days now, my baby is freezing. 6316 Magnolia Ln, Duluth, GA","6316 Magnolia Ln, Duluth, GA",Gwinnett,,rent_manage,tenant_issue,P0,Nathalie
EM-0774,email,2026-04-07T08:16:00Z,Daniel Adams,daniel.adams48@example-mail.test,Payment / billing,"Just confirming the security deposit is $1,500 not $2,000 like the email said.","2744 Pine Rd, Cumming, GA",Forsyth,,rent_manage,billing,P3,Noa
EM-0775,email,2026-05-13T11:36:00Z,David Garcia,david.garcia89@yahoo.com,Hey :),FYI we're out of milk. Can you grab some on the way home?,,,,non_business,personal,P3,ARCHIVE
EM-0776,email,2026-03-29T22:55:00Z,Priya Park,priya.park8@icloud.com,Showing time change,"I'm at 6725 Pine Rd, Woodstock, GA but the door is locked. Are you on the way?","6725 Pine Rd, Woodstock, GA",Cherokee,,buy_sell,showing,P1,Fabi
EM-0777,email,2026-04-21T00:06:00Z,Emily Patel,emily.patel5@example-mail.test,Document request,Lender needs proof of homeowners insurance by end of day.,"7081 Oak Ave, Cumming, GA",Forsyth,,buy_sell,document,P1,Noa
EM-0778,email,2026-04-23T20:23:00Z,Definitely Not A Scam,win783@spam.example,YOU WON,Urgent: your bank account needs verification. Visit https://phish.example/,,,,non_business,spam,P3,ARCHIVE
EM-0779,email,2026-04-29T10:31:00Z,Daniel Patel,daniel.patel97@yahoo.com,Hey :),FYI we're out of milk. Can you grab some on the way home?,,,,non_business,personal,P3,ARCHIVE
EM-0780,email,2026-05-09T01:05:00Z,Marco Martinez,marco.martinez88@icloud.com,Document request,Lender needs proof of homeowners insurance by end of day.,"6571 Maple Dr, Brookhaven, GA",DeKalb,,buy_sell,document,P1,Noa
EM-0781,email,2026-03-23T08:46:00Z,Marketing Promo Co,newsletter@constantcontact.com,You've gotta see this offer,Are you a real estate agent? Try our new CRM free for 30 days.,,,,non_business,marketing_promo,P3,ARCHIVE
EM-0782,email,2026-03-31T13:25:00Z,Aaron Cohen,aaron.cohen59@yahoo.com,Offer / deal update,Closing tomorrow at 9am and the wire instructions look wrong - help!,"1026 Pine Rd, Smyrna, GA",Cobb,,buy_sell,deal,P0,Nathalie
EM-0783,email,2026-05-03T08:21:00Z,Linda Romano,linda.romano8@icloud.com,Hey :),Mom's birthday is next week - did you order the cake?,,,,non_business,personal,P3,ARCHIVE
EM-0784,email,2026-03-22T21:24:00Z,Brian Khan,brian.khan90@outlook.com,Contract / signature needed,"Need your signature on the addendum for 8816 Birch Ct, Duluth, GA before 5pm.","8816 Birch Ct, Duluth, GA",Gwinnett,,buy_sell,contract,P1,Noa
EM-0785,email,2026-03-29T07:08:00Z,Anna Nguyen,anna.nguyen76@example-mail.test,Question about your listing,Need to move ASAP - relocating for work in 3 weeks. Can you call me today?,"4604 Sycamore Blvd, Woodstock, GA",Cherokee,,buy_sell,buyer_lead,P1,Fabi
EM-0786,email,2026-04-29T09:59:00Z,Ben Garcia,ben.garcia84@example-mail.test,Urgent - apartment issue,"No heat for 2 days now, my baby is freezing. 3092 Oak Ave, Canton, GA","3092 Oak Ave, Canton, GA",Cherokee,,rent_manage,tenant_issue,P0,Nathalie
EM-0787,email,2026-03-20T19:39:00Z,Aisha Adams,aisha.adams72@gmail.com,Selling our home,Considering listing the property in Fulton - can we schedule a CMA?,"3502 Riverbend Way, Atlanta, GA",Fulton,,buy_sell,seller_lead,P2,Nathalie
EM-0788,email,2026-05-07T23:55:00Z,Linda Khan,linda.khan83@yahoo.com,Contract / signature needed,Question on clause 7.b of the contract - what does 'as-is' really mean here?,"2337 Birch Ct, Atlanta, GA",Fulton,,buy_sell,contract,P2,Noa
EM-0789,email,2026-05-07T19:11:00Z,Mike Romano,mike.romano31@yahoo.com,Urgent - apartment issue,"No heat for 2 days now, my baby is freezing. 4701 Pine Rd, Kennesaw, GA","4701 Pine Rd, Kennesaw, GA",Cobb,,rent_manage,tenant_issue,P0,Nathalie
EM-0790,email,2026-03-26T21:03:00Z,Aaron Cohen,aaron.cohen81@yahoo.com,Question about your listing,Need to move ASAP - relocating for work in 3 weeks. Can you call me today?,"5234 Oak Ave, Roswell, GA",Fulton,,buy_sell,buyer_lead,P1,Nathalie
EM-0791,email,2026-03-20T23:47:00Z,John Singh,john.singh5@outlook.com,Offer / deal update,Closing tomorrow at 9am and the wire instructions look wrong - help!,"7152 Peachtree St, Brookhaven, GA",DeKalb,,buy_sell,deal,P0,Nathalie
EM-0792,email,2026-04-11T05:36:00Z,Marketing Promo Co,newsletter@sendgrid.net,You've gotta see this offer,Your monthly newsletter from RealEstateDigest is here.,,,,non_business,marketing_promo,P3,ARCHIVE
EM-0793,email,2026-05-12T22:48:00Z,Tom Patel,tom.patel69@gmail.com,Hey :),Yoga class moved to 7am tomorrow. Want to come?,,,,non_business,personal,P3,ARCHIVE
EM-0794,email,2026-05-04T20:32:00Z,Olivia Park,olivia.park54@gmail.com,Offer / deal update,"Counter-offer received on 4587 Sycamore Blvd, Canton, GA - they want 5k more. What do you think?","4587 Sycamore Blvd, Canton, GA",Cherokee,,buy_sell,deal,P1,Nathalie
EM-0795,email,2026-04-17T12:01:00Z,Lisa Park,lisa.park10@example-mail.test,Question about your listing,"Our offer on 8341 Oak Ave, Cumming, GA expires at 5pm today, can you confirm acceptance??","8341 Oak Ave, Cumming, GA",Forsyth,,buy_sell,buyer_lead,P0,Fabi
EM-0796,email,2026-04-21T16:16:00Z,Sam Romano,sam.romano87@example-mail.test,Showing time change,"I'm at 5541 Riverbend Way, Atlanta, GA but the door is locked. Are you on the way?","5541 Riverbend Way, Atlanta, GA",Fulton,,buy_sell,showing,P1,Nathalie
EM-0797,email,2026-05-10T19:23:00Z,Hannah Miller,hannah.miller87@example-mail.test,Admin / paperwork,"HOA sent a notice about new pool hours, forwarding to you.","6290 Maple Dr, Dunwoody, GA",DeKalb,,rent_manage,admin,P3,Noa
EM-0798,email,2026-04-26T07:01:00Z,Jorge Singh,jorge.singh83@example-mail.test,Urgent - apartment issue,"AC stopped cooling at 6560 Cedar Trail, Roswell, GA. Indoor temp is 84F.","6560 Cedar Trail, Roswell, GA",Fulton,,rent_manage,tenant_issue,P1,Nathalie
EM-0799,email,2026-04-11T20:53:00Z,Kate Adams,kate.adams91@icloud.com,Maintenance follow-up,The work order #4421 for the dishwasher - any update?,"1590 Pine Rd, Marietta, GA",Cobb,,rent_manage,maintenance,P2,Noa
EM-0800,email,2026-05-16T12:26:00Z,Ryan Miller,ryan.miller25@yahoo.com,Hey :),"Hey, want to grab dinner Friday at that new ramen place?",,,,non_business,personal,P3,ARCHIVE
EM-0801,email,2026-05-08T12:55:00Z,Ethan Romano,ethan.romano43@icloud.com,Hey :),FYI we're out of milk. Can you grab some on the way home?,,,,non_business,personal,P3,ARCHIVE
EM-0802,email,2026-03-18T15:14:00Z,David Romano,david.romano93@gmail.com,Hey :),The dog has a vet appointment Thursday at 10am.,,,,non_business,personal,P3,ARCHIVE
EM-0803,email,2026-04-28T20:51:00Z,Priya Khan,priya.khan3@icloud.com,Contract / signature needed,"Need your signature on the addendum for 4009 Cedar Trail, Cumming, GA before 5pm.","4009 Cedar Trail, Cumming, GA",Forsyth,,buy_sell,contract,P1,Noa
EM-0804,email,2026-04-23T03:31:00Z,Emily Davis,emily.davis8@example-mail.test,Showing time change,"Running 15 min late to the showing at 6441 Cedar Trail, Duluth, GA, please tell the agent.","6441 Cedar Trail, Duluth, GA",Gwinnett,,buy_sell,showing,P1,Fabi
EM-0805,email,2026-03-23T15:27:00Z,Anna Miller,anna.miller57@example-mail.test,Question about your listing,Need to move ASAP - relocating for work in 3 weeks. Can you call me today?,"3350 Peachtree St, Lawrenceville, GA",Gwinnett,,buy_sell,buyer_lead,P1,Fabi
EM-0806,email,2026-03-25T02:28:00Z,Linda Davis,linda.davis52@gmail.com,Contract / signature needed,"Need to renew the lease at 1047 Willow Pkwy, Brookhaven, GA. Can you send the renewal terms?","1047 Willow Pkwy, Brookhaven, GA",DeKalb,,rent_manage,contract,P2,Noa
EM-0807,email,2026-03-22T02:35:00Z,Sam Levi,sam.levi90@gmail.com,Admin / paperwork,"Insurance renewal for 7192 Birch Ct, Cumming, GA is due next month.","7192 Birch Ct, Cumming, GA",Forsyth,,rent_manage,admin,P3,Noa
EM-0808,email,2026-03-20T01:41:00Z,Mike Garcia,mike.garcia9@icloud.com,Urgent - apartment issue,"EMERGENCY - water is pouring from the ceiling in unit at 5059 Oak Ave, Kennesaw, GA!!","5059 Oak Ave, Kennesaw, GA",Cobb,,rent_manage,tenant_issue,P0,Nathalie
EM-0809,email,2026-05-13T03:16:00Z,Emily Patel,emily.patel36@yahoo.com,Showing time change,"Running 15 min late to the showing at 5137 Birch Ct, Dunwoody, GA, please tell the agent.","5137 Birch Ct, Dunwoody, GA",DeKalb,,buy_sell,showing,P1,Nathalie
EM-0810,email,2026-04-03T12:09:00Z,David Levi,david.levi13@icloud.com,Offer / deal update,Closing tomorrow at 9am and the wire instructions look wrong - help!,"5353 Cedar Trail, Smyrna, GA",Cobb,,buy_sell,deal,P0,Nathalie
EM-0811,email,2026-04-20T18:52:00Z,Pavel Bell,pavel.bell3@outlook.com,Offer / deal update,Closing tomorrow at 9am and the wire instructions look wrong - help!,"8656 Maple Dr, Woodstock, GA",Cherokee,,buy_sell,deal,P0,Nathalie
EM-0812,email,2026-04-12T02:39:00Z,Kate Martinez,kate.martinez59@outlook.com,Urgent - apartment issue,"Neighbor in unit B has been playing loud music until 2am for a week. 350 Magnolia Ln, Woodstock, GA","350 Magnolia Ln, Woodstock, GA",Cherokee,,rent_manage,tenant_issue,P2,Nathalie
EM-0813,email,2026-04-10T17:16:00Z,Marketing Promo Co,newsletter@sendgrid.net,You've gotta see this offer,Your monthly newsletter from RealEstateDigest is here.,,,,non_business,marketing_promo,P3,ARCHIVE
EM-0814,email,2026-05-06T00:25:00Z,Marketing Promo Co,newsletter@mailchimp.com,You've gotta see this offer,FLASH SALE - 50% off everything at our store this weekend only!,,,,non_business,marketing_promo,P3,ARCHIVE
EM-0815,email,2026-05-16T00:53:00Z,Ethan Martinez,ethan.martinez38@example-mail.test,Question about your listing,"Hi, I saw the listing at 9672 Magnolia Ln, Sandy Springs, GA. Is it still available? I'd love a tour this weekend.","9672 Magnolia Ln, Sandy Springs, GA",Fulton,,buy_sell,buyer_lead,P2,Nathalie
EM-0816,email,2026-03-24T22:19:00Z,Brian Levi,brian.levi74@outlook.com,Calendar question,"Can we set up a walkthrough next Tuesday for the move-out at 1584 Pine Rd, Brookhaven, GA?","1584 Pine Rd, Brookhaven, GA",DeKalb,,rent_manage,scheduling,P2,Noa
EM-0817,email,2026-05-01T21:12:00Z,Lisa Bell,lisa.bell65@gmail.com,Hey :),Dentist appointment confirmed for Tuesday 2pm.,,,,non_business,personal,P3,ARCHIVE
EM-0818,email,2026-03-18T15:31:00Z,Pavel Rodriguez,pavel.rodriguez53@icloud.com,Question about your listing,"Our offer on 9335 Birch Ct, Sandy Springs, GA expires at 5pm today, can you confirm acceptance??","9335 Birch Ct, Sandy Springs, GA",Fulton,,buy_sell,buyer_lead,P0,Nathalie
EM-0819,email,2026-04-09T23:15:00Z,Marketing Promo Co,newsletter@marketing.example.com,You've gotta see this offer,Atlanta Realtors Network: invitation to our May mixer.,,,,non_business,marketing_promo,P3,ARCHIVE
EM-0820,email,2026-04-03T18:46:00Z,Sara Davis,sara.davis71@example-mail.test,Offer / deal update,Got the inspection report back. There are 3 items I'd like to negotiate.,"5563 Maple Dr, Cumming, GA",Forsyth,,buy_sell,deal,P1,Nathalie
EM-0821,email,2026-05-16T09:32:00Z,Definitely Not A Scam,win553@spam.example,YOU WON,Urgent: your bank account needs verification. Visit https://phish.example/,,,,non_business,spam,P3,ARCHIVE
EM-0822,email,2026-04-17T21:26:00Z,Definitely Not A Scam,win680@spam.example,YOU WON,Crypto opportunity - 300% return guaranteed. Reply YES.,,,,non_business,spam,P3,ARCHIVE
EM-0823,email,2026-04-04T07:36:00Z,Marketing Promo Co,newsletter@marketing.example.com,You've gotta see this offer,Are you a real estate agent? Try our new CRM free for 30 days.,,,,non_business,marketing_promo,P3,ARCHIVE
EM-0824,email,2026-03-30T09:46:00Z,Definitely Not A Scam,win717@spam.example,YOU WON,Urgent: your bank account needs verification. Visit https://phish.example/,,,,non_business,spam,P3,ARCHIVE
EM-0825,email,2026-04-04T08:52:00Z,Tom Cohen,tom.cohen97@outlook.com,Urgent - apartment issue,"Gas leak smell in the apartment, I called 911. 5274 Willow Pkwy, Woodstock, GA","5274 Willow Pkwy, Woodstock, GA",Cherokee,,rent_manage,tenant_issue,P0,Nathalie
EM-0826,email,2026-04-04T18:51:00Z,Olivia Cohen,olivia.cohen55@outlook.com,Offer / deal update,"Counter-offer received on 2957 Oak Ave, Kennesaw, GA - they want 5k more. What do you think?","2957 Oak Ave, Kennesaw, GA",Cobb,,buy_sell,deal,P1,Nathalie
EM-0827,email,2026-04-27T02:09:00Z,Ryan Bell,ryan.bell78@icloud.com,Hey :),"Hey, want to grab dinner Friday at that new ramen place?",,,,non_business,personal,P3,ARCHIVE
EM-0828,email,2026-04-03T13:41:00Z,Definitely Not A Scam,win867@spam.example,YOU WON,I'm a Nigerian prince and need your help moving $25M...,,,,non_business,spam,P3,ARCHIVE
EM-0829,email,2026-03-31T22:05:00Z,Marketing Promo Co,newsletter@sendgrid.net,You've gotta see this offer,Are you a real estate agent? Try our new CRM free for 30 days.,,,,non_business,marketing_promo,P3,ARCHIVE
EM-0830,email,2026-05-13T15:59:00Z,Ryan Garcia,ryan.garcia40@gmail.com,Contract / signature needed,"Need your signature on the addendum for 5973 Birch Ct, Sandy Springs, GA before 5pm.","5973 Birch Ct, Sandy Springs, GA",Fulton,,buy_sell,contract,P1,Noa
EM-0831,email,2026-03-31T22:35:00Z,Definitely Not A Scam,win226@spam.example,YOU WON,I'm a Nigerian prince and need your help moving $25M...,,,,non_business,spam,P3,ARCHIVE
EM-0832,email,2026-05-09T17:51:00Z,Marketing Promo Co,newsletter@constantcontact.com,You've gotta see this offer,Your monthly newsletter from RealEstateDigest is here.,,,,non_business,marketing_promo,P3,ARCHIVE
EM-0833,email,2026-04-22T01:42:00Z,Jorge Rodriguez,jorge.rodriguez83@example-mail.test,Admin / paperwork,"Insurance renewal for 8041 Magnolia Ln, Cumming, GA is due next month.","8041 Magnolia Ln, Cumming, GA",Forsyth,,rent_manage,admin,P3,Noa
EM-0834,email,2026-04-09T05:37:00Z,Pavel Khan,pavel.khan21@outlook.com,Question about your listing,"Our offer on 4958 Oak Ave, Cumming, GA expires at 5pm today, can you confirm acceptance??","4958 Oak Ave, Cumming, GA",Forsyth,,buy_sell,buyer_lead,P0,Fabi
EM-0835,email,2026-04-20T19:00:00Z,Marketing Promo Co,newsletter@marketing.example.com,You've gotta see this offer,Are you a real estate agent? Try our new CRM free for 30 days.,,,,non_business,marketing_promo,P3,ARCHIVE
EM-0836,email,2026-05-17T03:28:00Z,Tom Romano,tom.romano18@yahoo.com,Hey :),Mom's birthday is next week - did you order the cake?,,,,non_business,personal,P3,ARCHIVE
EM-0837,email,2026-03-23T11:10:00Z,Jorge Miller,jorge.miller58@yahoo.com,Contract / signature needed,"Giving 30 days' notice - moving out by end of next month. 3028 Maple Dr, Duluth, GA","3028 Maple Dr, Duluth, GA",Gwinnett,,rent_manage,contract,P1,Noa
EM-0838,email,2026-03-30T15:39:00Z,Tom Brown,tom.brown64@icloud.com,Vendor quote,"Plumber invoice for 1173 Peachtree St, Canton, GA - approving with your sign-off.","1173 Peachtree St, Canton, GA",Cherokee,,rent_manage,vendor,P3,Noa
EM-0839,email,2026-04-27T15:31:00Z,Ryan Bell,ryan.bell83@gmail.com,Offer / deal update,"Counter-offer received on 9253 Peachtree St, Marietta, GA - they want 5k more. What do you think?","9253 Peachtree St, Marietta, GA",Cobb,,buy_sell,deal,P1,Nathalie
EM-0840,email,2026-03-27T11:23:00Z,Brian Singh,brian.singh78@yahoo.com,Urgent - apartment issue,"Neighbor in unit B has been playing loud music until 2am for a week. 7718 Sycamore Blvd, Cumming, GA","7718 Sycamore Blvd, Cumming, GA",Forsyth,,rent_manage,tenant_issue,P2,Nathalie
EM-0841,email,2026-05-15T15:40:00Z,John Romano,john.romano12@outlook.com,Contract / signature needed,"Need your signature on the addendum for 5381 Peachtree St, Canton, GA before 5pm.","5381 Peachtree St, Canton, GA",Cherokee,,buy_sell,contract,P1,Noa
EM-0842,email,2026-03-20T21:45:00Z,Kate Martinez,kate.martinez23@yahoo.com,Hey :),Dentist appointment confirmed for Tuesday 2pm.,,,,non_business,personal,P3,ARCHIVE
EM-0843,email,2026-04-09T04:55:00Z,Priya Cohen,priya.cohen91@outlook.com,Urgent - apartment issue,"No heat for 2 days now, my baby is freezing. 9754 Willow Pkwy, Sandy Springs, GA","9754 Willow Pkwy, Sandy Springs, GA",Fulton,,rent_manage,tenant_issue,P0,Nathalie
EM-0844,email,2026-05-06T14:23:00Z,Tara Levi,tara.levi3@outlook.com,Hey :),Mom's birthday is next week - did you order the cake?,,,,non_business,personal,P3,ARCHIVE
EM-0845,email,2026-04-18T05:14:00Z,Anna Nguyen,anna.nguyen69@example-mail.test,Contract / signature needed,"Need to renew the lease at 5599 Riverbend Way, Dunwoody, GA. Can you send the renewal terms?","5599 Riverbend Way, Dunwoody, GA",DeKalb,,rent_manage,contract,P2,Noa
EM-0846,email,2026-03-18T12:41:00Z,Sophie Patel,sophie.patel27@icloud.com,Urgent - apartment issue,"AC stopped cooling at 3577 Riverbend Way, Smyrna, GA. Indoor temp is 84F.","3577 Riverbend Way, Smyrna, GA",Cobb,,rent_manage,tenant_issue,P1,Nathalie
EM-0847,email,2026-05-15T04:29:00Z,Sophie Williams,sophie.williams68@icloud.com,Maintenance follow-up,"Vendor said they'd be here at 10am, no show. Can you check on them?","910 Willow Pkwy, Duluth, GA",Gwinnett,,rent_manage,maintenance,P2,Noa
EM-0848,email,2026-04-13T08:27:00Z,Nina Martinez,nina.martinez45@outlook.com,Admin / paperwork,"Insurance renewal for 3177 Riverbend Way, Lawrenceville, GA is due next month.","3177 Riverbend Way, Lawrenceville, GA",Gwinnett,,rent_manage,admin,P3,Noa
EM-0849,email,2026-04-05T21:30:00Z,Nina Adams,nina.adams42@example-mail.test,Payment / billing,Got a late fee but I have proof I paid on time. Can we sort this out?,"3636 Peachtree St, Dunwoody, GA",DeKalb,,rent_manage,billing,P2,Noa
EM-0850,email,2026-04-29T10:26:00Z,Marketing Promo Co,newsletter@mailchimp.com,You've gotta see this offer,Boost your listings with our premium photography package.,,,,non_business,marketing_promo,P3,ARCHIVE
EM-0851,email,2026-04-03T00:22:00Z,Marketing Promo Co,newsletter@constantcontact.com,You've gotta see this offer,FLASH SALE - 50% off everything at our store this weekend only!,,,,non_business,marketing_promo,P3,ARCHIVE
EM-0852,email,2026-04-07T11:39:00Z,Maria Johnson,maria.johnson72@gmail.com,Maintenance follow-up,"Light bulb in the hallway burned out, no rush.","5156 Birch Ct, Canton, GA",Cherokee,,rent_manage,maintenance,P3,Noa
EM-0853,email,2026-05-13T11:49:00Z,Tara Martinez,tara.martinez42@icloud.com,Hey :),"Pickup at school is at 3:15 today, can you grab the kids?",,,,non_business,personal,P3,ARCHIVE
EM-0854,email,2026-05-02T01:43:00Z,Tom Romano,tom.romano35@example-mail.test,Maintenance follow-up,"Vendor said they'd be here at 10am, no show. Can you check on them?","1249 Maple Dr, Atlanta, GA",Fulton,,rent_manage,maintenance,P2,Noa
EM-0855,email,2026-05-06T16:15:00Z,Maria Miller,maria.miller67@example-mail.test,Offer / deal update,"Appraisal came in at $620k for 1073 Pine Rd, Canton, GA. Numbers look good.","1073 Pine Rd, Canton, GA",Cherokee,,buy_sell,deal,P2,Nathalie
EM-0856,email,2026-05-02T18:32:00Z,Ethan Patel,ethan.patel3@gmail.com,Document request,Lender needs proof of homeowners insurance by end of day.,"7334 Maple Dr, Smyrna, GA",Cobb,,buy_sell,document,P1,Noa
EM-0857,email,2026-05-02T05:54:00Z,Marketing Promo Co,newsletter@mailchimp.com,You've gotta see this offer,FLASH SALE - 50% off everything at our store this weekend only!,,,,non_business,marketing_promo,P3,ARCHIVE
EM-0858,email,2026-05-04T20:20:00Z,Definitely Not A Scam,win897@spam.example,YOU WON,Urgent: your bank account needs verification. Visit https://phish.example/,,,,non_business,spam,P3,ARCHIVE
EM-0859,email,2026-04-24T05:10:00Z,Marketing Promo Co,newsletter@constantcontact.com,You've gotta see this offer,Boost your listings with our premium photography package.,,,,non_business,marketing_promo,P3,ARCHIVE
EM-0860,email,2026-05-02T07:59:00Z,Hannah Romano,hannah.romano4@icloud.com,Question about your listing,"Hi, I saw the listing at 8021 Willow Pkwy, Duluth, GA. Is it still available? I'd love a tour this weekend.","8021 Willow Pkwy, Duluth, GA",Gwinnett,,buy_sell,buyer_lead,P2,Fabi
EM-0861,email,2026-04-14T22:10:00Z,Jorge Brown,jorge.brown40@icloud.com,Urgent - apartment issue,"EMERGENCY - water is pouring from the ceiling in unit at 6827 Riverbend Way, Canton, GA!!","6827 Riverbend Way, Canton, GA",Cherokee,,rent_manage,tenant_issue,P0,Nathalie
EM-0862,email,2026-05-10T00:17:00Z,Ethan Miller,ethan.miller85@outlook.com,Selling our home,Considering listing the property in Gwinnett - can we schedule a CMA?,"2140 Maple Dr, Sugar Hill, GA",Gwinnett,,buy_sell,seller_lead,P2,Fabi
EM-0863,email,2026-04-04T06:50:00Z,Priya Levi,priya.levi62@icloud.com,Contract / signature needed,Question on clause 7.b of the contract - what does 'as-is' really mean here?,"8891 Sycamore Blvd, Cumming, GA",Forsyth,,buy_sell,contract,P2,Noa
EM-0864,email,2026-04-29T11:41:00Z,Emily Nguyen,emily.nguyen45@yahoo.com,Question about your listing,"Hi, I saw the listing at 6058 Peachtree St, Cumming, GA. Is it still available? I'd love a tour this weekend.","6058 Peachtree St, Cumming, GA",Forsyth,,buy_sell,buyer_lead,P2,Fabi
EM-0865,email,2026-03-29T06:24:00Z,Priya Levi,priya.levi96@outlook.com,Document request,Lender needs proof of homeowners insurance by end of day.,"9659 Willow Pkwy, Lawrenceville, GA",Gwinnett,,buy_sell,document,P1,Noa
EM-0866,email,2026-04-18T19:49:00Z,Linda Rodriguez,linda.rodriguez82@icloud.com,Hey :),FYI we're out of milk. Can you grab some on the way home?,,,,non_business,personal,P3,ARCHIVE
EM-0867,email,2026-04-26T23:25:00Z,Definitely Not A Scam,win591@spam.example,YOU WON,Crypto opportunity - 300% return guaranteed. Reply YES.,,,,non_business,spam,P3,ARCHIVE
EM-0868,email,2026-04-27T12:06:00Z,Tom Bell,tom.bell89@yahoo.com,Vendor quote,"Plumber invoice for 144 Maple Dr, Canton, GA - approving with your sign-off.","144 Maple Dr, Canton, GA",Cherokee,,rent_manage,vendor,P3,Noa
EM-0869,email,2026-05-10T22:50:00Z,Aaron Park,aaron.park45@icloud.com,Hey :),"Pickup at school is at 3:15 today, can you grab the kids?",,,,non_business,personal,P3,ARCHIVE
EM-0870,email,2026-04-09T06:02:00Z,Definitely Not A Scam,win670@spam.example,YOU WON,I'm a Nigerian prince and need your help moving $25M...,,,,non_business,spam,P3,ARCHIVE
EM-0871,email,2026-04-01T11:28:00Z,Definitely Not A Scam,win409@spam.example,YOU WON,I'm a Nigerian prince and need your help moving $25M...,,,,non_business,spam,P3,ARCHIVE
EM-0872,email,2026-04-12T20:15:00Z,Lisa Garcia,lisa.garcia59@example-mail.test,Hey :),Yoga class moved to 7am tomorrow. Want to come?,,,,non_business,personal,P3,ARCHIVE
EM-0873,email,2026-04-22T07:56:00Z,Ethan Johnson,ethan.johnson28@example-mail.test,Admin / paperwork,"HOA sent a notice about new pool hours, forwarding to you.","8851 Magnolia Ln, Smyrna, GA",Cobb,,rent_manage,admin,P3,Noa
EM-0874,email,2026-04-07T08:22:00Z,Maria Martinez,maria.martinez89@example-mail.test,Offer / deal update,"Appraisal came in at $620k for 5800 Pine Rd, Duluth, GA. Numbers look good.","5800 Pine Rd, Duluth, GA",Gwinnett,,buy_sell,deal,P2,Nathalie
EM-0875,email,2026-03-23T15:31:00Z,Sam Nguyen,sam.nguyen42@gmail.com,Hey :),FYI we're out of milk. Can you grab some on the way home?,,,,non_business,personal,P3,ARCHIVE
EM-0876,email,2026-05-09T04:51:00Z,Anna Adams,anna.adams9@example-mail.test,Calendar question,"Can we set up a walkthrough next Tuesday for the move-out at 8313 Cedar Trail, Kennesaw, GA?","8313 Cedar Trail, Kennesaw, GA",Cobb,,rent_manage,scheduling,P2,Noa
EM-0877,email,2026-04-14T04:24:00Z,Emily Garcia,emily.garcia4@icloud.com,Offer / deal update,"Appraisal came in at $620k for 5347 Maple Dr, Decatur, GA. Numbers look good.","5347 Maple Dr, Decatur, GA",DeKalb,,buy_sell,deal,P2,Nathalie
EM-0878,email,2026-03-28T02:23:00Z,Marketing Promo Co,newsletter@mailchimp.com,You've gotta see this offer,Your monthly newsletter from RealEstateDigest is here.,,,,non_business,marketing_promo,P3,ARCHIVE
EM-0879,email,2026-03-25T15:23:00Z,Pavel Levi,pavel.levi77@example-mail.test,Contract / signature needed,Question on clause 7.b of the contract - what does 'as-is' really mean here?,"8705 Riverbend Way, Dunwoody, GA",DeKalb,,buy_sell,contract,P2,Noa
EM-0880,email,2026-05-09T09:49:00Z,Maria Johnson,maria.johnson9@icloud.com,Contract / signature needed,"Giving 30 days' notice - moving out by end of next month. 6246 Magnolia Ln, Duluth, GA","6246 Magnolia Ln, Duluth, GA",Gwinnett,,rent_manage,contract,P1,Noa
EM-0881,email,2026-04-27T01:39:00Z,Marketing Promo Co,newsletter@constantcontact.com,You've gotta see this offer,FLASH SALE - 50% off everything at our store this weekend only!,,,,non_business,marketing_promo,P3,ARCHIVE
EM-0882,email,2026-04-12T15:25:00Z,Linda Cohen,linda.cohen44@outlook.com,Offer / deal update,"Appraisal came in at $620k for 8828 Cedar Trail, Cumming, GA. Numbers look good.","8828 Cedar Trail, Cumming, GA",Forsyth,,buy_sell,deal,P2,Nathalie
EM-0883,email,2026-05-05T08:07:00Z,Emily Williams,emily.williams48@yahoo.com,Selling our home,Considering listing the property in Cobb - can we schedule a CMA?,"8893 Riverbend Way, Marietta, GA",Cobb,,buy_sell,seller_lead,P2,Fabi
EM-0884,email,2026-03-22T20:56:00Z,Ryan Johnson,ryan.johnson2@outlook.com,Document request,"Could you send me the seller's disclosure for 7475 Maple Dr, Marietta, GA (MLS MLS-7803692)?","7475 Maple Dr, Marietta, GA",Cobb,MLS-7803692,buy_sell,document,P2,Noa
EM-0885,email,2026-04-18T09:14:00Z,Pavel Khan,pavel.khan95@example-mail.test,Offer / deal update,"Appraisal came in at $620k for 1830 Peachtree St, Sandy Springs, GA. Numbers look good.","1830 Peachtree St, Sandy Springs, GA",Fulton,,buy_sell,deal,P2,Nathalie
EM-0886,email,2026-03-19T20:56:00Z,Definitely Not A Scam,win116@spam.example,YOU WON,"CLAIM YOUR PRIZE NOW - you've won $10,000! Click here: http://scam.example/",,,,non_business,spam,P3,ARCHIVE
EM-0887,email,2026-03-19T02:48:00Z,Definitely Not A Scam,win383@spam.example,YOU WON,I'm a Nigerian prince and need your help moving $25M...,,,,non_business,spam,P3,ARCHIVE
EM-0888,email,2026-03-26T00:13:00Z,Priya Bell,priya.bell56@gmail.com,Offer / deal update,Got the inspection report back. There are 3 items I'd like to negotiate.,"8020 Magnolia Ln, Duluth, GA",Gwinnett,,buy_sell,deal,P1,Nathalie
EM-0889,email,2026-03-25T16:06:00Z,Definitely Not A Scam,win199@spam.example,YOU WON,Urgent: your bank account needs verification. Visit https://phish.example/,,,,non_business,spam,P3,ARCHIVE
EM-0890,email,2026-03-20T15:45:00Z,Jorge Bell,jorge.bell76@icloud.com,Showing time change,"I'm at 5132 Riverbend Way, Woodstock, GA but the door is locked. Are you on the way?","5132 Riverbend Way, Woodstock, GA",Cherokee,,buy_sell,showing,P1,Fabi
EM-0891,email,2026-04-01T01:53:00Z,Pavel Nguyen,pavel.nguyen84@yahoo.com,Admin / paperwork,"Insurance renewal for 644 Oak Ave, Cumming, GA is due next month.","644 Oak Ave, Cumming, GA",Forsyth,,rent_manage,admin,P3,Noa
EM-0892,email,2026-03-28T23:35:00Z,Marketing Promo Co,newsletter@marketing.example.com,You've gotta see this offer,Your monthly newsletter from RealEstateDigest is here.,,,,non_business,marketing_promo,P3,ARCHIVE
EM-0893,email,2026-04-26T19:47:00Z,Pavel Singh,pavel.singh40@gmail.com,Urgent - apartment issue,"No heat for 2 days now, my baby is freezing. 3475 Maple Dr, Kennesaw, GA","3475 Maple Dr, Kennesaw, GA",Cobb,,rent_manage,tenant_issue,P0,Nathalie
EM-0894,email,2026-03-30T04:30:00Z,Marketing Promo Co,newsletter@marketing.example.com,You've gotta see this offer,FLASH SALE - 50% off everything at our store this weekend only!,,,,non_business,marketing_promo,P3,ARCHIVE
EM-0895,email,2026-04-11T18:04:00Z,Definitely Not A Scam,win666@spam.example,YOU WON,Crypto opportunity - 300% return guaranteed. Reply YES.,,,,non_business,spam,P3,ARCHIVE
EM-0896,email,2026-04-26T18:49:00Z,Marketing Promo Co,newsletter@mailchimp.com,You've gotta see this offer,Your monthly newsletter from RealEstateDigest is here.,,,,non_business,marketing_promo,P3,ARCHIVE
EM-0897,email,2026-04-25T08:26:00Z,Definitely Not A Scam,win733@spam.example,YOU WON,Crypto opportunity - 300% return guaranteed. Reply YES.,,,,non_business,spam,P3,ARCHIVE
EM-0898,email,2026-04-27T09:56:00Z,Tom Rodriguez,tom.rodriguez43@outlook.com,Calendar question,"Can we set up a walkthrough next Tuesday for the move-out at 4442 Cedar Trail, Smyrna, GA?","4442 Cedar Trail, Smyrna, GA",Cobb,,rent_manage,scheduling,P2,Noa
EM-0899,email,2026-04-01T22:21:00Z,Linda Singh,linda.singh18@outlook.com,Showing time change,"I'm at 1824 Maple Dr, Duluth, GA but the door is locked. Are you on the way?","1824 Maple Dr, Duluth, GA",Gwinnett,,buy_sell,showing,P1,Fabi
EM-0900,email,2026-05-09T18:58:00Z,Rachel Martinez,rachel.martinez10@example-mail.test,Hey :),The dog has a vet appointment Thursday at 10am.,,,,non_business,personal,P3,ARCHIVE
EM-0901,email,2026-04-07T21:34:00Z,Lisa Brown,lisa.brown76@yahoo.com,Offer / deal update,Closing tomorrow at 9am and the wire instructions look wrong - help!,"5497 Maple Dr, Kennesaw, GA",Cobb,,buy_sell,deal,P0,Nathalie
EM-0902,email,2026-04-04T11:29:00Z,Rachel Bell,rachel.bell20@example-mail.test,Question about your listing,"Our offer on 8570 Maple Dr, Decatur, GA expires at 5pm today, can you confirm acceptance??","8570 Maple Dr, Decatur, GA",DeKalb,,buy_sell,buyer_lead,P0,Nathalie
EM-0903,email,2026-04-26T23:16:00Z,Sophie Levi,sophie.levi70@example-mail.test,Urgent - apartment issue,"Neighbor in unit B has been playing loud music until 2am for a week. 5433 Maple Dr, Woodstock, GA","5433 Maple Dr, Woodstock, GA",Cherokee,,rent_manage,tenant_issue,P2,Nathalie
EM-0904,email,2026-05-06T21:55:00Z,Kate Nguyen,kate.nguyen21@icloud.com,Offer / deal update,"Counter-offer received on 9141 Peachtree St, Brookhaven, GA - they want 5k more. What do you think?","9141 Peachtree St, Brookhaven, GA",DeKalb,,buy_sell,deal,P1,Nathalie
EM-0905,email,2026-04-02T13:27:00Z,Linda Martinez,linda.martinez28@gmail.com,Vendor quote,"The painter quoted $1,800 for unit B at 6449 Pine Rd, Woodstock, GA - does that look right?","6449 Pine Rd, Woodstock, GA",Cherokee,,rent_manage,vendor,P2,Noa
EM-0906,email,2026-03-24T13:59:00Z,Definitely Not A Scam,win355@spam.example,YOU WON,Crypto opportunity - 300% return guaranteed. Reply YES.,,,,non_business,spam,P3,ARCHIVE
EM-0907,email,2026-05-10T03:32:00Z,Aaron Park,aaron.park11@icloud.com,Showing time change,"Running 15 min late to the showing at 2381 Magnolia Ln, Cumming, GA, please tell the agent.","2381 Magnolia Ln, Cumming, GA",Forsyth,,buy_sell,showing,P1,Fabi
EM-0908,email,2026-04-10T08:14:00Z,Marketing Promo Co,newsletter@constantcontact.com,You've gotta see this offer,Are you a real estate agent? Try our new CRM free for 30 days.,,,,non_business,marketing_promo,P3,ARCHIVE
EM-0909,email,2026-04-24T07:41:00Z,Marketing Promo Co,newsletter@sendgrid.net,You've gotta see this offer,Your monthly newsletter from RealEstateDigest is here.,,,,non_business,marketing_promo,P3,ARCHIVE
EM-0910,email,2026-05-17T03:40:00Z,Kate Garcia,kate.garcia2@icloud.com,Urgent - apartment issue,"Gas leak smell in the apartment, I called 911. 242 Willow Pkwy, Marietta, GA","242 Willow Pkwy, Marietta, GA",Cobb,,rent_manage,tenant_issue,P0,Nathalie
EM-0911,email,2026-04-16T08:21:00Z,Nina Davis,nina.davis65@outlook.com,Hey :),Yoga class moved to 7am tomorrow. Want to come?,,,,non_business,personal,P3,ARCHIVE
EM-0912,email,2026-05-15T21:56:00Z,Marketing Promo Co,newsletter@mailchimp.com,You've gotta see this offer,Your monthly newsletter from RealEstateDigest is here.,,,,non_business,marketing_promo,P3,ARCHIVE
EM-0913,email,2026-05-08T09:12:00Z,Marketing Promo Co,newsletter@marketing.example.com,You've gotta see this offer,Boost your listings with our premium photography package.,,,,non_business,marketing_promo,P3,ARCHIVE
EM-0914,email,2026-04-01T02:02:00Z,Marketing Promo Co,newsletter@marketing.example.com,You've gotta see this offer,Boost your listings with our premium photography package.,,,,non_business,marketing_promo,P3,ARCHIVE
EM-0915,email,2026-03-28T19:12:00Z,Chris Nguyen,chris.nguyen45@yahoo.com,Offer / deal update,Closing tomorrow at 9am and the wire instructions look wrong - help!,"7171 Peachtree St, Woodstock, GA",Cherokee,,buy_sell,deal,P0,Nathalie
EM-0916,email,2026-05-15T14:49:00Z,Brian Cohen,brian.cohen68@gmail.com,Urgent - apartment issue,"Bathroom faucet is dripping non-stop, can a plumber come look?","246 Peachtree St, Woodstock, GA",Cherokee,,rent_manage,tenant_issue,P2,Nathalie
EM-0917,email,2026-03-18T23:32:00Z,Aaron Nguyen,aaron.nguyen95@example-mail.test,Offer / deal update,"Appraisal came in at $620k for 2634 Willow Pkwy, Smyrna, GA. Numbers look good.","2634 Willow Pkwy, Smyrna, GA",Cobb,,buy_sell,deal,P2,Nathalie
EM-0918,email,2026-03-22T16:02:00Z,Jorge Davis,jorge.davis78@yahoo.com,Offer / deal update,Closing tomorrow at 9am and the wire instructions look wrong - help!,"8767 Sycamore Blvd, Cumming, GA",Forsyth,,buy_sell,deal,P0,Nathalie
EM-0919,email,2026-04-04T06:52:00Z,David Williams,david.williams35@gmail.com,Maintenance follow-up,"Vendor said they'd be here at 10am, no show. Can you check on them?","296 Magnolia Ln, Cumming, GA",Forsyth,,rent_manage,maintenance,P2,Noa
EM-0920,email,2026-04-03T15:32:00Z,Pavel Khan,pavel.khan72@yahoo.com,Urgent - apartment issue,"Neighbor in unit B has been playing loud music until 2am for a week. 3529 Magnolia Ln, Cumming, GA","3529 Magnolia Ln, Cumming, GA",Forsyth,,rent_manage,tenant_issue,P2,Nathalie
EM-0921,email,2026-04-07T11:34:00Z,Sophie Davis,sophie.davis88@yahoo.com,Admin / paperwork,"HOA sent a notice about new pool hours, forwarding to you.","1222 Cedar Trail, Woodstock, GA",Cherokee,,rent_manage,admin,P3,Noa
EM-0922,email,2026-03-25T03:31:00Z,Anna Levi,anna.levi13@icloud.com,Document request,"Could you send me the seller's disclosure for 3985 Sycamore Blvd, Roswell, GA (MLS MLS-7340608)?","3985 Sycamore Blvd, Roswell, GA",Fulton,MLS-7340608,buy_sell,document,P2,Noa
EM-0923,email,2026-03-24T21:06:00Z,Linda Bell,linda.bell99@example-mail.test,Document request,"Could you send me the seller's disclosure for 3507 Peachtree St, Canton, GA (MLS MLS-7128174)?","3507 Peachtree St, Canton, GA",Cherokee,MLS-7128174,buy_sell,document,P2,Noa
EM-0924,email,2026-03-25T08:13:00Z,Anna Davis,anna.davis72@icloud.com,Document request,Lender needs proof of homeowners insurance by end of day.,"665 Peachtree St, Marietta, GA",Cobb,,buy_sell,document,P1,Noa
EM-0925,email,2026-03-20T12:37:00Z,Lisa Cohen,lisa.cohen81@example-mail.test,Maintenance follow-up,The work order #4421 for the dishwasher - any update?,"1532 Willow Pkwy, Cumming, GA",Forsyth,,rent_manage,maintenance,P2,Noa
EM-0926,email,2026-04-01T13:10:00Z,Olivia Miller,olivia.miller24@outlook.com,Calendar question,"Can we set up a walkthrough next Tuesday for the move-out at 8986 Sycamore Blvd, Canton, GA?","8986 Sycamore Blvd, Canton, GA",Cherokee,,rent_manage,scheduling,P2,Noa
EM-0927,email,2026-04-04T23:38:00Z,Lisa Nguyen,lisa.nguyen85@gmail.com,Document request,Lender needs proof of homeowners insurance by end of day.,"3648 Pine Rd, Marietta, GA",Cobb,,buy_sell,document,P1,Noa
EM-0928,email,2026-05-11T17:05:00Z,Aisha Johnson,aisha.johnson66@example-mail.test,Admin / paperwork,"HOA sent a notice about new pool hours, forwarding to you.","403 Pine Rd, Atlanta, GA",Fulton,,rent_manage,admin,P3,Noa
EM-0929,email,2026-04-24T22:08:00Z,Rachel Miller,rachel.miller85@yahoo.com,Hey :),FYI we're out of milk. Can you grab some on the way home?,,,,non_business,personal,P3,ARCHIVE
EM-0930,email,2026-04-20T23:12:00Z,Chris Garcia,chris.garcia21@icloud.com,Payment / billing,I paid rent on the 1st but it doesn't show in the portal yet.,"4769 Pine Rd, Woodstock, GA",Cherokee,,rent_manage,billing,P2,Noa
EM-0931,email,2026-03-23T06:32:00Z,Marketing Promo Co,newsletter@sendgrid.net,You've gotta see this offer,Atlanta Realtors Network: invitation to our May mixer.,,,,non_business,marketing_promo,P3,ARCHIVE
EM-0932,email,2026-04-16T09:42:00Z,Chris Martinez,chris.martinez84@outlook.com,Contract / signature needed,"Need your signature on the addendum for 4691 Willow Pkwy, Woodstock, GA before 5pm.","4691 Willow Pkwy, Woodstock, GA",Cherokee,,buy_sell,contract,P1,Noa
EM-0933,email,2026-03-22T16:16:00Z,Definitely Not A Scam,win508@spam.example,YOU WON,I'm a Nigerian prince and need your help moving $25M...,,,,non_business,spam,P3,ARCHIVE
EM-0934,email,2026-04-17T18:27:00Z,Daniel Martinez,daniel.martinez25@yahoo.com,Question about your listing,Looking for a 3BR/2BA in Cherokee county under $550k. Do you have anything coming up?,"8300 Riverbend Way, Canton, GA",Cherokee,,buy_sell,buyer_lead,P2,Fabi
EM-0935,email,2026-03-29T09:18:00Z,Mike Adams,mike.adams42@yahoo.com,Contract / signature needed,"Need your signature on the addendum for 8846 Cedar Trail, Roswell, GA before 5pm.","8846 Cedar Trail, Roswell, GA",Fulton,,buy_sell,contract,P1,Noa
EM-0936,email,2026-04-21T05:04:00Z,Aaron Brown,aaron.brown97@example-mail.test,Hey :),FYI we're out of milk. Can you grab some on the way home?,,,,non_business,personal,P3,ARCHIVE
EM-0937,email,2026-05-06T17:00:00Z,Ethan Johnson,ethan.johnson22@yahoo.com,Hey :),Dentist appointment confirmed for Tuesday 2pm.,,,,non_business,personal,P3,ARCHIVE
EM-0938,email,2026-05-13T16:44:00Z,Hannah Bell,hannah.bell12@yahoo.com,Payment / billing,I paid rent on the 1st but it doesn't show in the portal yet.,"665 Birch Ct, Lawrenceville, GA",Gwinnett,,rent_manage,billing,P2,Noa
EM-0939,email,2026-04-29T14:36:00Z,Anna Romano,anna.romano93@outlook.com,Question about your listing,Need to move ASAP - relocating for work in 3 weeks. Can you call me today?,"5218 Magnolia Ln, Duluth, GA",Gwinnett,,buy_sell,buyer_lead,P1,Fabi
EM-0940,email,2026-04-20T03:22:00Z,Lisa Johnson,lisa.johnson42@outlook.com,Urgent - apartment issue,"AC stopped cooling at 7837 Birch Ct, Cumming, GA. Indoor temp is 84F.","7837 Birch Ct, Cumming, GA",Forsyth,,rent_manage,tenant_issue,P1,Nathalie
EM-0941,email,2026-04-13T04:56:00Z,Tom Nguyen,tom.nguyen85@outlook.com,Question about your listing,"Hi, I saw the listing at 116 Pine Rd, Woodstock, GA. Is it still available? I'd love a tour this weekend.","116 Pine Rd, Woodstock, GA",Cherokee,,buy_sell,buyer_lead,P2,Fabi
EM-0942,email,2026-04-14T20:00:00Z,Rachel Adams,rachel.adams83@yahoo.com,Offer / deal update,"Appraisal came in at $620k for 6392 Cedar Trail, Canton, GA. Numbers look good.","6392 Cedar Trail, Canton, GA",Cherokee,,buy_sell,deal,P2,Nathalie
EM-0943,email,2026-03-25T15:11:00Z,Ethan Romano,ethan.romano88@yahoo.com,Maintenance follow-up,The work order #4421 for the dishwasher - any update?,"5976 Cedar Trail, Woodstock, GA",Cherokee,,rent_manage,maintenance,P2,Noa
EM-0944,email,2026-05-06T16:20:00Z,Tara Nguyen,tara.nguyen77@yahoo.com,Admin / paperwork,"Insurance renewal for 7908 Maple Dr, Sugar Hill, GA is due next month.","7908 Maple Dr, Sugar Hill, GA",Gwinnett,,rent_manage,admin,P3,Noa
EM-0945,email,2026-04-27T20:05:00Z,Definitely Not A Scam,win954@spam.example,YOU WON,Crypto opportunity - 300% return guaranteed. Reply YES.,,,,non_business,spam,P3,ARCHIVE
EM-0946,email,2026-04-09T06:40:00Z,Aaron Brown,aaron.brown54@icloud.com,Question about your listing,Looking for a 3BR/2BA in Cobb county under $550k. Do you have anything coming up?,"1239 Pine Rd, Smyrna, GA",Cobb,,buy_sell,buyer_lead,P2,Fabi
EM-0947,email,2026-04-29T01:14:00Z,Ethan Nguyen,ethan.nguyen89@gmail.com,Question about your listing,Need to move ASAP - relocating for work in 3 weeks. Can you call me today?,"9061 Riverbend Way, Brookhaven, GA",DeKalb,,buy_sell,buyer_lead,P1,Nathalie
EM-0948,email,2026-04-04T06:27:00Z,Linda Park,linda.park38@outlook.com,Vendor quote,"Plumber invoice for 3105 Riverbend Way, Roswell, GA - approving with your sign-off.","3105 Riverbend Way, Roswell, GA",Fulton,,rent_manage,vendor,P3,Noa
EM-0949,email,2026-05-14T08:24:00Z,David Levi,david.levi26@gmail.com,Urgent - apartment issue,"AC stopped cooling at 9081 Riverbend Way, Decatur, GA. Indoor temp is 84F.","9081 Riverbend Way, Decatur, GA",DeKalb,,rent_manage,tenant_issue,P1,Nathalie
EM-0950,email,2026-04-23T01:59:00Z,Sam Patel,sam.patel17@yahoo.com,Showing time change,"Can we move tomorrow's showing at 3672 Willow Pkwy, Canton, GA from 4pm to 6pm?","3672 Willow Pkwy, Canton, GA",Cherokee,,buy_sell,showing,P2,Fabi
EM-0951,email,2026-03-30T23:58:00Z,Pavel Williams,pavel.williams65@icloud.com,Urgent - apartment issue,"EMERGENCY - water is pouring from the ceiling in unit at 7976 Maple Dr, Brookhaven, GA!!","7976 Maple Dr, Brookhaven, GA",DeKalb,,rent_manage,tenant_issue,P0,Nathalie
EM-0952,email,2026-03-19T18:27:00Z,Sara Khan,sara.khan58@icloud.com,Offer / deal update,Got the inspection report back. There are 3 items I'd like to negotiate.,"7090 Birch Ct, Smyrna, GA",Cobb,,buy_sell,deal,P1,Nathalie
EM-0953,email,2026-05-09T04:03:00Z,Mike Levi,mike.levi97@gmail.com,Question about your listing,"Hi, I saw the listing at 3793 Pine Rd, Woodstock, GA. Is it still available? I'd love a tour this weekend.","3793 Pine Rd, Woodstock, GA",Cherokee,,buy_sell,buyer_lead,P2,Fabi
EM-0954,email,2026-05-12T20:24:00Z,Ryan Johnson,ryan.johnson17@outlook.com,Calendar question,"Can we set up a walkthrough next Tuesday for the move-out at 9297 Riverbend Way, Kennesaw, GA?","9297 Riverbend Way, Kennesaw, GA",Cobb,,rent_manage,scheduling,P2,Noa
EM-0955,email,2026-04-25T14:09:00Z,Ethan Rodriguez,ethan.rodriguez83@outlook.com,Offer / deal update,Closing tomorrow at 9am and the wire instructions look wrong - help!,"2124 Maple Dr, Cumming, GA",Forsyth,,buy_sell,deal,P0,Nathalie
EM-0956,email,2026-04-19T19:40:00Z,Definitely Not A Scam,win369@spam.example,YOU WON,Crypto opportunity - 300% return guaranteed. Reply YES.,,,,non_business,spam,P3,ARCHIVE
EM-0957,email,2026-04-04T10:47:00Z,Marketing Promo Co,newsletter@mailchimp.com,You've gotta see this offer,FLASH SALE - 50% off everything at our store this weekend only!,,,,non_business,marketing_promo,P3,ARCHIVE
EM-0958,email,2026-04-03T09:34:00Z,Kate Miller,kate.miller54@outlook.com,Question about your listing,"Hi, I saw the listing at 6124 Magnolia Ln, Atlanta, GA. Is it still available? I'd love a tour this weekend.","6124 Magnolia Ln, Atlanta, GA",Fulton,,buy_sell,buyer_lead,P2,Nathalie
EM-0959,email,2026-05-14T17:47:00Z,Priya Bell,priya.bell6@icloud.com,Contract / signature needed,"Need to renew the lease at 9434 Riverbend Way, Decatur, GA. Can you send the renewal terms?","9434 Riverbend Way, Decatur, GA",DeKalb,,rent_manage,contract,P2,Noa
EM-0960,email,2026-04-03T20:09:00Z,Sara Davis,sara.davis70@yahoo.com,Urgent - apartment issue,"Gas leak smell in the apartment, I called 911. 7915 Magnolia Ln, Kennesaw, GA","7915 Magnolia Ln, Kennesaw, GA",Cobb,,rent_manage,tenant_issue,P0,Nathalie
EM-0961,email,2026-03-30T08:01:00Z,Marketing Promo Co,newsletter@sendgrid.net,You've gotta see this offer,Your monthly newsletter from RealEstateDigest is here.,,,,non_business,marketing_promo,P3,ARCHIVE
EM-0962,email,2026-05-13T11:22:00Z,Aisha Romano,aisha.romano56@yahoo.com,Selling our home,"Hi Nathalie, I'd like to sell my house at 9414 Peachtree St, Cumming, GA. What's the market like in Forsyth right now?","9414 Peachtree St, Cumming, GA",Forsyth,,buy_sell,seller_lead,P2,Fabi
EM-0963,email,2026-03-27T07:32:00Z,Marketing Promo Co,newsletter@marketing.example.com,You've gotta see this offer,Atlanta Realtors Network: invitation to our May mixer.,,,,non_business,marketing_promo,P3,ARCHIVE
EM-0964,email,2026-04-07T15:12:00Z,Sara Cohen,sara.cohen81@outlook.com,Selling our home,Considering listing the property in Forsyth - can we schedule a CMA?,"3486 Maple Dr, Cumming, GA",Forsyth,,buy_sell,seller_lead,P2,Fabi
EM-0965,email,2026-05-13T08:43:00Z,Ben Romano,ben.romano81@yahoo.com,Contract / signature needed,"Need your signature on the addendum for 5267 Maple Dr, Roswell, GA before 5pm.","5267 Maple Dr, Roswell, GA",Fulton,,buy_sell,contract,P1,Noa
EM-0966,email,2026-05-01T22:30:00Z,Pavel Romano,pavel.romano30@outlook.com,Offer / deal update,Got the inspection report back. There are 3 items I'd like to negotiate.,"5499 Peachtree St, Lawrenceville, GA",Gwinnett,,buy_sell,deal,P1,Nathalie
EM-0967,email,2026-04-26T16:47:00Z,Aaron Garcia,aaron.garcia56@icloud.com,Urgent - apartment issue,Saw a roach in the kitchen - can pest control come this week?,"5074 Maple Dr, Kennesaw, GA",Cobb,,rent_manage,tenant_issue,P2,Nathalie
EM-0968,email,2026-04-25T17:32:00Z,Priya Romano,priya.romano73@icloud.com,Urgent - apartment issue,"No heat for 2 days now, my baby is freezing. 282 Birch Ct, Sandy Springs, GA","282 Birch Ct, Sandy Springs, GA",Fulton,,rent_manage,tenant_issue,P0,Nathalie
EM-0969,email,2026-05-01T21:04:00Z,Emily Rodriguez,emily.rodriguez8@icloud.com,Payment / billing,"Just confirming the security deposit is $1,500 not $2,000 like the email said.","5029 Cedar Trail, Dunwoody, GA",DeKalb,,rent_manage,billing,P3,Noa
EM-0970,email,2026-05-07T17:36:00Z,Tom Nguyen,tom.nguyen97@icloud.com,Selling our home,"Hi Nathalie, I'd like to sell my house at 9458 Willow Pkwy, Sandy Springs, GA. What's the market like in Fulton right now?","9458 Willow Pkwy, Sandy Springs, GA",Fulton,,buy_sell,seller_lead,P2,Nathalie
EM-0971,email,2026-04-14T06:46:00Z,Marketing Promo Co,newsletter@sendgrid.net,You've gotta see this offer,Atlanta Realtors Network: invitation to our May mixer.,,,,non_business,marketing_promo,P3,ARCHIVE
EM-0972,email,2026-04-19T13:20:00Z,Hannah Bell,hannah.bell24@yahoo.com,Hey :),Mom's birthday is next week - did you order the cake?,,,,non_business,personal,P3,ARCHIVE
EM-0973,email,2026-05-01T20:48:00Z,Mike Bell,mike.bell5@yahoo.com,Document request,"Could you send me the seller's disclosure for 5672 Birch Ct, Smyrna, GA (MLS MLS-7689606)?","5672 Birch Ct, Smyrna, GA",Cobb,MLS-7689606,buy_sell,document,P2,Noa
EM-0974,email,2026-05-06T05:55:00Z,Emily Garcia,emily.garcia72@yahoo.com,Payment / billing,"Just confirming the security deposit is $1,500 not $2,000 like the email said.","9899 Riverbend Way, Cumming, GA",Forsyth,,rent_manage,billing,P3,Noa
EM-0975,email,2026-04-03T21:57:00Z,Emily Romano,emily.romano22@example-mail.test,Showing time change,"Running 15 min late to the showing at 413 Maple Dr, Kennesaw, GA, please tell the agent.","413 Maple Dr, Kennesaw, GA",Cobb,,buy_sell,showing,P1,Fabi
EM-0976,email,2026-05-05T01:10:00Z,Marco Davis,marco.davis98@yahoo.com,Hey :),"Hey, want to grab dinner Friday at that new ramen place?",,,,non_business,personal,P3,ARCHIVE
EM-0977,email,2026-05-14T00:19:00Z,Anna Adams,anna.adams53@icloud.com,Urgent - apartment issue,Saw a roach in the kitchen - can pest control come this week?,"1478 Birch Ct, Roswell, GA",Fulton,,rent_manage,tenant_issue,P2,Nathalie
EM-0978,email,2026-04-01T07:54:00Z,Ben Garcia,ben.garcia65@example-mail.test,Hey :),Mom's birthday is next week - did you order the cake?,,,,non_business,personal,P3,ARCHIVE
EM-0979,email,2026-04-17T08:55:00Z,Marketing Promo Co,newsletter@sendgrid.net,You've gotta see this offer,Are you a real estate agent? Try our new CRM free for 30 days.,,,,non_business,marketing_promo,P3,ARCHIVE
EM-0980,email,2026-03-24T02:26:00Z,Lisa Singh,lisa.singh11@yahoo.com,Urgent - apartment issue,"Neighbor in unit B has been playing loud music until 2am for a week. 8695 Riverbend Way, Roswell, GA","8695 Riverbend Way, Roswell, GA",Fulton,,rent_manage,tenant_issue,P2,Nathalie
EM-0981,email,2026-03-29T06:50:00Z,John Singh,john.singh8@gmail.com,Payment / billing,"Just confirming the security deposit is $1,500 not $2,000 like the email said.","9022 Magnolia Ln, Sugar Hill, GA",Gwinnett,,rent_manage,billing,P3,Noa
EM-0982,email,2026-04-08T11:59:00Z,Olivia Romano,olivia.romano87@example-mail.test,Maintenance follow-up,"Vendor said they'd be here at 10am, no show. Can you check on them?","8316 Maple Dr, Smyrna, GA",Cobb,,rent_manage,maintenance,P2,Noa
EM-0983,email,2026-05-08T12:59:00Z,Anna Johnson,anna.johnson57@yahoo.com,Contract / signature needed,"Need to renew the lease at 377 Peachtree St, Woodstock, GA. Can you send the renewal terms?","377 Peachtree St, Woodstock, GA",Cherokee,,rent_manage,contract,P2,Noa
EM-0984,email,2026-03-24T08:23:00Z,Definitely Not A Scam,win119@spam.example,YOU WON,I'm a Nigerian prince and need your help moving $25M...,,,,non_business,spam,P3,ARCHIVE
EM-0985,email,2026-04-20T01:25:00Z,Hannah Garcia,hannah.garcia84@gmail.com,Selling our home,"Hi Nathalie, I'd like to sell my house at 6942 Willow Pkwy, Decatur, GA. What's the market like in DeKalb right now?","6942 Willow Pkwy, Decatur, GA",DeKalb,,buy_sell,seller_lead,P2,Nathalie
EM-0986,email,2026-04-14T08:55:00Z,Daniel Adams,daniel.adams62@yahoo.com,Admin / paperwork,"Insurance renewal for 1336 Birch Ct, Dunwoody, GA is due next month.","1336 Birch Ct, Dunwoody, GA",DeKalb,,rent_manage,admin,P3,Noa
EM-0987,email,2026-05-16T10:00:00Z,Emily Patel,emily.patel16@gmail.com,Hey :),"Pickup at school is at 3:15 today, can you grab the kids?",,,,non_business,personal,P3,ARCHIVE
EM-0988,email,2026-04-16T06:32:00Z,Brian Johnson,brian.johnson10@example-mail.test,Vendor quote,"Plumber invoice for 5508 Willow Pkwy, Decatur, GA - approving with your sign-off.","5508 Willow Pkwy, Decatur, GA",DeKalb,,rent_manage,vendor,P3,Noa
EM-0989,email,2026-04-02T09:08:00Z,Marketing Promo Co,newsletter@sendgrid.net,You've gotta see this offer,Your monthly newsletter from RealEstateDigest is here.,,,,non_business,marketing_promo,P3,ARCHIVE
EM-0990,email,2026-04-19T00:31:00Z,Sara Bell,sara.bell36@gmail.com,Showing time change,"I'm at 3380 Sycamore Blvd, Marietta, GA but the door is locked. Are you on the way?","3380 Sycamore Blvd, Marietta, GA",Cobb,,buy_sell,showing,P1,Fabi
EM-0991,email,2026-04-19T10:08:00Z,Marketing Promo Co,newsletter@sendgrid.net,You've gotta see this offer,FLASH SALE - 50% off everything at our store this weekend only!,,,,non_business,marketing_promo,P3,ARCHIVE
EM-0992,email,2026-05-07T23:52:00Z,Aisha Patel,aisha.patel76@outlook.com,Showing time change,"I'm at 8491 Oak Ave, Lawrenceville, GA but the door is locked. Are you on the way?","8491 Oak Ave, Lawrenceville, GA",Gwinnett,,buy_sell,showing,P1,Fabi
EM-0993,email,2026-04-08T00:09:00Z,Sara Nguyen,sara.nguyen91@gmail.com,Document request,"Could you send me the seller's disclosure for 4541 Magnolia Ln, Canton, GA (MLS MLS-7297026)?","4541 Magnolia Ln, Canton, GA",Cherokee,MLS-7297026,buy_sell,document,P2,Noa
EM-0994,email,2026-04-30T13:11:00Z,Tom Williams,tom.williams29@example-mail.test,Offer / deal update,"Counter-offer received on 1860 Sycamore Blvd, Roswell, GA - they want 5k more. What do you think?","1860 Sycamore Blvd, Roswell, GA",Fulton,,buy_sell,deal,P1,Nathalie
EM-0995,email,2026-04-05T15:52:00Z,Tom Johnson,tom.johnson68@gmail.com,Question about your listing,Looking for a 3BR/2BA in Forsyth county under $550k. Do you have anything coming up?,"1764 Birch Ct, Cumming, GA",Forsyth,,buy_sell,buyer_lead,P2,Fabi
EM-0996,email,2026-04-13T19:14:00Z,John Cohen,john.cohen17@gmail.com,Admin / paperwork,"HOA sent a notice about new pool hours, forwarding to you.","7297 Oak Ave, Dunwoody, GA",DeKalb,,rent_manage,admin,P3,Noa
EM-0997,email,2026-04-05T18:11:00Z,Aisha Bell,aisha.bell43@yahoo.com,Showing time change,"Running 15 min late to the showing at 9013 Birch Ct, Canton, GA, please tell the agent.","9013 Birch Ct, Canton, GA",Cherokee,,buy_sell,showing,P1,Fabi
EM-0998,email,2026-04-12T10:44:00Z,Nina Davis,nina.davis7@gmail.com,Hey :),Mom's birthday is next week - did you order the cake?,,,,non_business,personal,P3,ARCHIVE
EM-0999,email,2026-03-26T16:53:00Z,Brian Singh,brian.singh18@icloud.com,Document request,Lender needs proof of homeowners insurance by end of day.,"5151 Riverbend Way, Sugar Hill, GA",Gwinnett,,buy_sell,document,P1,Noa
EM-1000,email,2026-04-16T18:08:00Z,Priya Johnson,priya.johnson59@example-mail.test,Selling our home,"Hi Nathalie, I'd like to sell my house at 7133 Sycamore Blvd, Sandy Springs, GA. What's the market like in Fulton right now?","7133 Sycamore Blvd, Sandy Springs, GA",Fulton,,buy_sell,seller_lead,P2,Nathalie
