msg_id,channel,received_at,sender_name,sender_phone,body,address_in_msg,county_in_msg,listing_in_msg,expected_topic,expected_urgency,expected_owner
SMS-0001,sms,2026-05-11T07:13:00Z,Tester Buyer-Smith,+14045550199,"Appraisal came in at $620k for 3002 Willow Pkwy, Brookhaven, GA. Numbers look good.","3002 Willow Pkwy, Brookhaven, GA",DeKalb,,deal,P2,Nathalie
SMS-0002,sms,2026-03-20T16:00:00Z,Tester Buyer-Smith,+14045550199,"Neighbor in unit B has been playing loud music until 2am for a week. 561 Oak Ave, Lawrenceville, GA","561 Oak Ave, Lawrenceville, GA",Gwinnett,,tenant_issue,P2,Nathalie
SMS-0003,sms,2026-05-06T08:18:00Z,Tester Buyer-Smith,+14045550199,I'm a Nigerian prince and need your help moving $25M...,"4995 Oak Ave, Sandy Springs, GA",Fulton,,spam,P3,ARCHIVE
SMS-0004,sms,2026-05-11T16:18:00Z,Tester Buyer-Smith,+14045550199,"Could you send me the seller's disclosure for 4975 Maple Dr, Canton, GA (MLS MLS-7562889)?","4975 Maple Dr, Canton, GA",Cherokee,MLS-7562889,document,P2,Noa
SMS-0005,sms,2026-04-29T07:20:00Z,Tester Buyer-Smith,+14045550199,"The painter quoted $1,800 for unit B at 1799 Birch Ct, Duluth, GA - does that look right?","1799 Birch Ct, Duluth, GA",Gwinnett,,vendor,P2,Noa
SMS-0006,sms,2026-05-07T23:54:00Z,Tester Buyer-Smith,+14045550199,"Just confirming the security deposit is $1,500 not $2,000 like the email said.","2902 Peachtree St, Canton, GA",Cherokee,,billing,P3,Noa
SMS-0007,sms,2026-03-19T02:29:00Z,Tester Buyer-Smith,+14045550199,"Plumber invoice for 3208 Sycamore Blvd, Duluth, GA - approving with your sign-off.","3208 Sycamore Blvd, Duluth, GA",Gwinnett,,vendor,P3,Noa
SMS-0008,sms,2026-05-16T02:55:00Z,Tester Buyer-Smith,+14045550199,"Need your signature on the addendum for 1607 Maple Dr, Cumming, GA before 5pm.","1607 Maple Dr, Cumming, GA",Forsyth,,contract,P1,Noa
SMS-0009,sms,2026-04-14T14:44:00Z,Tester Buyer-Smith,+14045550199,Got a late fee but I have proof I paid on time. Can we sort this out?,"7585 Willow Pkwy, Sugar Hill, GA",Gwinnett,,billing,P2,Noa
SMS-0010,sms,2026-03-25T23:29:00Z,Tester Buyer-Smith,+14045550199,Need to move ASAP - relocating for work in 3 weeks. Can you call me today?,"5665 Sycamore Blvd, Sugar Hill, GA",Gwinnett,,buyer_lead,P1,Fabi
SMS-0011,sms,2026-03-31T07:09:00Z,Tester Buyer-Smith,+14045550199,I paid rent on the 1st but it doesn't show in the portal yet.,"728 Birch Ct, Canton, GA",Cherokee,,billing,P2,Noa
SMS-0012,sms,2026-04-17T19:55:00Z,Tester Buyer-Smith,+14045550199,"Giving 30 days' notice - moving out by end of next month. 6758 Sycamore Blvd, Canton, GA","6758 Sycamore Blvd, Canton, GA",Cherokee,,contract,P1,Noa
SMS-0013,sms,2026-05-11T07:26:00Z,Tester Buyer-Smith,+14045550199,Looking for a 3BR/2BA in DeKalb county under $550k. Do you have anything coming up?,"7760 Cedar Trail, Dunwoody, GA",DeKalb,,buyer_lead,P2,Nathalie
SMS-0014,sms,2026-04-27T08:19:00Z,Tester Buyer-Smith,+14045550199,"Plumber invoice for 134 Sycamore Blvd, Cumming, GA - approving with your sign-off.","134 Sycamore Blvd, Cumming, GA",Forsyth,,vendor,P3,Noa
SMS-0015,sms,2026-04-25T10:01:00Z,Tester Buyer-Smith,+14045550199,Dentist appointment confirmed for Tuesday 2pm.,"1725 Pine Rd, Cumming, GA",Forsyth,,personal,P3,ARCHIVE
SMS-0016,sms,2026-05-14T23:45:00Z,Tester Buyer-Smith,+14045550199,"Locked out of 3107 Sycamore Blvd, Canton, GA at 11pm with the kids in the car.","3107 Sycamore Blvd, Canton, GA",Cherokee,,tenant_issue,P0,Nathalie
SMS-0017,sms,2026-05-11T12:05:00Z,Tester Buyer-Smith,+14045550199,"Our offer on 5811 Maple Dr, Sandy Springs, GA expires at 5pm today, can you confirm acceptance??","5811 Maple Dr, Sandy Springs, GA",Fulton,,buyer_lead,P0,Nathalie
SMS-0018,sms,2026-04-16T13:43:00Z,Tester Buyer-Smith,+14045550199,"Could you send me the seller's disclosure for 1123 Cedar Trail, Cumming, GA (MLS MLS-7353204)?","1123 Cedar Trail, Cumming, GA",Forsyth,MLS-7353204,document,P2,Noa
SMS-0019,sms,2026-04-24T15:01:00Z,Tester Buyer-Smith,+14045550199,"CLAIM YOUR PRIZE NOW - you've won $10,000! Click here: http://scam.example/","9483 Riverbend Way, Atlanta, GA",Fulton,,spam,P3,ARCHIVE
SMS-0020,sms,2026-04-20T17:04:00Z,Tester Buyer-Smith,+14045550199,I'm a Nigerian prince and need your help moving $25M...,"2793 Cedar Trail, Cumming, GA",Forsyth,,spam,P3,ARCHIVE
SMS-0021,sms,2026-03-24T11:10:00Z,Tester Buyer-Smith,+14045550199,I paid rent on the 1st but it doesn't show in the portal yet.,"1899 Riverbend Way, Sugar Hill, GA",Gwinnett,,billing,P2,Noa
SMS-0022,sms,2026-05-12T08:37:00Z,Tester Buyer-Smith,+14045550199,"Need to renew the lease at 9128 Riverbend Way, Kennesaw, GA. Can you send the renewal terms?","9128 Riverbend Way, Kennesaw, GA",Cobb,,contract,P2,Noa
SMS-0023,sms,2026-03-25T06:25:00Z,Tester Buyer-Smith,+14045550199,"Running 15 min late to the showing at 3549 Peachtree St, Kennesaw, GA, please tell the agent.","3549 Peachtree St, Kennesaw, GA",Cobb,,showing,P1,Fabi
SMS-0024,sms,2026-04-05T22:03:00Z,Tester Buyer-Smith,+14045550199,"Plumber invoice for 3027 Willow Pkwy, Canton, GA - approving with your sign-off.","3027 Willow Pkwy, Canton, GA",Cherokee,,vendor,P3,Noa
SMS-0025,sms,2026-04-25T19:43:00Z,Tester Buyer-Smith,+14045550199,"CLAIM YOUR PRIZE NOW - you've won $10,000! Click here: http://scam.example/","3695 Magnolia Ln, Sandy Springs, GA",Fulton,,spam,P3,ARCHIVE
SMS-0026,sms,2026-03-26T03:13:00Z,Tester Buyer-Smith,+14045550199,"Our offer on 7412 Peachtree St, Brookhaven, GA expires at 5pm today, can you confirm acceptance??","7412 Peachtree St, Brookhaven, GA",DeKalb,,buyer_lead,P0,Nathalie
SMS-0027,sms,2026-03-26T04:37:00Z,Tester Buyer-Smith,+14045550199,"Insurance renewal for 6151 Magnolia Ln, Cumming, GA is due next month.","6151 Magnolia Ln, Cumming, GA",Forsyth,,admin,P3,Noa
SMS-0028,sms,2026-03-20T23:54:00Z,Tester Buyer-Smith,+14045550199,"Hi, I saw the listing at 3682 Cedar Trail, Cumming, GA. Is it still available? I'd love a tour this weekend.","3682 Cedar Trail, Cumming, GA",Forsyth,,buyer_lead,P2,Fabi
SMS-0029,sms,2026-03-31T19:47:00Z,Tester Buyer-Smith,+14045550199,"Need to renew the lease at 2307 Pine Rd, Sugar Hill, GA. Can you send the renewal terms?","2307 Pine Rd, Sugar Hill, GA",Gwinnett,,contract,P2,Noa
SMS-0030,sms,2026-04-16T01:16:00Z,Tester Buyer-Smith,+14045550199,"Neighbor in unit B has been playing loud music until 2am for a week. 4075 Pine Rd, Marietta, GA","4075 Pine Rd, Marietta, GA",Cobb,,tenant_issue,P2,Nathalie
SMS-0031,sms,2026-04-25T07:28:00Z,Tester Buyer-Smith,+14045550199,"AC stopped cooling at 8778 Sycamore Blvd, Sugar Hill, GA. Indoor temp is 84F.","8778 Sycamore Blvd, Sugar Hill, GA",Gwinnett,,tenant_issue,P1,Nathalie
SMS-0032,sms,2026-04-30T22:41:00Z,Tester Buyer-Smith,+14045550199,"Hi Nathalie, I'd like to sell my house at 8245 Birch Ct, Cumming, GA. What's the market like in Forsyth right now?","8245 Birch Ct, Cumming, GA",Forsyth,,seller_lead,P2,Fabi
SMS-0033,sms,2026-03-22T11:08:00Z,Tester Buyer-Smith,+14045550199,"Plumber invoice for 8001 Maple Dr, Sandy Springs, GA - approving with your sign-off.","8001 Maple Dr, Sandy Springs, GA",Fulton,,vendor,P3,Noa
SMS-0034,sms,2026-03-23T06:46:00Z,Tester Buyer-Smith,+14045550199,"Can we set up a walkthrough next Tuesday for the move-out at 432 Oak Ave, Decatur, GA?","432 Oak Ave, Decatur, GA",DeKalb,,scheduling,P2,Noa
SMS-0035,sms,2026-03-23T22:22:00Z,Tester Buyer-Smith,+14045550199,The dog has a vet appointment Thursday at 10am.,"8499 Cedar Trail, Smyrna, GA",Cobb,,personal,P3,ARCHIVE
SMS-0036,sms,2026-04-18T07:39:00Z,Tester Buyer-Smith,+14045550199,The dog has a vet appointment Thursday at 10am.,"5153 Riverbend Way, Marietta, GA",Cobb,,personal,P3,ARCHIVE
SMS-0037,sms,2026-04-10T12:26:00Z,Tester Buyer-Smith,+14045550199,I paid rent on the 1st but it doesn't show in the portal yet.,"5242 Maple Dr, Cumming, GA",Forsyth,,billing,P2,Noa
SMS-0038,sms,2026-04-24T09:54:00Z,Tester Buyer-Smith,+14045550199,"I'm at 4691 Magnolia Ln, Decatur, GA but the door is locked. Are you on the way?","4691 Magnolia Ln, Decatur, GA",DeKalb,,showing,P1,Nathalie
SMS-0039,sms,2026-05-01T04:14:00Z,Tester Buyer-Smith,+14045550199,Your monthly newsletter from RealEstateDigest is here.,"7789 Maple Dr, Marietta, GA",Cobb,,marketing_promo,P3,ARCHIVE
SMS-0040,sms,2026-05-10T06:20:00Z,Tester Buyer-Smith,+14045550199,The work order #4421 for the dishwasher - any update?,"154 Cedar Trail, Dunwoody, GA",DeKalb,,maintenance,P2,Noa
SMS-0041,sms,2026-04-26T17:51:00Z,Tester Buyer-Smith,+14045550199,FYI we're out of milk. Can you grab some on the way home?,"7268 Oak Ave, Dunwoody, GA",DeKalb,,personal,P3,ARCHIVE
SMS-0042,sms,2026-04-08T04:41:00Z,Tester Buyer-Smith,+14045550199,Closing tomorrow at 9am and the wire instructions look wrong - help!,"8441 Peachtree St, Dunwoody, GA",DeKalb,,deal,P0,Nathalie
SMS-0043,sms,2026-03-31T01:13:00Z,Tester Buyer-Smith,+14045550199,"CLAIM YOUR PRIZE NOW - you've won $10,000! Click here: http://scam.example/","1976 Pine Rd, Cumming, GA",Forsyth,,spam,P3,ARCHIVE
SMS-0044,sms,2026-03-19T20:58:00Z,Tester Buyer-Smith,+14045550199,"Insurance renewal for 2059 Magnolia Ln, Woodstock, GA is due next month.","2059 Magnolia Ln, Woodstock, GA",Cherokee,,admin,P3,Noa
SMS-0045,sms,2026-04-14T11:35:00Z,Tester Buyer-Smith,+14045550199,FYI we're out of milk. Can you grab some on the way home?,"7039 Peachtree St, Kennesaw, GA",Cobb,,personal,P3,ARCHIVE
SMS-0046,sms,2026-04-13T20:46:00Z,Tester Buyer-Smith,+14045550199,FYI we're out of milk. Can you grab some on the way home?,"4218 Willow Pkwy, Cumming, GA",Forsyth,,personal,P3,ARCHIVE
SMS-0047,sms,2026-04-04T16:16:00Z,Tester Buyer-Smith,+14045550199,Crypto opportunity - 300% return guaranteed. Reply YES.,"9251 Sycamore Blvd, Decatur, GA",DeKalb,,spam,P3,ARCHIVE
SMS-0048,sms,2026-05-06T10:37:00Z,Tester Buyer-Smith,+14045550199,"Could you send me the seller's disclosure for 8633 Oak Ave, Woodstock, GA (MLS MLS-7097303)?","8633 Oak Ave, Woodstock, GA",Cherokee,MLS-7097303,document,P2,Noa
SMS-0049,sms,2026-04-25T09:34:00Z,Tester Buyer-Smith,+14045550199,"Running 15 min late to the showing at 5338 Willow Pkwy, Brookhaven, GA, please tell the agent.","5338 Willow Pkwy, Brookhaven, GA",DeKalb,,showing,P1,Nathalie
SMS-0050,sms,2026-05-03T21:57:00Z,Tester Buyer-Smith,+14045550199,FLASH SALE - 50% off everything at our store this weekend only!,"8013 Peachtree St, Woodstock, GA",Cherokee,,marketing_promo,P3,ARCHIVE
SMS-0051,sms,2026-04-22T01:35:00Z,Tester Buyer-Smith,+14045550199,Dentist appointment confirmed for Tuesday 2pm.,"1968 Oak Ave, Roswell, GA",Fulton,,personal,P3,ARCHIVE
SMS-0052,sms,2026-04-24T15:12:00Z,Tester Buyer-Smith,+14045550199,"Could you send me the seller's disclosure for 8250 Peachtree St, Decatur, GA (MLS MLS-7069044)?","8250 Peachtree St, Decatur, GA",DeKalb,MLS-7069044,document,P2,Noa
SMS-0053,sms,2026-04-12T22:44:00Z,Tester Buyer-Smith,+14045550199,Saw a roach in the kitchen - can pest control come this week?,"7106 Cedar Trail, Cumming, GA",Forsyth,,tenant_issue,P2,Nathalie
SMS-0054,sms,2026-04-09T02:17:00Z,Tester Buyer-Smith,+14045550199,The work order #4421 for the dishwasher - any update?,"5361 Riverbend Way, Brookhaven, GA",DeKalb,,maintenance,P2,Noa
SMS-0055,sms,2026-04-07T11:55:00Z,Tester Buyer-Smith,+14045550199,"Can we set up a walkthrough next Tuesday for the move-out at 8014 Magnolia Ln, Cumming, GA?","8014 Magnolia Ln, Cumming, GA",Forsyth,,scheduling,P2,Noa
SMS-0056,sms,2026-05-04T03:32:00Z,Tester Buyer-Smith,+14045550199,FLASH SALE - 50% off everything at our store this weekend only!,"5276 Cedar Trail, Sandy Springs, GA",Fulton,,marketing_promo,P3,ARCHIVE
SMS-0057,sms,2026-04-02T20:23:00Z,Tester Buyer-Smith,+14045550199,Boost your listings with our premium photography package.,"7870 Peachtree St, Atlanta, GA",Fulton,,marketing_promo,P3,ARCHIVE
SMS-0058,sms,2026-04-08T10:08:00Z,Tester Buyer-Smith,+14045550199,Crypto opportunity - 300% return guaranteed. Reply YES.,"6588 Peachtree St, Marietta, GA",Cobb,,spam,P3,ARCHIVE
SMS-0059,sms,2026-03-24T17:38:00Z,Tester Buyer-Smith,+14045550199,"No heat for 2 days now, my baby is freezing. 5064 Birch Ct, Duluth, GA","5064 Birch Ct, Duluth, GA",Gwinnett,,tenant_issue,P0,Nathalie
SMS-0060,sms,2026-04-23T15:57:00Z,Tester Buyer-Smith,+14045550199,"Can we move tomorrow's showing at 2689 Oak Ave, Kennesaw, GA from 4pm to 6pm?","2689 Oak Ave, Kennesaw, GA",Cobb,,showing,P2,Fabi
SMS-0061,sms,2026-04-30T10:09:00Z,Tester Buyer-Smith,+14045550199,"Locked out of 9717 Cedar Trail, Canton, GA at 11pm with the kids in the car.","9717 Cedar Trail, Canton, GA",Cherokee,,tenant_issue,P0,Nathalie
SMS-0062,sms,2026-04-09T02:56:00Z,Tester Buyer-Smith,+14045550199,"Hey, want to grab dinner Friday at that new ramen place?","171 Peachtree St, Woodstock, GA",Cherokee,,personal,P3,ARCHIVE
SMS-0063,sms,2026-05-07T17:46:00Z,Tester Buyer-Smith,+14045550199,Yoga class moved to 7am tomorrow. Want to come?,"8766 Oak Ave, Marietta, GA",Cobb,,personal,P3,ARCHIVE
SMS-0064,sms,2026-03-25T08:42:00Z,Tester Buyer-Smith,+14045550199,"Gas leak smell in the apartment, I called 911. 5311 Peachtree St, Roswell, GA","5311 Peachtree St, Roswell, GA",Fulton,,tenant_issue,P0,Nathalie
SMS-0065,sms,2026-03-26T04:20:00Z,Tester Buyer-Smith,+14045550199,"Light bulb in the hallway burned out, no rush.","4240 Pine Rd, Brookhaven, GA",DeKalb,,maintenance,P3,Noa
SMS-0066,sms,2026-04-15T04:48:00Z,Tester Buyer-Smith,+14045550199,"Can we set up a walkthrough next Tuesday for the move-out at 1133 Magnolia Ln, Decatur, GA?","1133 Magnolia Ln, Decatur, GA",DeKalb,,scheduling,P2,Noa
SMS-0067,sms,2026-04-29T06:07:00Z,Tester Buyer-Smith,+14045550199,"Neighbor in unit B has been playing loud music until 2am for a week. 4140 Cedar Trail, Cumming, GA","4140 Cedar Trail, Cumming, GA",Forsyth,,tenant_issue,P2,Nathalie
SMS-0068,sms,2026-05-04T01:24:00Z,Tester Buyer-Smith,+14045550199,"Vendor said they'd be here at 10am, no show. Can you check on them?","6078 Willow Pkwy, Decatur, GA",DeKalb,,maintenance,P2,Noa
SMS-0069,sms,2026-05-10T14:17:00Z,Tester Buyer-Smith,+14045550199,Saw a roach in the kitchen - can pest control come this week?,"3388 Peachtree St, Woodstock, GA",Cherokee,,tenant_issue,P2,Nathalie
SMS-0070,sms,2026-04-18T06:09:00Z,Tester Buyer-Smith,+14045550199,The dog has a vet appointment Thursday at 10am.,"5177 Sycamore Blvd, Marietta, GA",Cobb,,personal,P3,ARCHIVE
SMS-0071,sms,2026-05-02T06:44:00Z,Tester Buyer-Smith,+14045550199,Need to move ASAP - relocating for work in 3 weeks. Can you call me today?,"4232 Willow Pkwy, Brookhaven, GA",DeKalb,,buyer_lead,P1,Nathalie
SMS-0072,sms,2026-04-12T09:31:00Z,Tester Buyer-Smith,+14045550199,"Just confirming the security deposit is $1,500 not $2,000 like the email said.","1163 Birch Ct, Dunwoody, GA",DeKalb,,billing,P3,Noa
SMS-0073,sms,2026-04-08T04:41:00Z,Tester Buyer-Smith,+14045550199,"Can we move tomorrow's showing at 4873 Peachtree St, Atlanta, GA from 4pm to 6pm?","4873 Peachtree St, Atlanta, GA",Fulton,,showing,P2,Nathalie
SMS-0074,sms,2026-03-30T07:57:00Z,Tester Buyer-Smith,+14045550199,"Appraisal came in at $620k for 1140 Riverbend Way, Dunwoody, GA. Numbers look good.","1140 Riverbend Way, Dunwoody, GA",DeKalb,,deal,P2,Nathalie
SMS-0075,sms,2026-05-03T06:30:00Z,Tester Buyer-Smith,+14045550199,"The painter quoted $1,800 for unit B at 713 Magnolia Ln, Canton, GA - does that look right?","713 Magnolia Ln, Canton, GA",Cherokee,,vendor,P2,Noa
SMS-0076,sms,2026-04-13T16:28:00Z,Tester Buyer-Smith,+14045550199,"Just confirming the security deposit is $1,500 not $2,000 like the email said.","2017 Oak Ave, Woodstock, GA",Cherokee,,billing,P3,Noa
SMS-0077,sms,2026-04-06T13:29:00Z,Tester Buyer-Smith,+14045550199,The dog has a vet appointment Thursday at 10am.,"318 Magnolia Ln, Cumming, GA",Forsyth,,personal,P3,ARCHIVE
SMS-0078,sms,2026-03-31T12:35:00Z,Tester Buyer-Smith,+14045550199,"Plumber invoice for 9139 Pine Rd, Brookhaven, GA - approving with your sign-off.","9139 Pine Rd, Brookhaven, GA",DeKalb,,vendor,P3,Noa
SMS-0079,sms,2026-04-14T19:19:00Z,Tester Buyer-Smith,+14045550199,Boost your listings with our premium photography package.,"2396 Pine Rd, Cumming, GA",Forsyth,,marketing_promo,P3,ARCHIVE
SMS-0080,sms,2026-04-14T17:28:00Z,Tester Buyer-Smith,+14045550199,Need to move ASAP - relocating for work in 3 weeks. Can you call me today?,"5549 Magnolia Ln, Brookhaven, GA",DeKalb,,buyer_lead,P1,Nathalie
SMS-0081,sms,2026-04-27T22:44:00Z,Tester Buyer-Smith,+14045550199,Lender needs proof of homeowners insurance by end of day.,"457 Maple Dr, Kennesaw, GA",Cobb,,document,P1,Noa
SMS-0082,sms,2026-05-12T15:12:00Z,Tester Buyer-Smith,+14045550199,Lender needs proof of homeowners insurance by end of day.,"2756 Oak Ave, Sandy Springs, GA",Fulton,,document,P1,Noa
SMS-0083,sms,2026-03-26T13:48:00Z,Tester Buyer-Smith,+14045550199,Are you a real estate agent? Try our new CRM free for 30 days.,"1239 Cedar Trail, Lawrenceville, GA",Gwinnett,,marketing_promo,P3,ARCHIVE
SMS-0084,sms,2026-05-06T15:32:00Z,Tester Buyer-Smith,+14045550199,FLASH SALE - 50% off everything at our store this weekend only!,"6190 Riverbend Way, Lawrenceville, GA",Gwinnett,,marketing_promo,P3,ARCHIVE
SMS-0085,sms,2026-05-13T23:05:00Z,Tester Buyer-Smith,+14045550199,"Counter-offer received on 7050 Maple Dr, Sandy Springs, GA - they want 5k more. What do you think?","7050 Maple Dr, Sandy Springs, GA",Fulton,,deal,P1,Nathalie
SMS-0086,sms,2026-03-19T11:08:00Z,Tester Buyer-Smith,+14045550199,"Bathroom faucet is dripping non-stop, can a plumber come look?","6966 Birch Ct, Canton, GA",Cherokee,,tenant_issue,P2,Nathalie
SMS-0087,sms,2026-04-10T23:56:00Z,Tester Buyer-Smith,+14045550199,Looking for a 3BR/2BA in Gwinnett county under $550k. Do you have anything coming up?,"5842 Riverbend Way, Lawrenceville, GA",Gwinnett,,buyer_lead,P2,Fabi
SMS-0088,sms,2026-04-08T05:24:00Z,Tester Buyer-Smith,+14045550199,I'm a Nigerian prince and need your help moving $25M...,"4828 Willow Pkwy, Dunwoody, GA",DeKalb,,spam,P3,ARCHIVE
SMS-0089,sms,2026-03-21T18:42:00Z,Tester Buyer-Smith,+14045550199,"No heat for 2 days now, my baby is freezing. 6021 Pine Rd, Marietta, GA","6021 Pine Rd, Marietta, GA",Cobb,,tenant_issue,P0,Nathalie
SMS-0090,sms,2026-04-18T05:35:00Z,Tester Buyer-Smith,+14045550199,Closing tomorrow at 9am and the wire instructions look wrong - help!,"365 Riverbend Way, Cumming, GA",Forsyth,,deal,P0,Nathalie
SMS-0091,sms,2026-04-18T16:51:00Z,Tester Buyer-Smith,+14045550199,Are you a real estate agent? Try our new CRM free for 30 days.,"2387 Pine Rd, Sandy Springs, GA",Fulton,,marketing_promo,P3,ARCHIVE
SMS-0092,sms,2026-05-05T21:35:00Z,Tester Buyer-Smith,+14045550199,I'm a Nigerian prince and need your help moving $25M...,"9621 Magnolia Ln, Dunwoody, GA",DeKalb,,spam,P3,ARCHIVE
SMS-0093,sms,2026-04-27T04:53:00Z,Tester Buyer-Smith,+14045550199,"Insurance renewal for 2039 Birch Ct, Sugar Hill, GA is due next month.","2039 Birch Ct, Sugar Hill, GA",Gwinnett,,admin,P3,Noa
SMS-0094,sms,2026-03-27T04:42:00Z,Tester Buyer-Smith,+14045550199,"Pickup at school is at 3:15 today, can you grab the kids?","4752 Peachtree St, Sugar Hill, GA",Gwinnett,,personal,P3,ARCHIVE
SMS-0095,sms,2026-04-21T08:09:00Z,Tester Buyer-Smith,+14045550199,"Need your signature on the addendum for 6432 Riverbend Way, Sugar Hill, GA before 5pm.","6432 Riverbend Way, Sugar Hill, GA",Gwinnett,,contract,P1,Noa
SMS-0096,sms,2026-04-16T14:40:00Z,Tester Buyer-Smith,+14045550199,"Hi, I saw the listing at 5320 Peachtree St, Roswell, GA. Is it still available? I'd love a tour this weekend.","5320 Peachtree St, Roswell, GA",Fulton,,buyer_lead,P2,Nathalie
SMS-0097,sms,2026-04-02T10:18:00Z,Tester Buyer-Smith,+14045550199,The dog has a vet appointment Thursday at 10am.,"907 Birch Ct, Sugar Hill, GA",Gwinnett,,personal,P3,ARCHIVE
SMS-0098,sms,2026-03-28T19:28:00Z,Tester Buyer-Smith,+14045550199,"Running 15 min late to the showing at 6217 Maple Dr, Decatur, GA, please tell the agent.","6217 Maple Dr, Decatur, GA",DeKalb,,showing,P1,Nathalie
SMS-0099,sms,2026-04-03T10:28:00Z,Tester Buyer-Smith,+14045550199,"Insurance renewal for 1951 Cedar Trail, Kennesaw, GA is due next month.","1951 Cedar Trail, Kennesaw, GA",Cobb,,admin,P3,Noa
SMS-0100,sms,2026-04-14T00:30:00Z,Tester Buyer-Smith,+14045550199,Crypto opportunity - 300% return guaranteed. Reply YES.,"2419 Oak Ave, Lawrenceville, GA",Gwinnett,,spam,P3,ARCHIVE
SMS-0101,sms,2026-04-24T23:35:00Z,Tester Buyer-Smith,+14045550199,"Could you send me the seller's disclosure for 4747 Cedar Trail, Roswell, GA (MLS MLS-7370327)?","4747 Cedar Trail, Roswell, GA",Fulton,MLS-7370327,document,P2,Noa
SMS-0102,sms,2026-04-05T12:06:00Z,Tester Buyer-Smith,+14045550199,"Counter-offer received on 9546 Magnolia Ln, Cumming, GA - they want 5k more. What do you think?","9546 Magnolia Ln, Cumming, GA",Forsyth,,deal,P1,Nathalie
SMS-0103,sms,2026-04-30T20:00:00Z,Tester Buyer-Smith,+14045550199,Boost your listings with our premium photography package.,"3475 Cedar Trail, Woodstock, GA",Cherokee,,marketing_promo,P3,ARCHIVE
SMS-0104,sms,2026-03-29T14:52:00Z,Tester Buyer-Smith,+14045550199,"Light bulb in the hallway burned out, no rush.","5748 Willow Pkwy, Smyrna, GA",Cobb,,maintenance,P3,Noa
SMS-0105,sms,2026-04-19T03:23:00Z,Tester Buyer-Smith,+14045550199,"Need your signature on the addendum for 2317 Willow Pkwy, Dunwoody, GA before 5pm.","2317 Willow Pkwy, Dunwoody, GA",DeKalb,,contract,P1,Noa
SMS-0106,sms,2026-05-14T02:12:00Z,Tester Buyer-Smith,+14045550199,"The painter quoted $1,800 for unit B at 1134 Birch Ct, Brookhaven, GA - does that look right?","1134 Birch Ct, Brookhaven, GA",DeKalb,,vendor,P2,Noa
SMS-0107,sms,2026-04-28T15:28:00Z,Tester Buyer-Smith,+14045550199,"Vendor said they'd be here at 10am, no show. Can you check on them?","9102 Birch Ct, Sugar Hill, GA",Gwinnett,,maintenance,P2,Noa
SMS-0108,sms,2026-04-10T13:53:00Z,Tester Buyer-Smith,+14045550199,Got the inspection report back. There are 3 items I'd like to negotiate.,"3312 Willow Pkwy, Decatur, GA",DeKalb,,deal,P1,Nathalie
SMS-0109,sms,2026-04-15T19:40:00Z,Tester Buyer-Smith,+14045550199,"Locked out of 2872 Maple Dr, Canton, GA at 11pm with the kids in the car.","2872 Maple Dr, Canton, GA",Cherokee,,tenant_issue,P0,Nathalie
SMS-0110,sms,2026-03-19T21:50:00Z,Tester Buyer-Smith,+14045550199,"Just confirming the security deposit is $1,500 not $2,000 like the email said.","4426 Sycamore Blvd, Roswell, GA",Fulton,,billing,P3,Noa
SMS-0111,sms,2026-04-25T13:47:00Z,Tester Buyer-Smith,+14045550199,The dog has a vet appointment Thursday at 10am.,"6197 Birch Ct, Roswell, GA",Fulton,,personal,P3,ARCHIVE
SMS-0112,sms,2026-05-13T16:34:00Z,Tester Buyer-Smith,+14045550199,"Pickup at school is at 3:15 today, can you grab the kids?","4016 Peachtree St, Cumming, GA",Forsyth,,personal,P3,ARCHIVE
SMS-0113,sms,2026-03-24T09:43:00Z,Tester Buyer-Smith,+14045550199,"Just confirming the security deposit is $1,500 not $2,000 like the email said.","4296 Magnolia Ln, Cumming, GA",Forsyth,,billing,P3,Noa
SMS-0114,sms,2026-04-09T18:31:00Z,Tester Buyer-Smith,+14045550199,"EMERGENCY - water is pouring from the ceiling in unit at 5325 Riverbend Way, Smyrna, GA!!","5325 Riverbend Way, Smyrna, GA",Cobb,,tenant_issue,P0,Nathalie
SMS-0115,sms,2026-05-16T09:18:00Z,Tester Buyer-Smith,+14045550199,Mom's birthday is next week - did you order the cake?,"4853 Peachtree St, Cumming, GA",Forsyth,,personal,P3,ARCHIVE
SMS-0116,sms,2026-05-11T08:58:00Z,Tester Buyer-Smith,+14045550199,Your monthly newsletter from RealEstateDigest is here.,"4680 Cedar Trail, Roswell, GA",Fulton,,marketing_promo,P3,ARCHIVE
SMS-0117,sms,2026-04-20T14:45:00Z,Tester Buyer-Smith,+14045550199,"Running 15 min late to the showing at 7824 Oak Ave, Dunwoody, GA, please tell the agent.","7824 Oak Ave, Dunwoody, GA",DeKalb,,showing,P1,Nathalie
SMS-0118,sms,2026-04-01T02:13:00Z,Tester Buyer-Smith,+14045550199,"Pickup at school is at 3:15 today, can you grab the kids?","7535 Oak Ave, Woodstock, GA",Cherokee,,personal,P3,ARCHIVE
SMS-0119,sms,2026-05-15T21:46:00Z,Tester Buyer-Smith,+14045550199,Saw a roach in the kitchen - can pest control come this week?,"4532 Riverbend Way, Brookhaven, GA",DeKalb,,tenant_issue,P2,Nathalie
SMS-0120,sms,2026-04-17T04:19:00Z,Tester Buyer-Smith,+14045550199,FLASH SALE - 50% off everything at our store this weekend only!,"5347 Riverbend Way, Duluth, GA",Gwinnett,,marketing_promo,P3,ARCHIVE
SMS-0121,sms,2026-04-15T19:11:00Z,Tester Buyer-Smith,+14045550199,"Just confirming the security deposit is $1,500 not $2,000 like the email said.","9174 Cedar Trail, Dunwoody, GA",DeKalb,,billing,P3,Noa
SMS-0122,sms,2026-05-05T01:09:00Z,Tester Buyer-Smith,+14045550199,"Hi Nathalie, I'd like to sell my house at 9146 Willow Pkwy, Cumming, GA. What's the market like in Forsyth right now?","9146 Willow Pkwy, Cumming, GA",Forsyth,,seller_lead,P2,Fabi
SMS-0123,sms,2026-05-03T12:01:00Z,Tester Buyer-Smith,+14045550199,"Plumber invoice for 2223 Willow Pkwy, Smyrna, GA - approving with your sign-off.","2223 Willow Pkwy, Smyrna, GA",Cobb,,vendor,P3,Noa
SMS-0124,sms,2026-05-04T01:45:00Z,Tester Buyer-Smith,+14045550199,"Vendor said they'd be here at 10am, no show. Can you check on them?","5306 Maple Dr, Woodstock, GA",Cherokee,,maintenance,P2,Noa
SMS-0125,sms,2026-03-24T02:17:00Z,Tester Buyer-Smith,+14045550199,Boost your listings with our premium photography package.,"5007 Sycamore Blvd, Duluth, GA",Gwinnett,,marketing_promo,P3,ARCHIVE
SMS-0126,sms,2026-04-07T18:18:00Z,Tester Buyer-Smith,+14045550199,"HOA sent a notice about new pool hours, forwarding to you.","3376 Cedar Trail, Roswell, GA",Fulton,,admin,P3,Noa
SMS-0127,sms,2026-04-18T00:00:00Z,Tester Buyer-Smith,+14045550199,Need to move ASAP - relocating for work in 3 weeks. Can you call me today?,"6905 Riverbend Way, Cumming, GA",Forsyth,,buyer_lead,P1,Fabi
SMS-0128,sms,2026-03-31T11:06:00Z,Tester Buyer-Smith,+14045550199,Considering listing the property in Gwinnett - can we schedule a CMA?,"383 Magnolia Ln, Duluth, GA",Gwinnett,,seller_lead,P2,Fabi
SMS-0129,sms,2026-03-28T18:34:00Z,Tester Buyer-Smith,+14045550199,Your monthly newsletter from RealEstateDigest is here.,"5709 Birch Ct, Duluth, GA",Gwinnett,,marketing_promo,P3,ARCHIVE
SMS-0130,sms,2026-04-21T19:19:00Z,Tester Buyer-Smith,+14045550199,Saw a roach in the kitchen - can pest control come this week?,"3095 Pine Rd, Duluth, GA",Gwinnett,,tenant_issue,P2,Nathalie
SMS-0131,sms,2026-03-27T01:59:00Z,Tester Buyer-Smith,+14045550199,"I'm at 5114 Sycamore Blvd, Sandy Springs, GA but the door is locked. Are you on the way?","5114 Sycamore Blvd, Sandy Springs, GA",Fulton,,showing,P1,Nathalie
SMS-0132,sms,2026-04-22T09:21:00Z,Tester Buyer-Smith,+14045550199,"Gas leak smell in the apartment, I called 911. 7246 Riverbend Way, Atlanta, GA","7246 Riverbend Way, Atlanta, GA",Fulton,,tenant_issue,P0,Nathalie
SMS-0133,sms,2026-04-17T06:03:00Z,Tester Buyer-Smith,+14045550199,"HOA sent a notice about new pool hours, forwarding to you.","9121 Riverbend Way, Duluth, GA",Gwinnett,,admin,P3,Noa
SMS-0134,sms,2026-04-10T12:35:00Z,Tester Buyer-Smith,+14045550199,Question on clause 7.b of the contract - what does 'as-is' really mean here?,"1263 Maple Dr, Lawrenceville, GA",Gwinnett,,contract,P2,Noa
SMS-0135,sms,2026-05-14T18:47:00Z,Tester Buyer-Smith,+14045550199,Your monthly newsletter from RealEstateDigest is here.,"2487 Magnolia Ln, Cumming, GA",Forsyth,,marketing_promo,P3,ARCHIVE
SMS-0136,sms,2026-04-19T22:15:00Z,Tester Buyer-Smith,+14045550199,"AC stopped cooling at 8462 Willow Pkwy, Woodstock, GA. Indoor temp is 84F.","8462 Willow Pkwy, Woodstock, GA",Cherokee,,tenant_issue,P1,Nathalie
SMS-0137,sms,2026-04-25T22:36:00Z,Tester Buyer-Smith,+14045550199,Question on clause 7.b of the contract - what does 'as-is' really mean here?,"8757 Oak Ave, Kennesaw, GA",Cobb,,contract,P2,Noa
SMS-0138,sms,2026-04-26T13:13:00Z,Tester Buyer-Smith,+14045550199,"Can we set up a walkthrough next Tuesday for the move-out at 7409 Pine Rd, Smyrna, GA?","7409 Pine Rd, Smyrna, GA",Cobb,,scheduling,P2,Noa
SMS-0139,sms,2026-04-01T08:02:00Z,Tester Buyer-Smith,+14045550199,"EMERGENCY - water is pouring from the ceiling in unit at 9671 Peachtree St, Canton, GA!!","9671 Peachtree St, Canton, GA",Cherokee,,tenant_issue,P0,Nathalie
SMS-0140,sms,2026-05-01T07:02:00Z,Tester Buyer-Smith,+14045550199,"AC stopped cooling at 1507 Cedar Trail, Cumming, GA. Indoor temp is 84F.","1507 Cedar Trail, Cumming, GA",Forsyth,,tenant_issue,P1,Nathalie
SMS-0141,sms,2026-03-30T16:26:00Z,Tester Buyer-Smith,+14045550199,"The painter quoted $1,800 for unit B at 6594 Pine Rd, Cumming, GA - does that look right?","6594 Pine Rd, Cumming, GA",Forsyth,,vendor,P2,Noa
SMS-0142,sms,2026-03-28T09:54:00Z,Tester Buyer-Smith,+14045550199,Atlanta Realtors Network: invitation to our May mixer.,"5450 Sycamore Blvd, Roswell, GA",Fulton,,marketing_promo,P3,ARCHIVE
SMS-0143,sms,2026-05-07T12:53:00Z,Tester Buyer-Smith,+14045550199,Are you a real estate agent? Try our new CRM free for 30 days.,"3570 Pine Rd, Roswell, GA",Fulton,,marketing_promo,P3,ARCHIVE
SMS-0144,sms,2026-03-31T15:48:00Z,Tester Buyer-Smith,+14045550199,"Running 15 min late to the showing at 4592 Maple Dr, Brookhaven, GA, please tell the agent.","4592 Maple Dr, Brookhaven, GA",DeKalb,,showing,P1,Nathalie
SMS-0145,sms,2026-05-01T03:39:00Z,Tester Buyer-Smith,+14045550199,Got the inspection report back. There are 3 items I'd like to negotiate.,"3938 Cedar Trail, Woodstock, GA",Cherokee,,deal,P1,Nathalie
SMS-0146,sms,2026-05-05T09:25:00Z,Tester Buyer-Smith,+14045550199,Your monthly newsletter from RealEstateDigest is here.,"6899 Riverbend Way, Decatur, GA",DeKalb,,marketing_promo,P3,ARCHIVE
SMS-0147,sms,2026-04-13T22:32:00Z,Tester Buyer-Smith,+14045550199,Yoga class moved to 7am tomorrow. Want to come?,"6635 Willow Pkwy, Cumming, GA",Forsyth,,personal,P3,ARCHIVE
SMS-0148,sms,2026-03-24T16:02:00Z,Tester Buyer-Smith,+14045550199,FLASH SALE - 50% off everything at our store this weekend only!,"8189 Riverbend Way, Duluth, GA",Gwinnett,,marketing_promo,P3,ARCHIVE
SMS-0149,sms,2026-05-12T08:47:00Z,Tester Buyer-Smith,+14045550199,"EMERGENCY - water is pouring from the ceiling in unit at 6608 Cedar Trail, Dunwoody, GA!!","6608 Cedar Trail, Dunwoody, GA",DeKalb,,tenant_issue,P0,Nathalie
SMS-0150,sms,2026-04-24T08:44:00Z,Tester Buyer-Smith,+14045550199,I paid rent on the 1st but it doesn't show in the portal yet.,"1811 Maple Dr, Cumming, GA",Forsyth,,billing,P2,Noa
SMS-0151,sms,2026-04-25T09:04:00Z,Tester Buyer-Smith,+14045550199,FLASH SALE - 50% off everything at our store this weekend only!,"8257 Magnolia Ln, Woodstock, GA",Cherokee,,marketing_promo,P3,ARCHIVE
SMS-0152,sms,2026-03-27T12:18:00Z,Tester Buyer-Smith,+14045550199,"HOA sent a notice about new pool hours, forwarding to you.","5182 Oak Ave, Woodstock, GA",Cherokee,,admin,P3,Noa
SMS-0153,sms,2026-05-07T16:15:00Z,Tester Buyer-Smith,+14045550199,Need to move ASAP - relocating for work in 3 weeks. Can you call me today?,"9962 Sycamore Blvd, Kennesaw, GA",Cobb,,buyer_lead,P1,Fabi
SMS-0154,sms,2026-03-29T22:22:00Z,Tester Buyer-Smith,+14045550199,"Locked out of 5093 Willow Pkwy, Brookhaven, GA at 11pm with the kids in the car.","5093 Willow Pkwy, Brookhaven, GA",DeKalb,,tenant_issue,P0,Nathalie
SMS-0155,sms,2026-05-01T17:17:00Z,Tester Buyer-Smith,+14045550199,"Can we move tomorrow's showing at 9676 Maple Dr, Roswell, GA from 4pm to 6pm?","9676 Maple Dr, Roswell, GA",Fulton,,showing,P2,Nathalie
SMS-0156,sms,2026-04-24T00:57:00Z,Tester Buyer-Smith,+14045550199,Your monthly newsletter from RealEstateDigest is here.,"8578 Sycamore Blvd, Canton, GA",Cherokee,,marketing_promo,P3,ARCHIVE
SMS-0157,sms,2026-04-01T06:44:00Z,Tester Buyer-Smith,+14045550199,"Hi Nathalie, I'd like to sell my house at 1084 Willow Pkwy, Canton, GA. What's the market like in Cherokee right now?","1084 Willow Pkwy, Canton, GA",Cherokee,,seller_lead,P2,Fabi
SMS-0158,sms,2026-04-14T04:10:00Z,Tester Buyer-Smith,+14045550199,Got a late fee but I have proof I paid on time. Can we sort this out?,"3637 Riverbend Way, Brookhaven, GA",DeKalb,,billing,P2,Noa
SMS-0159,sms,2026-03-24T07:17:00Z,Tester Buyer-Smith,+14045550199,Your monthly newsletter from RealEstateDigest is here.,"4161 Peachtree St, Lawrenceville, GA",Gwinnett,,marketing_promo,P3,ARCHIVE
SMS-0160,sms,2026-05-12T14:01:00Z,Tester Buyer-Smith,+14045550199,Boost your listings with our premium photography package.,"1590 Oak Ave, Marietta, GA",Cobb,,marketing_promo,P3,ARCHIVE
SMS-0161,sms,2026-05-10T06:40:00Z,Tester Buyer-Smith,+14045550199,Urgent: your bank account needs verification. Visit https://phish.example/,"8349 Oak Ave, Marietta, GA",Cobb,,spam,P3,ARCHIVE
SMS-0162,sms,2026-05-01T04:52:00Z,Tester Buyer-Smith,+14045550199,Saw a roach in the kitchen - can pest control come this week?,"9653 Willow Pkwy, Brookhaven, GA",DeKalb,,tenant_issue,P2,Nathalie
SMS-0163,sms,2026-03-27T07:57:00Z,Tester Buyer-Smith,+14045550199,I paid rent on the 1st but it doesn't show in the portal yet.,"1550 Cedar Trail, Cumming, GA",Forsyth,,billing,P2,Noa
SMS-0164,sms,2026-04-10T04:02:00Z,Tester Buyer-Smith,+14045550199,Looking for a 3BR/2BA in Forsyth county under $550k. Do you have anything coming up?,"7098 Magnolia Ln, Cumming, GA",Forsyth,,buyer_lead,P2,Fabi
SMS-0165,sms,2026-03-22T13:35:00Z,Tester Buyer-Smith,+14045550199,"Hey, want to grab dinner Friday at that new ramen place?","4406 Magnolia Ln, Marietta, GA",Cobb,,personal,P3,ARCHIVE
SMS-0166,sms,2026-05-03T22:07:00Z,Tester Buyer-Smith,+14045550199,"EMERGENCY - water is pouring from the ceiling in unit at 9177 Oak Ave, Atlanta, GA!!","9177 Oak Ave, Atlanta, GA",Fulton,,tenant_issue,P0,Nathalie
SMS-0167,sms,2026-04-20T17:54:00Z,Tester Buyer-Smith,+14045550199,I paid rent on the 1st but it doesn't show in the portal yet.,"722 Magnolia Ln, Marietta, GA",Cobb,,billing,P2,Noa
SMS-0168,sms,2026-04-27T14:26:00Z,Tester Buyer-Smith,+14045550199,"The painter quoted $1,800 for unit B at 2097 Oak Ave, Duluth, GA - does that look right?","2097 Oak Ave, Duluth, GA",Gwinnett,,vendor,P2,Noa
SMS-0169,sms,2026-04-28T19:27:00Z,Tester Buyer-Smith,+14045550199,"Vendor said they'd be here at 10am, no show. Can you check on them?","2457 Riverbend Way, Brookhaven, GA",DeKalb,,maintenance,P2,Noa
SMS-0170,sms,2026-05-07T05:03:00Z,Tester Buyer-Smith,+14045550199,Are you a real estate agent? Try our new CRM free for 30 days.,"5994 Peachtree St, Sugar Hill, GA",Gwinnett,,marketing_promo,P3,ARCHIVE
SMS-0171,sms,2026-03-23T01:51:00Z,Tester Buyer-Smith,+14045550199,"Gas leak smell in the apartment, I called 911. 9563 Riverbend Way, Dunwoody, GA","9563 Riverbend Way, Dunwoody, GA",DeKalb,,tenant_issue,P0,Nathalie
SMS-0172,sms,2026-04-21T16:29:00Z,Tester Buyer-Smith,+14045550199,"Giving 30 days' notice - moving out by end of next month. 1830 Cedar Trail, Sugar Hill, GA","1830 Cedar Trail, Sugar Hill, GA",Gwinnett,,contract,P1,Noa
SMS-0173,sms,2026-03-27T08:22:00Z,Tester Buyer-Smith,+14045550199,Need to move ASAP - relocating for work in 3 weeks. Can you call me today?,"227 Maple Dr, Sugar Hill, GA",Gwinnett,,buyer_lead,P1,Fabi
SMS-0174,sms,2026-03-20T18:52:00Z,Tester Buyer-Smith,+14045550199,Looking for a 3BR/2BA in Forsyth county under $550k. Do you have anything coming up?,"2445 Oak Ave, Cumming, GA",Forsyth,,buyer_lead,P2,Fabi
SMS-0175,sms,2026-04-13T14:35:00Z,Tester Buyer-Smith,+14045550199,Dentist appointment confirmed for Tuesday 2pm.,"1948 Cedar Trail, Smyrna, GA",Cobb,,personal,P3,ARCHIVE
SMS-0176,sms,2026-04-04T05:51:00Z,Tester Buyer-Smith,+14045550199,"Bathroom faucet is dripping non-stop, can a plumber come look?","4120 Sycamore Blvd, Roswell, GA",Fulton,,tenant_issue,P2,Nathalie
SMS-0177,sms,2026-04-22T13:26:00Z,Tester Buyer-Smith,+14045550199,Got the inspection report back. There are 3 items I'd like to negotiate.,"8701 Pine Rd, Cumming, GA",Forsyth,,deal,P1,Nathalie
SMS-0178,sms,2026-03-20T06:23:00Z,Tester Buyer-Smith,+14045550199,"I'm at 1899 Birch Ct, Canton, GA but the door is locked. Are you on the way?","1899 Birch Ct, Canton, GA",Cherokee,,showing,P1,Fabi
SMS-0179,sms,2026-04-21T13:43:00Z,Tester Buyer-Smith,+14045550199,"HOA sent a notice about new pool hours, forwarding to you.","3867 Sycamore Blvd, Sugar Hill, GA",Gwinnett,,admin,P3,Noa
SMS-0180,sms,2026-04-27T04:21:00Z,Tester Buyer-Smith,+14045550199,FLASH SALE - 50% off everything at our store this weekend only!,"6401 Pine Rd, Canton, GA",Cherokee,,marketing_promo,P3,ARCHIVE
SMS-0181,sms,2026-05-06T22:50:00Z,Tester Buyer-Smith,+14045550199,"AC stopped cooling at 5072 Riverbend Way, Sandy Springs, GA. Indoor temp is 84F.","5072 Riverbend Way, Sandy Springs, GA",Fulton,,tenant_issue,P1,Nathalie
SMS-0182,sms,2026-03-25T04:22:00Z,Tester Buyer-Smith,+14045550199,"HOA sent a notice about new pool hours, forwarding to you.","3361 Oak Ave, Sugar Hill, GA",Gwinnett,,admin,P3,Noa
SMS-0183,sms,2026-05-08T19:56:00Z,Tester Buyer-Smith,+14045550199,FLASH SALE - 50% off everything at our store this weekend only!,"3381 Oak Ave, Duluth, GA",Gwinnett,,marketing_promo,P3,ARCHIVE
SMS-0184,sms,2026-04-08T19:03:00Z,Tester Buyer-Smith,+14045550199,Considering listing the property in Cherokee - can we schedule a CMA?,"7041 Magnolia Ln, Canton, GA",Cherokee,,seller_lead,P2,Fabi
SMS-0185,sms,2026-05-13T17:44:00Z,Tester Buyer-Smith,+14045550199,"Can we move tomorrow's showing at 5065 Magnolia Ln, Cumming, GA from 4pm to 6pm?","5065 Magnolia Ln, Cumming, GA",Forsyth,,showing,P2,Fabi
SMS-0186,sms,2026-04-08T11:34:00Z,Tester Buyer-Smith,+14045550199,"Locked out of 7160 Pine Rd, Marietta, GA at 11pm with the kids in the car.","7160 Pine Rd, Marietta, GA",Cobb,,tenant_issue,P0,Nathalie
SMS-0187,sms,2026-03-20T06:10:00Z,Tester Buyer-Smith,+14045550199,Question on clause 7.b of the contract - what does 'as-is' really mean here?,"119 Cedar Trail, Marietta, GA",Cobb,,contract,P2,Noa
SMS-0188,sms,2026-03-19T14:13:00Z,Tester Buyer-Smith,+14045550199,"Just confirming the security deposit is $1,500 not $2,000 like the email said.","2150 Peachtree St, Sandy Springs, GA",Fulton,,billing,P3,Noa
SMS-0189,sms,2026-04-18T21:22:00Z,Tester Buyer-Smith,+14045550199,Considering listing the property in Fulton - can we schedule a CMA?,"6227 Pine Rd, Sandy Springs, GA",Fulton,,seller_lead,P2,Nathalie
SMS-0190,sms,2026-03-20T17:22:00Z,Tester Buyer-Smith,+14045550199,"Can we set up a walkthrough next Tuesday for the move-out at 4541 Pine Rd, Smyrna, GA?","4541 Pine Rd, Smyrna, GA",Cobb,,scheduling,P2,Noa
SMS-0191,sms,2026-05-02T05:07:00Z,Tester Buyer-Smith,+14045550199,"Pickup at school is at 3:15 today, can you grab the kids?","4270 Sycamore Blvd, Roswell, GA",Fulton,,personal,P3,ARCHIVE
SMS-0192,sms,2026-03-30T18:00:00Z,Tester Buyer-Smith,+14045550199,"Gas leak smell in the apartment, I called 911. 7523 Oak Ave, Canton, GA","7523 Oak Ave, Canton, GA",Cherokee,,tenant_issue,P0,Nathalie
SMS-0193,sms,2026-04-19T12:01:00Z,Tester Buyer-Smith,+14045550199,Urgent: your bank account needs verification. Visit https://phish.example/,"9394 Magnolia Ln, Sugar Hill, GA",Gwinnett,,spam,P3,ARCHIVE
SMS-0194,sms,2026-04-25T09:15:00Z,Tester Buyer-Smith,+14045550199,Mom's birthday is next week - did you order the cake?,"5195 Peachtree St, Cumming, GA",Forsyth,,personal,P3,ARCHIVE
SMS-0195,sms,2026-04-01T01:43:00Z,Tester Buyer-Smith,+14045550199,Lender needs proof of homeowners insurance by end of day.,"491 Cedar Trail, Brookhaven, GA",DeKalb,,document,P1,Noa
SMS-0196,sms,2026-05-10T08:27:00Z,Tester Buyer-Smith,+14045550199,Closing tomorrow at 9am and the wire instructions look wrong - help!,"4740 Pine Rd, Woodstock, GA",Cherokee,,deal,P0,Nathalie
SMS-0197,sms,2026-05-11T23:12:00Z,Tester Buyer-Smith,+14045550199,"Insurance renewal for 9935 Pine Rd, Atlanta, GA is due next month.","9935 Pine Rd, Atlanta, GA",Fulton,,admin,P3,Noa
SMS-0198,sms,2026-04-10T20:52:00Z,Tester Buyer-Smith,+14045550199,Atlanta Realtors Network: invitation to our May mixer.,"349 Maple Dr, Decatur, GA",DeKalb,,marketing_promo,P3,ARCHIVE
SMS-0199,sms,2026-04-17T22:22:00Z,Tester Buyer-Smith,+14045550199,"Our offer on 504 Riverbend Way, Cumming, GA expires at 5pm today, can you confirm acceptance??","504 Riverbend Way, Cumming, GA",Forsyth,,buyer_lead,P0,Fabi
SMS-0200,sms,2026-05-04T09:52:00Z,Tester Buyer-Smith,+14045550199,Your monthly newsletter from RealEstateDigest is here.,"9635 Oak Ave, Cumming, GA",Forsyth,,marketing_promo,P3,ARCHIVE
SMS-0201,sms,2026-04-17T10:10:00Z,Tester Buyer-Smith,+14045550199,Urgent: your bank account needs verification. Visit https://phish.example/,"9397 Sycamore Blvd, Cumming, GA",Forsyth,,spam,P3,ARCHIVE
SMS-0202,sms,2026-05-16T23:19:00Z,Tester Buyer-Smith,+14045550199,Dentist appointment confirmed for Tuesday 2pm.,"5275 Riverbend Way, Marietta, GA",Cobb,,personal,P3,ARCHIVE
SMS-0203,sms,2026-04-12T09:38:00Z,Tester Buyer-Smith,+14045550199,"Light bulb in the hallway burned out, no rush.","8618 Sycamore Blvd, Decatur, GA",DeKalb,,maintenance,P3,Noa
SMS-0204,sms,2026-03-29T03:01:00Z,Tester Buyer-Smith,+14045550199,"Need your signature on the addendum for 6795 Birch Ct, Smyrna, GA before 5pm.","6795 Birch Ct, Smyrna, GA",Cobb,,contract,P1,Noa
SMS-0205,sms,2026-04-18T14:01:00Z,Tester Buyer-Smith,+14045550199,Closing tomorrow at 9am and the wire instructions look wrong - help!,"1953 Sycamore Blvd, Sandy Springs, GA",Fulton,,deal,P0,Nathalie
SMS-0206,sms,2026-04-08T19:36:00Z,Tester Buyer-Smith,+14045550199,Boost your listings with our premium photography package.,"230 Cedar Trail, Atlanta, GA",Fulton,,marketing_promo,P3,ARCHIVE
SMS-0207,sms,2026-03-21T20:20:00Z,Tester Buyer-Smith,+14045550199,"Can we set up a walkthrough next Tuesday for the move-out at 2381 Birch Ct, Lawrenceville, GA?","2381 Birch Ct, Lawrenceville, GA",Gwinnett,,scheduling,P2,Noa
SMS-0208,sms,2026-04-05T04:57:00Z,Tester Buyer-Smith,+14045550199,The work order #4421 for the dishwasher - any update?,"9726 Maple Dr, Brookhaven, GA",DeKalb,,maintenance,P2,Noa
SMS-0209,sms,2026-03-26T12:54:00Z,Tester Buyer-Smith,+14045550199,Lender needs proof of homeowners insurance by end of day.,"3817 Magnolia Ln, Roswell, GA",Fulton,,document,P1,Noa
SMS-0210,sms,2026-04-07T01:56:00Z,Tester Buyer-Smith,+14045550199,"Counter-offer received on 9908 Peachtree St, Atlanta, GA - they want 5k more. What do you think?","9908 Peachtree St, Atlanta, GA",Fulton,,deal,P1,Nathalie
SMS-0211,sms,2026-05-11T23:26:00Z,Tester Buyer-Smith,+14045550199,"Can we move tomorrow's showing at 1258 Willow Pkwy, Cumming, GA from 4pm to 6pm?","1258 Willow Pkwy, Cumming, GA",Forsyth,,showing,P2,Fabi
SMS-0212,sms,2026-04-07T20:49:00Z,Tester Buyer-Smith,+14045550199,I'm a Nigerian prince and need your help moving $25M...,"9454 Riverbend Way, Roswell, GA",Fulton,,spam,P3,ARCHIVE
SMS-0213,sms,2026-05-13T16:24:00Z,Tester Buyer-Smith,+14045550199,Are you a real estate agent? Try our new CRM free for 30 days.,"4836 Riverbend Way, Cumming, GA",Forsyth,,marketing_promo,P3,ARCHIVE
SMS-0214,sms,2026-03-20T02:57:00Z,Tester Buyer-Smith,+14045550199,"Vendor said they'd be here at 10am, no show. Can you check on them?","9311 Maple Dr, Sugar Hill, GA",Gwinnett,,maintenance,P2,Noa
SMS-0215,sms,2026-04-25T01:20:00Z,Tester Buyer-Smith,+14045550199,"AC stopped cooling at 4253 Magnolia Ln, Duluth, GA. Indoor temp is 84F.","4253 Magnolia Ln, Duluth, GA",Gwinnett,,tenant_issue,P1,Nathalie
SMS-0216,sms,2026-03-28T19:57:00Z,Tester Buyer-Smith,+14045550199,Crypto opportunity - 300% return guaranteed. Reply YES.,"3340 Maple Dr, Atlanta, GA",Fulton,,spam,P3,ARCHIVE
SMS-0217,sms,2026-04-17T21:26:00Z,Tester Buyer-Smith,+14045550199,"Insurance renewal for 7557 Magnolia Ln, Sandy Springs, GA is due next month.","7557 Magnolia Ln, Sandy Springs, GA",Fulton,,admin,P3,Noa
SMS-0218,sms,2026-03-30T15:16:00Z,Tester Buyer-Smith,+14045550199,"I'm at 1871 Pine Rd, Atlanta, GA but the door is locked. Are you on the way?","1871 Pine Rd, Atlanta, GA",Fulton,,showing,P1,Nathalie
SMS-0219,sms,2026-05-16T09:37:00Z,Tester Buyer-Smith,+14045550199,"Could you send me the seller's disclosure for 7120 Peachtree St, Cumming, GA (MLS MLS-7922706)?","7120 Peachtree St, Cumming, GA",Forsyth,MLS-7922706,document,P2,Noa
SMS-0220,sms,2026-03-23T10:12:00Z,Tester Buyer-Smith,+14045550199,"CLAIM YOUR PRIZE NOW - you've won $10,000! Click here: http://scam.example/","2290 Birch Ct, Brookhaven, GA",DeKalb,,spam,P3,ARCHIVE
SMS-0221,sms,2026-05-07T19:09:00Z,Tester Buyer-Smith,+14045550199,"Need to renew the lease at 8636 Sycamore Blvd, Lawrenceville, GA. Can you send the renewal terms?","8636 Sycamore Blvd, Lawrenceville, GA",Gwinnett,,contract,P2,Noa
SMS-0222,sms,2026-04-14T05:54:00Z,Tester Buyer-Smith,+14045550199,"No heat for 2 days now, my baby is freezing. 6163 Magnolia Ln, Cumming, GA","6163 Magnolia Ln, Cumming, GA",Forsyth,,tenant_issue,P0,Nathalie
SMS-0223,sms,2026-04-30T06:18:00Z,Tester Buyer-Smith,+14045550199,FLASH SALE - 50% off everything at our store this weekend only!,"4109 Maple Dr, Atlanta, GA",Fulton,,marketing_promo,P3,ARCHIVE
SMS-0224,sms,2026-05-11T09:56:00Z,Tester Buyer-Smith,+14045550199,Are you a real estate agent? Try our new CRM free for 30 days.,"3948 Peachtree St, Woodstock, GA",Cherokee,,marketing_promo,P3,ARCHIVE
SMS-0225,sms,2026-05-08T12:44:00Z,Tester Buyer-Smith,+14045550199,"Hi, I saw the listing at 5639 Maple Dr, Brookhaven, GA. Is it still available? I'd love a tour this weekend.","5639 Maple Dr, Brookhaven, GA",DeKalb,,buyer_lead,P2,Nathalie
SMS-0226,sms,2026-05-06T17:35:00Z,Tester Buyer-Smith,+14045550199,"Just confirming the security deposit is $1,500 not $2,000 like the email said.","253 Willow Pkwy, Dunwoody, GA",DeKalb,,billing,P3,Noa
SMS-0227,sms,2026-05-13T22:06:00Z,Tester Buyer-Smith,+14045550199,Crypto opportunity - 300% return guaranteed. Reply YES.,"2759 Pine Rd, Decatur, GA",DeKalb,,spam,P3,ARCHIVE
SMS-0228,sms,2026-04-07T16:47:00Z,Tester Buyer-Smith,+14045550199,Are you a real estate agent? Try our new CRM free for 30 days.,"3583 Maple Dr, Canton, GA",Cherokee,,marketing_promo,P3,ARCHIVE
SMS-0229,sms,2026-04-19T06:16:00Z,Tester Buyer-Smith,+14045550199,I'm a Nigerian prince and need your help moving $25M...,"1768 Sycamore Blvd, Smyrna, GA",Cobb,,spam,P3,ARCHIVE
SMS-0230,sms,2026-05-01T05:37:00Z,Tester Buyer-Smith,+14045550199,Got a late fee but I have proof I paid on time. Can we sort this out?,"8676 Maple Dr, Roswell, GA",Fulton,,billing,P2,Noa
SMS-0231,sms,2026-04-27T13:30:00Z,Tester Buyer-Smith,+14045550199,Lender needs proof of homeowners insurance by end of day.,"901 Willow Pkwy, Smyrna, GA",Cobb,,document,P1,Noa
SMS-0232,sms,2026-04-12T23:19:00Z,Tester Buyer-Smith,+14045550199,Urgent: your bank account needs verification. Visit https://phish.example/,"911 Magnolia Ln, Cumming, GA",Forsyth,,spam,P3,ARCHIVE
SMS-0233,sms,2026-04-06T08:16:00Z,Tester Buyer-Smith,+14045550199,"Hey, want to grab dinner Friday at that new ramen place?","7616 Oak Ave, Cumming, GA",Forsyth,,personal,P3,ARCHIVE
SMS-0234,sms,2026-04-01T07:48:00Z,Tester Buyer-Smith,+14045550199,"Bathroom faucet is dripping non-stop, can a plumber come look?","4446 Cedar Trail, Kennesaw, GA",Cobb,,tenant_issue,P2,Nathalie
SMS-0235,sms,2026-04-08T11:26:00Z,Tester Buyer-Smith,+14045550199,FLASH SALE - 50% off everything at our store this weekend only!,"1355 Sycamore Blvd, Atlanta, GA",Fulton,,marketing_promo,P3,ARCHIVE
SMS-0236,sms,2026-05-02T12:20:00Z,Tester Buyer-Smith,+14045550199,"The painter quoted $1,800 for unit B at 577 Birch Ct, Kennesaw, GA - does that look right?","577 Birch Ct, Kennesaw, GA",Cobb,,vendor,P2,Noa
SMS-0237,sms,2026-03-22T19:43:00Z,Tester Buyer-Smith,+14045550199,Boost your listings with our premium photography package.,"9721 Riverbend Way, Decatur, GA",DeKalb,,marketing_promo,P3,ARCHIVE
SMS-0238,sms,2026-04-17T21:32:00Z,Tester Buyer-Smith,+14045550199,Are you a real estate agent? Try our new CRM free for 30 days.,"5160 Birch Ct, Marietta, GA",Cobb,,marketing_promo,P3,ARCHIVE
SMS-0239,sms,2026-05-08T22:05:00Z,Tester Buyer-Smith,+14045550199,"EMERGENCY - water is pouring from the ceiling in unit at 2795 Sycamore Blvd, Lawrenceville, GA!!","2795 Sycamore Blvd, Lawrenceville, GA",Gwinnett,,tenant_issue,P0,Nathalie
SMS-0240,sms,2026-05-12T03:17:00Z,Tester Buyer-Smith,+14045550199,"AC stopped cooling at 3552 Peachtree St, Atlanta, GA. Indoor temp is 84F.","3552 Peachtree St, Atlanta, GA",Fulton,,tenant_issue,P1,Nathalie
SMS-0241,sms,2026-05-13T15:15:00Z,Tester Buyer-Smith,+14045550199,Crypto opportunity - 300% return guaranteed. Reply YES.,"5659 Birch Ct, Sugar Hill, GA",Gwinnett,,spam,P3,ARCHIVE
SMS-0242,sms,2026-04-23T01:01:00Z,Tester Buyer-Smith,+14045550199,"HOA sent a notice about new pool hours, forwarding to you.","2486 Peachtree St, Brookhaven, GA",DeKalb,,admin,P3,Noa
SMS-0243,sms,2026-03-21T05:33:00Z,Tester Buyer-Smith,+14045550199,"Gas leak smell in the apartment, I called 911. 9375 Sycamore Blvd, Atlanta, GA","9375 Sycamore Blvd, Atlanta, GA",Fulton,,tenant_issue,P0,Nathalie
SMS-0244,sms,2026-04-19T07:11:00Z,Tester Buyer-Smith,+14045550199,"CLAIM YOUR PRIZE NOW - you've won $10,000! Click here: http://scam.example/","199 Cedar Trail, Cumming, GA",Forsyth,,spam,P3,ARCHIVE
SMS-0245,sms,2026-05-08T13:21:00Z,Tester Buyer-Smith,+14045550199,Yoga class moved to 7am tomorrow. Want to come?,"8510 Pine Rd, Marietta, GA",Cobb,,personal,P3,ARCHIVE
SMS-0246,sms,2026-04-03T22:11:00Z,Tester Buyer-Smith,+14045550199,"The painter quoted $1,800 for unit B at 1535 Pine Rd, Dunwoody, GA - does that look right?","1535 Pine Rd, Dunwoody, GA",DeKalb,,vendor,P2,Noa
SMS-0247,sms,2026-04-01T06:30:00Z,Tester Buyer-Smith,+14045550199,"Our offer on 4149 Sycamore Blvd, Lawrenceville, GA expires at 5pm today, can you confirm acceptance??","4149 Sycamore Blvd, Lawrenceville, GA",Gwinnett,,buyer_lead,P0,Fabi
SMS-0248,sms,2026-04-12T18:53:00Z,Tester Buyer-Smith,+14045550199,Question on clause 7.b of the contract - what does 'as-is' really mean here?,"1455 Willow Pkwy, Woodstock, GA",Cherokee,,contract,P2,Noa
SMS-0249,sms,2026-04-11T09:15:00Z,Tester Buyer-Smith,+14045550199,Are you a real estate agent? Try our new CRM free for 30 days.,"6688 Magnolia Ln, Woodstock, GA",Cherokee,,marketing_promo,P3,ARCHIVE
SMS-0250,sms,2026-03-29T22:16:00Z,Tester Buyer-Smith,+14045550199,"Our offer on 2260 Sycamore Blvd, Roswell, GA expires at 5pm today, can you confirm acceptance??","2260 Sycamore Blvd, Roswell, GA",Fulton,,buyer_lead,P0,Nathalie
SMS-0251,sms,2026-05-02T02:30:00Z,Tester Buyer-Smith,+14045550199,"Can we move tomorrow's showing at 4403 Maple Dr, Woodstock, GA from 4pm to 6pm?","4403 Maple Dr, Woodstock, GA",Cherokee,,showing,P2,Fabi
SMS-0252,sms,2026-03-21T21:11:00Z,Tester Buyer-Smith,+14045550199,"EMERGENCY - water is pouring from the ceiling in unit at 1969 Cedar Trail, Dunwoody, GA!!","1969 Cedar Trail, Dunwoody, GA",DeKalb,,tenant_issue,P0,Nathalie
SMS-0253,sms,2026-05-07T17:43:00Z,Tester Buyer-Smith,+14045550199,Considering listing the property in DeKalb - can we schedule a CMA?,"5396 Maple Dr, Brookhaven, GA",DeKalb,,seller_lead,P2,Nathalie
SMS-0254,sms,2026-05-02T09:24:00Z,Tester Buyer-Smith,+14045550199,Boost your listings with our premium photography package.,"7520 Cedar Trail, Atlanta, GA",Fulton,,marketing_promo,P3,ARCHIVE
SMS-0255,sms,2026-03-18T22:37:00Z,Tester Buyer-Smith,+14045550199,"No heat for 2 days now, my baby is freezing. 6277 Cedar Trail, Canton, GA","6277 Cedar Trail, Canton, GA",Cherokee,,tenant_issue,P0,Nathalie
SMS-0256,sms,2026-04-25T07:22:00Z,Tester Buyer-Smith,+14045550199,Looking for a 3BR/2BA in Cherokee county under $550k. Do you have anything coming up?,"2260 Cedar Trail, Canton, GA",Cherokee,,buyer_lead,P2,Fabi
SMS-0257,sms,2026-03-19T05:53:00Z,Tester Buyer-Smith,+14045550199,"Hi Nathalie, I'd like to sell my house at 7497 Willow Pkwy, Brookhaven, GA. What's the market like in DeKalb right now?","7497 Willow Pkwy, Brookhaven, GA",DeKalb,,seller_lead,P2,Nathalie
SMS-0258,sms,2026-04-14T21:13:00Z,Tester Buyer-Smith,+14045550199,"Locked out of 4895 Birch Ct, Sandy Springs, GA at 11pm with the kids in the car.","4895 Birch Ct, Sandy Springs, GA",Fulton,,tenant_issue,P0,Nathalie
SMS-0259,sms,2026-04-22T01:25:00Z,Tester Buyer-Smith,+14045550199,Crypto opportunity - 300% return guaranteed. Reply YES.,"9635 Willow Pkwy, Smyrna, GA",Cobb,,spam,P3,ARCHIVE
SMS-0260,sms,2026-05-03T01:32:00Z,Tester Buyer-Smith,+14045550199,"Just confirming the security deposit is $1,500 not $2,000 like the email said.","5619 Peachtree St, Duluth, GA",Gwinnett,,billing,P3,Noa
SMS-0261,sms,2026-04-06T15:01:00Z,Tester Buyer-Smith,+14045550199,The work order #4421 for the dishwasher - any update?,"8077 Sycamore Blvd, Atlanta, GA",Fulton,,maintenance,P2,Noa
SMS-0262,sms,2026-04-14T05:22:00Z,Tester Buyer-Smith,+14045550199,"HOA sent a notice about new pool hours, forwarding to you.","2772 Birch Ct, Marietta, GA",Cobb,,admin,P3,Noa
SMS-0263,sms,2026-05-08T20:22:00Z,Tester Buyer-Smith,+14045550199,Urgent: your bank account needs verification. Visit https://phish.example/,"6875 Oak Ave, Woodstock, GA",Cherokee,,spam,P3,ARCHIVE
SMS-0264,sms,2026-04-27T21:21:00Z,Tester Buyer-Smith,+14045550199,"Counter-offer received on 780 Sycamore Blvd, Lawrenceville, GA - they want 5k more. What do you think?","780 Sycamore Blvd, Lawrenceville, GA",Gwinnett,,deal,P1,Nathalie
SMS-0265,sms,2026-05-05T21:12:00Z,Tester Buyer-Smith,+14045550199,"Hey, want to grab dinner Friday at that new ramen place?","1364 Willow Pkwy, Decatur, GA",DeKalb,,personal,P3,ARCHIVE
SMS-0266,sms,2026-04-11T13:08:00Z,Tester Buyer-Smith,+14045550199,"Just confirming the security deposit is $1,500 not $2,000 like the email said.","3640 Oak Ave, Cumming, GA",Forsyth,,billing,P3,Noa
SMS-0267,sms,2026-05-15T21:03:00Z,Tester Buyer-Smith,+14045550199,"Plumber invoice for 7467 Willow Pkwy, Dunwoody, GA - approving with your sign-off.","7467 Willow Pkwy, Dunwoody, GA",DeKalb,,vendor,P3,Noa
SMS-0268,sms,2026-05-08T22:56:00Z,Tester Buyer-Smith,+14045550199,Boost your listings with our premium photography package.,"826 Peachtree St, Sandy Springs, GA",Fulton,,marketing_promo,P3,ARCHIVE
SMS-0269,sms,2026-03-20T18:46:00Z,Tester Buyer-Smith,+14045550199,"Hi Nathalie, I'd like to sell my house at 9021 Maple Dr, Kennesaw, GA. What's the market like in Cobb right now?","9021 Maple Dr, Kennesaw, GA",Cobb,,seller_lead,P2,Fabi
SMS-0270,sms,2026-03-29T12:29:00Z,Tester Buyer-Smith,+14045550199,"Need your signature on the addendum for 9329 Maple Dr, Cumming, GA before 5pm.","9329 Maple Dr, Cumming, GA",Forsyth,,contract,P1,Noa
SMS-0271,sms,2026-04-14T19:34:00Z,Tester Buyer-Smith,+14045550199,"Bathroom faucet is dripping non-stop, can a plumber come look?","6759 Cedar Trail, Woodstock, GA",Cherokee,,tenant_issue,P2,Nathalie
SMS-0272,sms,2026-04-22T21:56:00Z,Tester Buyer-Smith,+14045550199,"AC stopped cooling at 150 Pine Rd, Decatur, GA. Indoor temp is 84F.","150 Pine Rd, Decatur, GA",DeKalb,,tenant_issue,P1,Nathalie
SMS-0273,sms,2026-04-30T10:03:00Z,Tester Buyer-Smith,+14045550199,Saw a roach in the kitchen - can pest control come this week?,"1146 Oak Ave, Brookhaven, GA",DeKalb,,tenant_issue,P2,Nathalie
SMS-0274,sms,2026-04-06T21:17:00Z,Tester Buyer-Smith,+14045550199,Yoga class moved to 7am tomorrow. Want to come?,"8586 Cedar Trail, Duluth, GA",Gwinnett,,personal,P3,ARCHIVE
SMS-0275,sms,2026-05-02T09:10:00Z,Tester Buyer-Smith,+14045550199,"No heat for 2 days now, my baby is freezing. 7973 Peachtree St, Canton, GA","7973 Peachtree St, Canton, GA",Cherokee,,tenant_issue,P0,Nathalie
SMS-0276,sms,2026-03-23T09:28:00Z,Tester Buyer-Smith,+14045550199,I'm a Nigerian prince and need your help moving $25M...,"6085 Cedar Trail, Dunwoody, GA",DeKalb,,spam,P3,ARCHIVE
SMS-0277,sms,2026-04-25T05:44:00Z,Tester Buyer-Smith,+14045550199,"Bathroom faucet is dripping non-stop, can a plumber come look?","7086 Sycamore Blvd, Cumming, GA",Forsyth,,tenant_issue,P2,Nathalie
SMS-0278,sms,2026-04-01T12:32:00Z,Tester Buyer-Smith,+14045550199,I paid rent on the 1st but it doesn't show in the portal yet.,"5718 Birch Ct, Cumming, GA",Forsyth,,billing,P2,Noa
SMS-0279,sms,2026-04-08T13:44:00Z,Tester Buyer-Smith,+14045550199,"Our offer on 5903 Sycamore Blvd, Duluth, GA expires at 5pm today, can you confirm acceptance??","5903 Sycamore Blvd, Duluth, GA",Gwinnett,,buyer_lead,P0,Fabi
SMS-0280,sms,2026-03-28T05:49:00Z,Tester Buyer-Smith,+14045550199,"Running 15 min late to the showing at 2959 Birch Ct, Atlanta, GA, please tell the agent.","2959 Birch Ct, Atlanta, GA",Fulton,,showing,P1,Nathalie
SMS-0281,sms,2026-04-30T13:35:00Z,Tester Buyer-Smith,+14045550199,Yoga class moved to 7am tomorrow. Want to come?,"1540 Oak Ave, Cumming, GA",Forsyth,,personal,P3,ARCHIVE
SMS-0282,sms,2026-04-11T00:31:00Z,Tester Buyer-Smith,+14045550199,"Insurance renewal for 8915 Pine Rd, Cumming, GA is due next month.","8915 Pine Rd, Cumming, GA",Forsyth,,admin,P3,Noa
SMS-0283,sms,2026-04-02T14:22:00Z,Tester Buyer-Smith,+14045550199,"Just confirming the security deposit is $1,500 not $2,000 like the email said.","4030 Birch Ct, Cumming, GA",Forsyth,,billing,P3,Noa
SMS-0284,sms,2026-04-22T18:17:00Z,Tester Buyer-Smith,+14045550199,Need to move ASAP - relocating for work in 3 weeks. Can you call me today?,"4303 Magnolia Ln, Cumming, GA",Forsyth,,buyer_lead,P1,Fabi
SMS-0285,sms,2026-04-22T13:35:00Z,Tester Buyer-Smith,+14045550199,"Running 15 min late to the showing at 1568 Oak Ave, Canton, GA, please tell the agent.","1568 Oak Ave, Canton, GA",Cherokee,,showing,P1,Fabi
SMS-0286,sms,2026-04-20T20:01:00Z,Tester Buyer-Smith,+14045550199,"CLAIM YOUR PRIZE NOW - you've won $10,000! Click here: http://scam.example/","4782 Cedar Trail, Atlanta, GA",Fulton,,spam,P3,ARCHIVE
SMS-0287,sms,2026-04-18T19:03:00Z,Tester Buyer-Smith,+14045550199,"Appraisal came in at $620k for 9549 Birch Ct, Marietta, GA. Numbers look good.","9549 Birch Ct, Marietta, GA",Cobb,,deal,P2,Nathalie
SMS-0288,sms,2026-05-02T21:54:00Z,Tester Buyer-Smith,+14045550199,"Gas leak smell in the apartment, I called 911. 2380 Oak Ave, Marietta, GA","2380 Oak Ave, Marietta, GA",Cobb,,tenant_issue,P0,Nathalie
SMS-0289,sms,2026-03-22T06:46:00Z,Tester Buyer-Smith,+14045550199,"HOA sent a notice about new pool hours, forwarding to you.","3359 Oak Ave, Smyrna, GA",Cobb,,admin,P3,Noa
SMS-0290,sms,2026-03-20T21:02:00Z,Tester Buyer-Smith,+14045550199,"Our offer on 3746 Riverbend Way, Woodstock, GA expires at 5pm today, can you confirm acceptance??","3746 Riverbend Way, Woodstock, GA",Cherokee,,buyer_lead,P0,Fabi
SMS-0291,sms,2026-04-30T13:18:00Z,Tester Buyer-Smith,+14045550199,"Hi, I saw the listing at 2403 Willow Pkwy, Cumming, GA. Is it still available? I'd love a tour this weekend.","2403 Willow Pkwy, Cumming, GA",Forsyth,,buyer_lead,P2,Fabi
SMS-0292,sms,2026-04-19T06:26:00Z,Tester Buyer-Smith,+14045550199,FYI we're out of milk. Can you grab some on the way home?,"3227 Pine Rd, Smyrna, GA",Cobb,,personal,P3,ARCHIVE
SMS-0293,sms,2026-05-10T16:08:00Z,Tester Buyer-Smith,+14045550199,"The painter quoted $1,800 for unit B at 1846 Riverbend Way, Cumming, GA - does that look right?","1846 Riverbend Way, Cumming, GA",Forsyth,,vendor,P2,Noa
SMS-0294,sms,2026-03-28T00:01:00Z,Tester Buyer-Smith,+14045550199,"Need to renew the lease at 8702 Willow Pkwy, Roswell, GA. Can you send the renewal terms?","8702 Willow Pkwy, Roswell, GA",Fulton,,contract,P2,Noa
SMS-0295,sms,2026-04-28T08:53:00Z,Tester Buyer-Smith,+14045550199,Looking for a 3BR/2BA in Fulton county under $550k. Do you have anything coming up?,"7238 Sycamore Blvd, Atlanta, GA",Fulton,,buyer_lead,P2,Nathalie
SMS-0296,sms,2026-04-14T19:07:00Z,Tester Buyer-Smith,+14045550199,"Hey, want to grab dinner Friday at that new ramen place?","4096 Cedar Trail, Atlanta, GA",Fulton,,personal,P3,ARCHIVE
SMS-0297,sms,2026-04-15T10:06:00Z,Tester Buyer-Smith,+14045550199,"Hi Nathalie, I'd like to sell my house at 3546 Willow Pkwy, Atlanta, GA. What's the market like in Fulton right now?","3546 Willow Pkwy, Atlanta, GA",Fulton,,seller_lead,P2,Nathalie
SMS-0298,sms,2026-03-26T01:33:00Z,Tester Buyer-Smith,+14045550199,"Bathroom faucet is dripping non-stop, can a plumber come look?","832 Pine Rd, Canton, GA",Cherokee,,tenant_issue,P2,Nathalie
SMS-0299,sms,2026-04-01T20:16:00Z,Tester Buyer-Smith,+14045550199,Atlanta Realtors Network: invitation to our May mixer.,"9688 Riverbend Way, Cumming, GA",Forsyth,,marketing_promo,P3,ARCHIVE
SMS-0300,sms,2026-03-24T12:19:00Z,Tester Buyer-Smith,+14045550199,Dentist appointment confirmed for Tuesday 2pm.,"1758 Magnolia Ln, Lawrenceville, GA",Gwinnett,,personal,P3,ARCHIVE
SMS-0301,sms,2026-04-03T09:13:00Z,Tester Buyer-Smith,+14045550199,"Insurance renewal for 9123 Maple Dr, Dunwoody, GA is due next month.","9123 Maple Dr, Dunwoody, GA",DeKalb,,admin,P3,Noa
SMS-0302,sms,2026-05-09T00:43:00Z,Tester Buyer-Smith,+14045550199,"Locked out of 2169 Magnolia Ln, Woodstock, GA at 11pm with the kids in the car.","2169 Magnolia Ln, Woodstock, GA",Cherokee,,tenant_issue,P0,Nathalie
SMS-0303,sms,2026-04-06T16:04:00Z,Tester Buyer-Smith,+14045550199,Closing tomorrow at 9am and the wire instructions look wrong - help!,"1723 Sycamore Blvd, Duluth, GA",Gwinnett,,deal,P0,Nathalie
SMS-0304,sms,2026-03-31T13:49:00Z,Tester Buyer-Smith,+14045550199,"Pickup at school is at 3:15 today, can you grab the kids?","6959 Birch Ct, Cumming, GA",Forsyth,,personal,P3,ARCHIVE
SMS-0305,sms,2026-04-06T19:47:00Z,Tester Buyer-Smith,+14045550199,"Counter-offer received on 2330 Magnolia Ln, Lawrenceville, GA - they want 5k more. What do you think?","2330 Magnolia Ln, Lawrenceville, GA",Gwinnett,,deal,P1,Nathalie
SMS-0306,sms,2026-04-26T01:54:00Z,Tester Buyer-Smith,+14045550199,Mom's birthday is next week - did you order the cake?,"8750 Birch Ct, Brookhaven, GA",DeKalb,,personal,P3,ARCHIVE
SMS-0307,sms,2026-05-08T05:02:00Z,Tester Buyer-Smith,+14045550199,"Plumber invoice for 7344 Oak Ave, Cumming, GA - approving with your sign-off.","7344 Oak Ave, Cumming, GA",Forsyth,,vendor,P3,Noa
SMS-0308,sms,2026-03-25T20:26:00Z,Tester Buyer-Smith,+14045550199,"Counter-offer received on 431 Birch Ct, Sandy Springs, GA - they want 5k more. What do you think?","431 Birch Ct, Sandy Springs, GA",Fulton,,deal,P1,Nathalie
SMS-0309,sms,2026-05-05T04:36:00Z,Tester Buyer-Smith,+14045550199,"Giving 30 days' notice - moving out by end of next month. 9294 Willow Pkwy, Decatur, GA","9294 Willow Pkwy, Decatur, GA",DeKalb,,contract,P1,Noa
SMS-0310,sms,2026-04-16T17:07:00Z,Tester Buyer-Smith,+14045550199,"Plumber invoice for 6680 Pine Rd, Canton, GA - approving with your sign-off.","6680 Pine Rd, Canton, GA",Cherokee,,vendor,P3,Noa
SMS-0311,sms,2026-04-13T18:50:00Z,Tester Buyer-Smith,+14045550199,Saw a roach in the kitchen - can pest control come this week?,"7050 Willow Pkwy, Duluth, GA",Gwinnett,,tenant_issue,P2,Nathalie
SMS-0312,sms,2026-03-19T16:38:00Z,Tester Buyer-Smith,+14045550199,"Plumber invoice for 5834 Riverbend Way, Lawrenceville, GA - approving with your sign-off.","5834 Riverbend Way, Lawrenceville, GA",Gwinnett,,vendor,P3,Noa
SMS-0313,sms,2026-04-07T03:06:00Z,Tester Buyer-Smith,+14045550199,"Pickup at school is at 3:15 today, can you grab the kids?","8068 Maple Dr, Marietta, GA",Cobb,,personal,P3,ARCHIVE
SMS-0314,sms,2026-04-17T07:38:00Z,Tester Buyer-Smith,+14045550199,"I'm at 8681 Birch Ct, Marietta, GA but the door is locked. Are you on the way?","8681 Birch Ct, Marietta, GA",Cobb,,showing,P1,Fabi
SMS-0315,sms,2026-04-28T19:04:00Z,Tester Buyer-Smith,+14045550199,Closing tomorrow at 9am and the wire instructions look wrong - help!,"7621 Oak Ave, Marietta, GA",Cobb,,deal,P0,Nathalie
SMS-0316,sms,2026-03-29T09:33:00Z,Tester Buyer-Smith,+14045550199,"EMERGENCY - water is pouring from the ceiling in unit at 4001 Peachtree St, Sandy Springs, GA!!","4001 Peachtree St, Sandy Springs, GA",Fulton,,tenant_issue,P0,Nathalie
SMS-0317,sms,2026-05-07T17:14:00Z,Tester Buyer-Smith,+14045550199,Crypto opportunity - 300% return guaranteed. Reply YES.,"6976 Peachtree St, Smyrna, GA",Cobb,,spam,P3,ARCHIVE
SMS-0318,sms,2026-05-08T06:11:00Z,Tester Buyer-Smith,+14045550199,"AC stopped cooling at 7892 Willow Pkwy, Duluth, GA. Indoor temp is 84F.","7892 Willow Pkwy, Duluth, GA",Gwinnett,,tenant_issue,P1,Nathalie
SMS-0319,sms,2026-05-06T06:41:00Z,Tester Buyer-Smith,+14045550199,"Hi Nathalie, I'd like to sell my house at 4510 Sycamore Blvd, Cumming, GA. What's the market like in Forsyth right now?","4510 Sycamore Blvd, Cumming, GA",Forsyth,,seller_lead,P2,Fabi
SMS-0320,sms,2026-05-04T05:29:00Z,Tester Buyer-Smith,+14045550199,The dog has a vet appointment Thursday at 10am.,"1786 Sycamore Blvd, Dunwoody, GA",DeKalb,,personal,P3,ARCHIVE
SMS-0321,sms,2026-04-28T12:00:00Z,Tester Buyer-Smith,+14045550199,"I'm at 3568 Oak Ave, Cumming, GA but the door is locked. Are you on the way?","3568 Oak Ave, Cumming, GA",Forsyth,,showing,P1,Fabi
SMS-0322,sms,2026-03-31T03:36:00Z,Tester Buyer-Smith,+14045550199,"Can we move tomorrow's showing at 9758 Birch Ct, Decatur, GA from 4pm to 6pm?","9758 Birch Ct, Decatur, GA",DeKalb,,showing,P2,Nathalie
SMS-0323,sms,2026-04-25T20:07:00Z,Tester Buyer-Smith,+14045550199,"EMERGENCY - water is pouring from the ceiling in unit at 8282 Cedar Trail, Smyrna, GA!!","8282 Cedar Trail, Smyrna, GA",Cobb,,tenant_issue,P0,Nathalie
SMS-0324,sms,2026-05-06T07:43:00Z,Tester Buyer-Smith,+14045550199,Got a late fee but I have proof I paid on time. Can we sort this out?,"9785 Pine Rd, Duluth, GA",Gwinnett,,billing,P2,Noa
SMS-0325,sms,2026-05-01T08:58:00Z,Tester Buyer-Smith,+14045550199,"Just confirming the security deposit is $1,500 not $2,000 like the email said.","3648 Sycamore Blvd, Sandy Springs, GA",Fulton,,billing,P3,Noa
SMS-0326,sms,2026-05-13T16:07:00Z,Tester Buyer-Smith,+14045550199,Dentist appointment confirmed for Tuesday 2pm.,"1403 Sycamore Blvd, Marietta, GA",Cobb,,personal,P3,ARCHIVE
SMS-0327,sms,2026-04-24T18:34:00Z,Tester Buyer-Smith,+14045550199,The work order #4421 for the dishwasher - any update?,"9021 Pine Rd, Cumming, GA",Forsyth,,maintenance,P2,Noa
SMS-0328,sms,2026-03-20T13:04:00Z,Tester Buyer-Smith,+14045550199,I'm a Nigerian prince and need your help moving $25M...,"1806 Pine Rd, Woodstock, GA",Cherokee,,spam,P3,ARCHIVE
SMS-0329,sms,2026-04-04T06:19:00Z,Tester Buyer-Smith,+14045550199,"Running 15 min late to the showing at 8113 Cedar Trail, Brookhaven, GA, please tell the agent.","8113 Cedar Trail, Brookhaven, GA",DeKalb,,showing,P1,Nathalie
SMS-0330,sms,2026-04-29T05:52:00Z,Tester Buyer-Smith,+14045550199,The work order #4421 for the dishwasher - any update?,"1703 Willow Pkwy, Cumming, GA",Forsyth,,maintenance,P2,Noa
SMS-0331,sms,2026-05-16T20:01:00Z,Tester Buyer-Smith,+14045550199,Lender needs proof of homeowners insurance by end of day.,"8680 Cedar Trail, Cumming, GA",Forsyth,,document,P1,Noa
SMS-0332,sms,2026-04-04T12:09:00Z,Tester Buyer-Smith,+14045550199,"Appraisal came in at $620k for 3553 Birch Ct, Sandy Springs, GA. Numbers look good.","3553 Birch Ct, Sandy Springs, GA",Fulton,,deal,P2,Nathalie
SMS-0333,sms,2026-05-02T23:57:00Z,Tester Buyer-Smith,+14045550199,"Pickup at school is at 3:15 today, can you grab the kids?","7483 Cedar Trail, Atlanta, GA",Fulton,,personal,P3,ARCHIVE
SMS-0334,sms,2026-05-15T02:34:00Z,Tester Buyer-Smith,+14045550199,"Can we move tomorrow's showing at 2936 Magnolia Ln, Lawrenceville, GA from 4pm to 6pm?","2936 Magnolia Ln, Lawrenceville, GA",Gwinnett,,showing,P2,Fabi
SMS-0335,sms,2026-04-11T23:58:00Z,Tester Buyer-Smith,+14045550199,Yoga class moved to 7am tomorrow. Want to come?,"9472 Sycamore Blvd, Cumming, GA",Forsyth,,personal,P3,ARCHIVE
SMS-0336,sms,2026-03-26T02:15:00Z,Tester Buyer-Smith,+14045550199,Yoga class moved to 7am tomorrow. Want to come?,"1677 Riverbend Way, Sugar Hill, GA",Gwinnett,,personal,P3,ARCHIVE
SMS-0337,sms,2026-05-14T23:40:00Z,Tester Buyer-Smith,+14045550199,Looking for a 3BR/2BA in Gwinnett county under $550k. Do you have anything coming up?,"3044 Peachtree St, Lawrenceville, GA",Gwinnett,,buyer_lead,P2,Fabi
SMS-0338,sms,2026-03-29T11:40:00Z,Tester Buyer-Smith,+14045550199,I'm a Nigerian prince and need your help moving $25M...,"5810 Peachtree St, Woodstock, GA",Cherokee,,spam,P3,ARCHIVE
SMS-0339,sms,2026-05-01T14:53:00Z,Tester Buyer-Smith,+14045550199,"I'm at 659 Riverbend Way, Kennesaw, GA but the door is locked. Are you on the way?","659 Riverbend Way, Kennesaw, GA",Cobb,,showing,P1,Fabi
SMS-0340,sms,2026-04-07T03:49:00Z,Tester Buyer-Smith,+14045550199,Atlanta Realtors Network: invitation to our May mixer.,"7897 Riverbend Way, Canton, GA",Cherokee,,marketing_promo,P3,ARCHIVE
SMS-0341,sms,2026-04-14T11:09:00Z,Tester Buyer-Smith,+14045550199,"The painter quoted $1,800 for unit B at 8633 Oak Ave, Roswell, GA - does that look right?","8633 Oak Ave, Roswell, GA",Fulton,,vendor,P2,Noa
SMS-0342,sms,2026-05-15T11:28:00Z,Tester Buyer-Smith,+14045550199,Got a late fee but I have proof I paid on time. Can we sort this out?,"3376 Riverbend Way, Sugar Hill, GA",Gwinnett,,billing,P2,Noa
SMS-0343,sms,2026-05-14T09:39:00Z,Tester Buyer-Smith,+14045550199,"Running 15 min late to the showing at 3730 Oak Ave, Brookhaven, GA, please tell the agent.","3730 Oak Ave, Brookhaven, GA",DeKalb,,showing,P1,Nathalie
SMS-0344,sms,2026-04-23T13:13:00Z,Tester Buyer-Smith,+14045550199,FYI we're out of milk. Can you grab some on the way home?,"3611 Birch Ct, Sandy Springs, GA",Fulton,,personal,P3,ARCHIVE
SMS-0345,sms,2026-04-10T20:49:00Z,Tester Buyer-Smith,+14045550199,Dentist appointment confirmed for Tuesday 2pm.,"2762 Pine Rd, Duluth, GA",Gwinnett,,personal,P3,ARCHIVE
SMS-0346,sms,2026-04-11T20:41:00Z,Tester Buyer-Smith,+14045550199,"Pickup at school is at 3:15 today, can you grab the kids?","9657 Peachtree St, Sandy Springs, GA",Fulton,,personal,P3,ARCHIVE
SMS-0347,sms,2026-03-23T08:09:00Z,Tester Buyer-Smith,+14045550199,Question on clause 7.b of the contract - what does 'as-is' really mean here?,"1321 Oak Ave, Kennesaw, GA",Cobb,,contract,P2,Noa
SMS-0348,sms,2026-03-30T13:03:00Z,Tester Buyer-Smith,+14045550199,"The painter quoted $1,800 for unit B at 5345 Cedar Trail, Dunwoody, GA - does that look right?","5345 Cedar Trail, Dunwoody, GA",DeKalb,,vendor,P2,Noa
SMS-0349,sms,2026-03-27T07:50:00Z,Tester Buyer-Smith,+14045550199,"Bathroom faucet is dripping non-stop, can a plumber come look?","7095 Birch Ct, Sugar Hill, GA",Gwinnett,,tenant_issue,P2,Nathalie
SMS-0350,sms,2026-04-16T15:04:00Z,Tester Buyer-Smith,+14045550199,Yoga class moved to 7am tomorrow. Want to come?,"324 Magnolia Ln, Canton, GA",Cherokee,,personal,P3,ARCHIVE
SMS-0351,sms,2026-05-09T11:15:00Z,Tester Buyer-Smith,+14045550199,I paid rent on the 1st but it doesn't show in the portal yet.,"161 Birch Ct, Brookhaven, GA",DeKalb,,billing,P2,Noa
SMS-0352,sms,2026-04-20T00:41:00Z,Tester Buyer-Smith,+14045550199,"Hi, I saw the listing at 3003 Peachtree St, Woodstock, GA. Is it still available? I'd love a tour this weekend.","3003 Peachtree St, Woodstock, GA",Cherokee,,buyer_lead,P2,Fabi
SMS-0353,sms,2026-04-11T09:20:00Z,Tester Buyer-Smith,+14045550199,Urgent: your bank account needs verification. Visit https://phish.example/,"9366 Oak Ave, Lawrenceville, GA",Gwinnett,,spam,P3,ARCHIVE
SMS-0354,sms,2026-04-02T20:36:00Z,Tester Buyer-Smith,+14045550199,Yoga class moved to 7am tomorrow. Want to come?,"1719 Cedar Trail, Dunwoody, GA",DeKalb,,personal,P3,ARCHIVE
SMS-0355,sms,2026-04-07T03:00:00Z,Tester Buyer-Smith,+14045550199,"Need to renew the lease at 6786 Maple Dr, Canton, GA. Can you send the renewal terms?","6786 Maple Dr, Canton, GA",Cherokee,,contract,P2,Noa
SMS-0356,sms,2026-04-22T20:08:00Z,Tester Buyer-Smith,+14045550199,"Hey, want to grab dinner Friday at that new ramen place?","7981 Birch Ct, Roswell, GA",Fulton,,personal,P3,ARCHIVE
SMS-0357,sms,2026-04-03T09:36:00Z,Tester Buyer-Smith,+14045550199,"Can we set up a walkthrough next Tuesday for the move-out at 5137 Peachtree St, Roswell, GA?","5137 Peachtree St, Roswell, GA",Fulton,,scheduling,P2,Noa
SMS-0358,sms,2026-05-06T03:20:00Z,Tester Buyer-Smith,+14045550199,Mom's birthday is next week - did you order the cake?,"4963 Cedar Trail, Canton, GA",Cherokee,,personal,P3,ARCHIVE
SMS-0359,sms,2026-05-13T13:47:00Z,Tester Buyer-Smith,+14045550199,"Light bulb in the hallway burned out, no rush.","7346 Birch Ct, Decatur, GA",DeKalb,,maintenance,P3,Noa
SMS-0360,sms,2026-05-13T10:22:00Z,Tester Buyer-Smith,+14045550199,"Counter-offer received on 8209 Oak Ave, Cumming, GA - they want 5k more. What do you think?","8209 Oak Ave, Cumming, GA",Forsyth,,deal,P1,Nathalie
SMS-0361,sms,2026-03-25T11:22:00Z,Tester Buyer-Smith,+14045550199,Question on clause 7.b of the contract - what does 'as-is' really mean here?,"1258 Oak Ave, Marietta, GA",Cobb,,contract,P2,Noa
SMS-0362,sms,2026-04-12T00:44:00Z,Tester Buyer-Smith,+14045550199,"Hi Nathalie, I'd like to sell my house at 3379 Cedar Trail, Cumming, GA. What's the market like in Forsyth right now?","3379 Cedar Trail, Cumming, GA",Forsyth,,seller_lead,P2,Fabi
SMS-0363,sms,2026-04-29T06:09:00Z,Tester Buyer-Smith,+14045550199,Mom's birthday is next week - did you order the cake?,"7592 Birch Ct, Canton, GA",Cherokee,,personal,P3,ARCHIVE
SMS-0364,sms,2026-05-07T19:43:00Z,Tester Buyer-Smith,+14045550199,Yoga class moved to 7am tomorrow. Want to come?,"5687 Riverbend Way, Cumming, GA",Forsyth,,personal,P3,ARCHIVE
SMS-0365,sms,2026-04-30T15:13:00Z,Tester Buyer-Smith,+14045550199,I paid rent on the 1st but it doesn't show in the portal yet.,"9634 Birch Ct, Decatur, GA",DeKalb,,billing,P2,Noa
SMS-0366,sms,2026-04-12T01:17:00Z,Tester Buyer-Smith,+14045550199,"Just confirming the security deposit is $1,500 not $2,000 like the email said.","877 Sycamore Blvd, Duluth, GA",Gwinnett,,billing,P3,Noa
SMS-0367,sms,2026-04-06T03:15:00Z,Tester Buyer-Smith,+14045550199,"Appraisal came in at $620k for 6577 Sycamore Blvd, Cumming, GA. Numbers look good.","6577 Sycamore Blvd, Cumming, GA",Forsyth,,deal,P2,Nathalie
SMS-0368,sms,2026-04-13T03:25:00Z,Tester Buyer-Smith,+14045550199,I'm a Nigerian prince and need your help moving $25M...,"1499 Maple Dr, Roswell, GA",Fulton,,spam,P3,ARCHIVE
SMS-0369,sms,2026-03-19T21:10:00Z,Tester Buyer-Smith,+14045550199,Crypto opportunity - 300% return guaranteed. Reply YES.,"9355 Riverbend Way, Woodstock, GA",Cherokee,,spam,P3,ARCHIVE
SMS-0370,sms,2026-05-10T15:24:00Z,Tester Buyer-Smith,+14045550199,Crypto opportunity - 300% return guaranteed. Reply YES.,"2835 Sycamore Blvd, Dunwoody, GA",DeKalb,,spam,P3,ARCHIVE
SMS-0371,sms,2026-03-22T01:56:00Z,Tester Buyer-Smith,+14045550199,"Counter-offer received on 2094 Sycamore Blvd, Duluth, GA - they want 5k more. What do you think?","2094 Sycamore Blvd, Duluth, GA",Gwinnett,,deal,P1,Nathalie
SMS-0372,sms,2026-04-25T03:06:00Z,Tester Buyer-Smith,+14045550199,"CLAIM YOUR PRIZE NOW - you've won $10,000! Click here: http://scam.example/","7505 Maple Dr, Kennesaw, GA",Cobb,,spam,P3,ARCHIVE
SMS-0373,sms,2026-03-23T01:35:00Z,Tester Buyer-Smith,+14045550199,Atlanta Realtors Network: invitation to our May mixer.,"9245 Birch Ct, Roswell, GA",Fulton,,marketing_promo,P3,ARCHIVE
SMS-0374,sms,2026-05-16T11:57:00Z,Tester Buyer-Smith,+14045550199,The work order #4421 for the dishwasher - any update?,"877 Oak Ave, Decatur, GA",DeKalb,,maintenance,P2,Noa
SMS-0375,sms,2026-03-24T10:53:00Z,Tester Buyer-Smith,+14045550199,"The painter quoted $1,800 for unit B at 9499 Pine Rd, Sandy Springs, GA - does that look right?","9499 Pine Rd, Sandy Springs, GA",Fulton,,vendor,P2,Noa
SMS-0376,sms,2026-03-19T13:47:00Z,Tester Buyer-Smith,+14045550199,Are you a real estate agent? Try our new CRM free for 30 days.,"8729 Oak Ave, Sandy Springs, GA",Fulton,,marketing_promo,P3,ARCHIVE
SMS-0377,sms,2026-03-23T01:48:00Z,Tester Buyer-Smith,+14045550199,"I'm at 6583 Cedar Trail, Sugar Hill, GA but the door is locked. Are you on the way?","6583 Cedar Trail, Sugar Hill, GA",Gwinnett,,showing,P1,Fabi
SMS-0378,sms,2026-04-02T20:51:00Z,Tester Buyer-Smith,+14045550199,I paid rent on the 1st but it doesn't show in the portal yet.,"8563 Willow Pkwy, Smyrna, GA",Cobb,,billing,P2,Noa
SMS-0379,sms,2026-04-12T14:27:00Z,Tester Buyer-Smith,+14045550199,Atlanta Realtors Network: invitation to our May mixer.,"7319 Willow Pkwy, Brookhaven, GA",DeKalb,,marketing_promo,P3,ARCHIVE
SMS-0380,sms,2026-03-31T20:03:00Z,Tester Buyer-Smith,+14045550199,Dentist appointment confirmed for Tuesday 2pm.,"5566 Riverbend Way, Cumming, GA",Forsyth,,personal,P3,ARCHIVE
SMS-0381,sms,2026-04-18T22:28:00Z,Tester Buyer-Smith,+14045550199,Considering listing the property in Cherokee - can we schedule a CMA?,"9552 Birch Ct, Canton, GA",Cherokee,,seller_lead,P2,Fabi
SMS-0382,sms,2026-04-06T02:29:00Z,Tester Buyer-Smith,+14045550199,"HOA sent a notice about new pool hours, forwarding to you.","1411 Willow Pkwy, Canton, GA",Cherokee,,admin,P3,Noa
SMS-0383,sms,2026-04-01T07:52:00Z,Tester Buyer-Smith,+14045550199,"Gas leak smell in the apartment, I called 911. 4726 Willow Pkwy, Sandy Springs, GA","4726 Willow Pkwy, Sandy Springs, GA",Fulton,,tenant_issue,P0,Nathalie
SMS-0384,sms,2026-04-30T04:51:00Z,Tester Buyer-Smith,+14045550199,Considering listing the property in Gwinnett - can we schedule a CMA?,"4384 Willow Pkwy, Lawrenceville, GA",Gwinnett,,seller_lead,P2,Fabi
SMS-0385,sms,2026-05-04T18:26:00Z,Tester Buyer-Smith,+14045550199,Crypto opportunity - 300% return guaranteed. Reply YES.,"100 Pine Rd, Canton, GA",Cherokee,,spam,P3,ARCHIVE
SMS-0386,sms,2026-03-28T15:54:00Z,Tester Buyer-Smith,+14045550199,"I'm at 2868 Magnolia Ln, Cumming, GA but the door is locked. Are you on the way?","2868 Magnolia Ln, Cumming, GA",Forsyth,,showing,P1,Fabi
SMS-0387,sms,2026-04-16T03:37:00Z,Tester Buyer-Smith,+14045550199,"Running 15 min late to the showing at 7097 Sycamore Blvd, Cumming, GA, please tell the agent.","7097 Sycamore Blvd, Cumming, GA",Forsyth,,showing,P1,Fabi
SMS-0388,sms,2026-03-22T08:09:00Z,Tester Buyer-Smith,+14045550199,Got a late fee but I have proof I paid on time. Can we sort this out?,"6433 Oak Ave, Lawrenceville, GA",Gwinnett,,billing,P2,Noa
SMS-0389,sms,2026-03-25T20:29:00Z,Tester Buyer-Smith,+14045550199,"Pickup at school is at 3:15 today, can you grab the kids?","4334 Peachtree St, Marietta, GA",Cobb,,personal,P3,ARCHIVE
SMS-0390,sms,2026-04-16T08:00:00Z,Tester Buyer-Smith,+14045550199,I paid rent on the 1st but it doesn't show in the portal yet.,"3197 Oak Ave, Woodstock, GA",Cherokee,,billing,P2,Noa
SMS-0391,sms,2026-03-18T22:52:00Z,Tester Buyer-Smith,+14045550199,"Hi Nathalie, I'd like to sell my house at 2987 Oak Ave, Sandy Springs, GA. What's the market like in Fulton right now?","2987 Oak Ave, Sandy Springs, GA",Fulton,,seller_lead,P2,Nathalie
SMS-0392,sms,2026-04-19T15:28:00Z,Tester Buyer-Smith,+14045550199,I'm a Nigerian prince and need your help moving $25M...,"5428 Willow Pkwy, Smyrna, GA",Cobb,,spam,P3,ARCHIVE
SMS-0393,sms,2026-03-28T14:34:00Z,Tester Buyer-Smith,+14045550199,"Need to renew the lease at 9817 Maple Dr, Dunwoody, GA. Can you send the renewal terms?","9817 Maple Dr, Dunwoody, GA",DeKalb,,contract,P2,Noa
SMS-0394,sms,2026-05-16T09:32:00Z,Tester Buyer-Smith,+14045550199,"Pickup at school is at 3:15 today, can you grab the kids?","9334 Birch Ct, Kennesaw, GA",Cobb,,personal,P3,ARCHIVE
SMS-0395,sms,2026-05-01T23:16:00Z,Tester Buyer-Smith,+14045550199,"Insurance renewal for 3173 Magnolia Ln, Woodstock, GA is due next month.","3173 Magnolia Ln, Woodstock, GA",Cherokee,,admin,P3,Noa
SMS-0396,sms,2026-04-15T05:50:00Z,Tester Buyer-Smith,+14045550199,Got a late fee but I have proof I paid on time. Can we sort this out?,"6739 Maple Dr, Roswell, GA",Fulton,,billing,P2,Noa
SMS-0397,sms,2026-04-13T22:02:00Z,Tester Buyer-Smith,+14045550199,"Plumber invoice for 1698 Pine Rd, Cumming, GA - approving with your sign-off.","1698 Pine Rd, Cumming, GA",Forsyth,,vendor,P3,Noa
SMS-0398,sms,2026-04-07T04:58:00Z,Tester Buyer-Smith,+14045550199,"Counter-offer received on 7657 Willow Pkwy, Duluth, GA - they want 5k more. What do you think?","7657 Willow Pkwy, Duluth, GA",Gwinnett,,deal,P1,Nathalie
SMS-0399,sms,2026-04-19T03:16:00Z,Tester Buyer-Smith,+14045550199,"Vendor said they'd be here at 10am, no show. Can you check on them?","3791 Pine Rd, Roswell, GA",Fulton,,maintenance,P2,Noa
SMS-0400,sms,2026-05-13T03:14:00Z,Tester Buyer-Smith,+14045550199,Lender needs proof of homeowners insurance by end of day.,"3928 Magnolia Ln, Cumming, GA",Forsyth,,document,P1,Noa
SMS-0401,sms,2026-04-30T08:44:00Z,Tester Buyer-Smith,+14045550199,I paid rent on the 1st but it doesn't show in the portal yet.,"9931 Cedar Trail, Decatur, GA",DeKalb,,billing,P2,Noa
SMS-0402,sms,2026-04-18T04:46:00Z,Tester Buyer-Smith,+14045550199,Are you a real estate agent? Try our new CRM free for 30 days.,"7636 Cedar Trail, Duluth, GA",Gwinnett,,marketing_promo,P3,ARCHIVE
SMS-0403,sms,2026-03-28T14:50:00Z,Tester Buyer-Smith,+14045550199,"Our offer on 4199 Magnolia Ln, Sandy Springs, GA expires at 5pm today, can you confirm acceptance??","4199 Magnolia Ln, Sandy Springs, GA",Fulton,,buyer_lead,P0,Nathalie
SMS-0404,sms,2026-04-21T00:43:00Z,Tester Buyer-Smith,+14045550199,Your monthly newsletter from RealEstateDigest is here.,"2834 Riverbend Way, Cumming, GA",Forsyth,,marketing_promo,P3,ARCHIVE
SMS-0405,sms,2026-04-06T16:43:00Z,Tester Buyer-Smith,+14045550199,Looking for a 3BR/2BA in Fulton county under $550k. Do you have anything coming up?,"461 Willow Pkwy, Roswell, GA",Fulton,,buyer_lead,P2,Nathalie
SMS-0406,sms,2026-03-23T17:22:00Z,Tester Buyer-Smith,+14045550199,FLASH SALE - 50% off everything at our store this weekend only!,"8459 Peachtree St, Sandy Springs, GA",Fulton,,marketing_promo,P3,ARCHIVE
SMS-0407,sms,2026-05-09T06:06:00Z,Tester Buyer-Smith,+14045550199,Mom's birthday is next week - did you order the cake?,"885 Sycamore Blvd, Sandy Springs, GA",Fulton,,personal,P3,ARCHIVE
SMS-0408,sms,2026-05-09T02:53:00Z,Tester Buyer-Smith,+14045550199,Are you a real estate agent? Try our new CRM free for 30 days.,"4100 Pine Rd, Dunwoody, GA",DeKalb,,marketing_promo,P3,ARCHIVE
SMS-0409,sms,2026-04-29T09:02:00Z,Tester Buyer-Smith,+14045550199,The dog has a vet appointment Thursday at 10am.,"9701 Maple Dr, Duluth, GA",Gwinnett,,personal,P3,ARCHIVE
SMS-0410,sms,2026-05-02T00:16:00Z,Tester Buyer-Smith,+14045550199,Got the inspection report back. There are 3 items I'd like to negotiate.,"7182 Maple Dr, Cumming, GA",Forsyth,,deal,P1,Nathalie
SMS-0411,sms,2026-04-06T05:42:00Z,Tester Buyer-Smith,+14045550199,Question on clause 7.b of the contract - what does 'as-is' really mean here?,"8191 Cedar Trail, Cumming, GA",Forsyth,,contract,P2,Noa
SMS-0412,sms,2026-05-06T17:46:00Z,Tester Buyer-Smith,+14045550199,"CLAIM YOUR PRIZE NOW - you've won $10,000! Click here: http://scam.example/","4327 Magnolia Ln, Cumming, GA",Forsyth,,spam,P3,ARCHIVE
SMS-0413,sms,2026-04-27T05:28:00Z,Tester Buyer-Smith,+14045550199,"Running 15 min late to the showing at 1887 Birch Ct, Lawrenceville, GA, please tell the agent.","1887 Birch Ct, Lawrenceville, GA",Gwinnett,,showing,P1,Fabi
SMS-0414,sms,2026-03-21T04:27:00Z,Tester Buyer-Smith,+14045550199,"AC stopped cooling at 4273 Willow Pkwy, Sugar Hill, GA. Indoor temp is 84F.","4273 Willow Pkwy, Sugar Hill, GA",Gwinnett,,tenant_issue,P1,Nathalie
SMS-0415,sms,2026-04-25T22:43:00Z,Tester Buyer-Smith,+14045550199,"Light bulb in the hallway burned out, no rush.","9720 Maple Dr, Decatur, GA",DeKalb,,maintenance,P3,Noa
SMS-0416,sms,2026-04-25T15:05:00Z,Tester Buyer-Smith,+14045550199,I paid rent on the 1st but it doesn't show in the portal yet.,"6210 Pine Rd, Roswell, GA",Fulton,,billing,P2,Noa
SMS-0417,sms,2026-05-04T21:53:00Z,Tester Buyer-Smith,+14045550199,"Giving 30 days' notice - moving out by end of next month. 4522 Sycamore Blvd, Canton, GA","4522 Sycamore Blvd, Canton, GA",Cherokee,,contract,P1,Noa
SMS-0418,sms,2026-03-26T19:35:00Z,Tester Buyer-Smith,+14045550199,"Neighbor in unit B has been playing loud music until 2am for a week. 9756 Riverbend Way, Cumming, GA","9756 Riverbend Way, Cumming, GA",Forsyth,,tenant_issue,P2,Nathalie
SMS-0419,sms,2026-05-12T13:00:00Z,Tester Buyer-Smith,+14045550199,Question on clause 7.b of the contract - what does 'as-is' really mean here?,"2249 Peachtree St, Duluth, GA",Gwinnett,,contract,P2,Noa
SMS-0420,sms,2026-04-21T02:02:00Z,Tester Buyer-Smith,+14045550199,"No heat for 2 days now, my baby is freezing. 6665 Willow Pkwy, Duluth, GA","6665 Willow Pkwy, Duluth, GA",Gwinnett,,tenant_issue,P0,Nathalie
SMS-0421,sms,2026-05-06T14:38:00Z,Tester Buyer-Smith,+14045550199,"AC stopped cooling at 9732 Willow Pkwy, Roswell, GA. Indoor temp is 84F.","9732 Willow Pkwy, Roswell, GA",Fulton,,tenant_issue,P1,Nathalie
SMS-0422,sms,2026-05-02T10:29:00Z,Tester Buyer-Smith,+14045550199,"Counter-offer received on 2258 Willow Pkwy, Woodstock, GA - they want 5k more. What do you think?","2258 Willow Pkwy, Woodstock, GA",Cherokee,,deal,P1,Nathalie
SMS-0423,sms,2026-03-19T23:25:00Z,Tester Buyer-Smith,+14045550199,"HOA sent a notice about new pool hours, forwarding to you.","907 Sycamore Blvd, Decatur, GA",DeKalb,,admin,P3,Noa
SMS-0424,sms,2026-04-11T18:57:00Z,Tester Buyer-Smith,+14045550199,"Plumber invoice for 2675 Magnolia Ln, Marietta, GA - approving with your sign-off.","2675 Magnolia Ln, Marietta, GA",Cobb,,vendor,P3,Noa
SMS-0425,sms,2026-04-21T16:37:00Z,Tester Buyer-Smith,+14045550199,"Neighbor in unit B has been playing loud music until 2am for a week. 3389 Birch Ct, Kennesaw, GA","3389 Birch Ct, Kennesaw, GA",Cobb,,tenant_issue,P2,Nathalie
SMS-0426,sms,2026-04-20T00:01:00Z,Tester Buyer-Smith,+14045550199,"Hey, want to grab dinner Friday at that new ramen place?","5653 Birch Ct, Cumming, GA",Forsyth,,personal,P3,ARCHIVE
SMS-0427,sms,2026-04-13T13:40:00Z,Tester Buyer-Smith,+14045550199,FLASH SALE - 50% off everything at our store this weekend only!,"456 Magnolia Ln, Cumming, GA",Forsyth,,marketing_promo,P3,ARCHIVE
SMS-0428,sms,2026-03-30T02:55:00Z,Tester Buyer-Smith,+14045550199,"Can we move tomorrow's showing at 778 Birch Ct, Dunwoody, GA from 4pm to 6pm?","778 Birch Ct, Dunwoody, GA",DeKalb,,showing,P2,Nathalie
SMS-0429,sms,2026-04-06T15:19:00Z,Tester Buyer-Smith,+14045550199,Dentist appointment confirmed for Tuesday 2pm.,"922 Peachtree St, Smyrna, GA",Cobb,,personal,P3,ARCHIVE
SMS-0430,sms,2026-03-25T01:46:00Z,Tester Buyer-Smith,+14045550199,"Hi Nathalie, I'd like to sell my house at 1472 Cedar Trail, Woodstock, GA. What's the market like in Cherokee right now?","1472 Cedar Trail, Woodstock, GA",Cherokee,,seller_lead,P2,Fabi
SMS-0431,sms,2026-05-09T19:52:00Z,Tester Buyer-Smith,+14045550199,Saw a roach in the kitchen - can pest control come this week?,"8634 Maple Dr, Woodstock, GA",Cherokee,,tenant_issue,P2,Nathalie
SMS-0432,sms,2026-05-15T01:45:00Z,Tester Buyer-Smith,+14045550199,"Insurance renewal for 7365 Oak Ave, Decatur, GA is due next month.","7365 Oak Ave, Decatur, GA",DeKalb,,admin,P3,Noa
SMS-0433,sms,2026-04-04T09:16:00Z,Tester Buyer-Smith,+14045550199,"EMERGENCY - water is pouring from the ceiling in unit at 2336 Sycamore Blvd, Roswell, GA!!","2336 Sycamore Blvd, Roswell, GA",Fulton,,tenant_issue,P0,Nathalie
SMS-0434,sms,2026-04-04T18:52:00Z,Tester Buyer-Smith,+14045550199,"Need your signature on the addendum for 9124 Pine Rd, Roswell, GA before 5pm.","9124 Pine Rd, Roswell, GA",Fulton,,contract,P1,Noa
SMS-0435,sms,2026-04-27T01:52:00Z,Tester Buyer-Smith,+14045550199,Your monthly newsletter from RealEstateDigest is here.,"3303 Oak Ave, Woodstock, GA",Cherokee,,marketing_promo,P3,ARCHIVE
SMS-0436,sms,2026-04-06T14:23:00Z,Tester Buyer-Smith,+14045550199,"Can we move tomorrow's showing at 6334 Pine Rd, Woodstock, GA from 4pm to 6pm?","6334 Pine Rd, Woodstock, GA",Cherokee,,showing,P2,Fabi
SMS-0437,sms,2026-03-28T05:55:00Z,Tester Buyer-Smith,+14045550199,"I'm at 7058 Pine Rd, Woodstock, GA but the door is locked. Are you on the way?","7058 Pine Rd, Woodstock, GA",Cherokee,,showing,P1,Fabi
SMS-0438,sms,2026-03-20T19:40:00Z,Tester Buyer-Smith,+14045550199,Are you a real estate agent? Try our new CRM free for 30 days.,"6843 Maple Dr, Dunwoody, GA",DeKalb,,marketing_promo,P3,ARCHIVE
SMS-0439,sms,2026-04-25T06:02:00Z,Tester Buyer-Smith,+14045550199,"Need your signature on the addendum for 9921 Oak Ave, Smyrna, GA before 5pm.","9921 Oak Ave, Smyrna, GA",Cobb,,contract,P1,Noa
SMS-0440,sms,2026-05-05T09:53:00Z,Tester Buyer-Smith,+14045550199,"Giving 30 days' notice - moving out by end of next month. 6843 Sycamore Blvd, Kennesaw, GA","6843 Sycamore Blvd, Kennesaw, GA",Cobb,,contract,P1,Noa
SMS-0441,sms,2026-05-07T01:37:00Z,Tester Buyer-Smith,+14045550199,I paid rent on the 1st but it doesn't show in the portal yet.,"4489 Riverbend Way, Decatur, GA",DeKalb,,billing,P2,Noa
SMS-0442,sms,2026-04-07T08:26:00Z,Tester Buyer-Smith,+14045550199,I'm a Nigerian prince and need your help moving $25M...,"9318 Riverbend Way, Lawrenceville, GA",Gwinnett,,spam,P3,ARCHIVE
SMS-0443,sms,2026-04-19T05:49:00Z,Tester Buyer-Smith,+14045550199,I paid rent on the 1st but it doesn't show in the portal yet.,"250 Maple Dr, Brookhaven, GA",DeKalb,,billing,P2,Noa
SMS-0444,sms,2026-04-09T04:57:00Z,Tester Buyer-Smith,+14045550199,"Pickup at school is at 3:15 today, can you grab the kids?","5188 Sycamore Blvd, Duluth, GA",Gwinnett,,personal,P3,ARCHIVE
SMS-0445,sms,2026-04-14T04:16:00Z,Tester Buyer-Smith,+14045550199,"Vendor said they'd be here at 10am, no show. Can you check on them?","1614 Riverbend Way, Cumming, GA",Forsyth,,maintenance,P2,Noa
SMS-0446,sms,2026-04-13T22:41:00Z,Tester Buyer-Smith,+14045550199,Yoga class moved to 7am tomorrow. Want to come?,"6752 Cedar Trail, Roswell, GA",Fulton,,personal,P3,ARCHIVE
SMS-0447,sms,2026-03-21T09:09:00Z,Tester Buyer-Smith,+14045550199,Mom's birthday is next week - did you order the cake?,"2259 Birch Ct, Roswell, GA",Fulton,,personal,P3,ARCHIVE
SMS-0448,sms,2026-03-24T17:39:00Z,Tester Buyer-Smith,+14045550199,The work order #4421 for the dishwasher - any update?,"7762 Sycamore Blvd, Cumming, GA",Forsyth,,maintenance,P2,Noa
SMS-0449,sms,2026-04-03T03:51:00Z,Tester Buyer-Smith,+14045550199,"Just confirming the security deposit is $1,500 not $2,000 like the email said.","6465 Peachtree St, Sandy Springs, GA",Fulton,,billing,P3,Noa
SMS-0450,sms,2026-04-22T09:30:00Z,Tester Buyer-Smith,+14045550199,FLASH SALE - 50% off everything at our store this weekend only!,"7188 Riverbend Way, Cumming, GA",Forsyth,,marketing_promo,P3,ARCHIVE
SMS-0451,sms,2026-04-21T10:22:00Z,Tester Buyer-Smith,+14045550199,Mom's birthday is next week - did you order the cake?,"9046 Peachtree St, Roswell, GA",Fulton,,personal,P3,ARCHIVE
SMS-0452,sms,2026-03-23T12:38:00Z,Tester Buyer-Smith,+14045550199,"Pickup at school is at 3:15 today, can you grab the kids?","163 Riverbend Way, Canton, GA",Cherokee,,personal,P3,ARCHIVE
SMS-0453,sms,2026-04-02T10:33:00Z,Tester Buyer-Smith,+14045550199,"Hey, want to grab dinner Friday at that new ramen place?","9509 Riverbend Way, Atlanta, GA",Fulton,,personal,P3,ARCHIVE
SMS-0454,sms,2026-05-12T00:11:00Z,Tester Buyer-Smith,+14045550199,Got a late fee but I have proof I paid on time. Can we sort this out?,"6192 Magnolia Ln, Decatur, GA",DeKalb,,billing,P2,Noa
SMS-0455,sms,2026-04-23T17:19:00Z,Tester Buyer-Smith,+14045550199,"Could you send me the seller's disclosure for 9393 Peachtree St, Canton, GA (MLS MLS-7878381)?","9393 Peachtree St, Canton, GA",Cherokee,MLS-7878381,document,P2,Noa
SMS-0456,sms,2026-04-29T15:23:00Z,Tester Buyer-Smith,+14045550199,"Insurance renewal for 1820 Sycamore Blvd, Sandy Springs, GA is due next month.","1820 Sycamore Blvd, Sandy Springs, GA",Fulton,,admin,P3,Noa
SMS-0457,sms,2026-04-28T05:47:00Z,Tester Buyer-Smith,+14045550199,"Giving 30 days' notice - moving out by end of next month. 7204 Maple Dr, Sandy Springs, GA","7204 Maple Dr, Sandy Springs, GA",Fulton,,contract,P1,Noa
SMS-0458,sms,2026-04-06T18:27:00Z,Tester Buyer-Smith,+14045550199,I paid rent on the 1st but it doesn't show in the portal yet.,"1915 Pine Rd, Canton, GA",Cherokee,,billing,P2,Noa
SMS-0459,sms,2026-04-01T07:15:00Z,Tester Buyer-Smith,+14045550199,"Running 15 min late to the showing at 2840 Sycamore Blvd, Woodstock, GA, please tell the agent.","2840 Sycamore Blvd, Woodstock, GA",Cherokee,,showing,P1,Fabi
SMS-0460,sms,2026-03-24T10:55:00Z,Tester Buyer-Smith,+14045550199,Atlanta Realtors Network: invitation to our May mixer.,"2378 Birch Ct, Sandy Springs, GA",Fulton,,marketing_promo,P3,ARCHIVE
SMS-0461,sms,2026-04-18T03:16:00Z,Tester Buyer-Smith,+14045550199,"Just confirming the security deposit is $1,500 not $2,000 like the email said.","9307 Cedar Trail, Dunwoody, GA",DeKalb,,billing,P3,Noa
SMS-0462,sms,2026-04-19T13:10:00Z,Tester Buyer-Smith,+14045550199,Got the inspection report back. There are 3 items I'd like to negotiate.,"8548 Oak Ave, Sandy Springs, GA",Fulton,,deal,P1,Nathalie
SMS-0463,sms,2026-04-18T11:16:00Z,Tester Buyer-Smith,+14045550199,FYI we're out of milk. Can you grab some on the way home?,"5152 Oak Ave, Duluth, GA",Gwinnett,,personal,P3,ARCHIVE
SMS-0464,sms,2026-05-03T06:17:00Z,Tester Buyer-Smith,+14045550199,Atlanta Realtors Network: invitation to our May mixer.,"2221 Cedar Trail, Atlanta, GA",Fulton,,marketing_promo,P3,ARCHIVE
SMS-0465,sms,2026-04-07T11:22:00Z,Tester Buyer-Smith,+14045550199,"AC stopped cooling at 5272 Sycamore Blvd, Canton, GA. Indoor temp is 84F.","5272 Sycamore Blvd, Canton, GA",Cherokee,,tenant_issue,P1,Nathalie
SMS-0466,sms,2026-04-03T08:06:00Z,Tester Buyer-Smith,+14045550199,"Bathroom faucet is dripping non-stop, can a plumber come look?","9490 Willow Pkwy, Dunwoody, GA",DeKalb,,tenant_issue,P2,Nathalie
SMS-0467,sms,2026-05-03T20:53:00Z,Tester Buyer-Smith,+14045550199,"Can we move tomorrow's showing at 2985 Magnolia Ln, Lawrenceville, GA from 4pm to 6pm?","2985 Magnolia Ln, Lawrenceville, GA",Gwinnett,,showing,P2,Fabi
SMS-0468,sms,2026-04-26T07:58:00Z,Tester Buyer-Smith,+14045550199,"Insurance renewal for 7990 Willow Pkwy, Cumming, GA is due next month.","7990 Willow Pkwy, Cumming, GA",Forsyth,,admin,P3,Noa
SMS-0469,sms,2026-04-11T04:47:00Z,Tester Buyer-Smith,+14045550199,"Locked out of 2728 Peachtree St, Smyrna, GA at 11pm with the kids in the car.","2728 Peachtree St, Smyrna, GA",Cobb,,tenant_issue,P0,Nathalie
SMS-0470,sms,2026-04-07T21:28:00Z,Tester Buyer-Smith,+14045550199,I paid rent on the 1st but it doesn't show in the portal yet.,"9144 Pine Rd, Brookhaven, GA",DeKalb,,billing,P2,Noa
SMS-0471,sms,2026-05-04T07:40:00Z,Tester Buyer-Smith,+14045550199,"Just confirming the security deposit is $1,500 not $2,000 like the email said.","5170 Peachtree St, Cumming, GA",Forsyth,,billing,P3,Noa
SMS-0472,sms,2026-03-22T05:19:00Z,Tester Buyer-Smith,+14045550199,Lender needs proof of homeowners insurance by end of day.,"5998 Peachtree St, Lawrenceville, GA",Gwinnett,,document,P1,Noa
SMS-0473,sms,2026-05-13T08:41:00Z,Tester Buyer-Smith,+14045550199,"Hi Nathalie, I'd like to sell my house at 4453 Magnolia Ln, Atlanta, GA. What's the market like in Fulton right now?","4453 Magnolia Ln, Atlanta, GA",Fulton,,seller_lead,P2,Nathalie
SMS-0474,sms,2026-05-06T23:12:00Z,Tester Buyer-Smith,+14045550199,Dentist appointment confirmed for Tuesday 2pm.,"183 Cedar Trail, Canton, GA",Cherokee,,personal,P3,ARCHIVE
SMS-0475,sms,2026-03-20T09:31:00Z,Tester Buyer-Smith,+14045550199,Saw a roach in the kitchen - can pest control come this week?,"8035 Birch Ct, Duluth, GA",Gwinnett,,tenant_issue,P2,Nathalie
SMS-0476,sms,2026-04-19T21:39:00Z,Tester Buyer-Smith,+14045550199,"Neighbor in unit B has been playing loud music until 2am for a week. 5928 Cedar Trail, Atlanta, GA","5928 Cedar Trail, Atlanta, GA",Fulton,,tenant_issue,P2,Nathalie
SMS-0477,sms,2026-04-15T05:45:00Z,Tester Buyer-Smith,+14045550199,"Can we set up a walkthrough next Tuesday for the move-out at 767 Maple Dr, Sugar Hill, GA?","767 Maple Dr, Sugar Hill, GA",Gwinnett,,scheduling,P2,Noa
SMS-0478,sms,2026-04-01T02:28:00Z,Tester Buyer-Smith,+14045550199,"Bathroom faucet is dripping non-stop, can a plumber come look?","8537 Birch Ct, Roswell, GA",Fulton,,tenant_issue,P2,Nathalie
SMS-0479,sms,2026-05-15T14:42:00Z,Tester Buyer-Smith,+14045550199,Atlanta Realtors Network: invitation to our May mixer.,"8755 Sycamore Blvd, Cumming, GA",Forsyth,,marketing_promo,P3,ARCHIVE
SMS-0480,sms,2026-04-30T13:55:00Z,Tester Buyer-Smith,+14045550199,"Appraisal came in at $620k for 3467 Pine Rd, Sandy Springs, GA. Numbers look good.","3467 Pine Rd, Sandy Springs, GA",Fulton,,deal,P2,Nathalie
SMS-0481,sms,2026-05-08T08:04:00Z,Tester Buyer-Smith,+14045550199,"HOA sent a notice about new pool hours, forwarding to you.","330 Cedar Trail, Canton, GA",Cherokee,,admin,P3,Noa
SMS-0482,sms,2026-03-18T23:26:00Z,Tester Buyer-Smith,+14045550199,"The painter quoted $1,800 for unit B at 820 Maple Dr, Woodstock, GA - does that look right?","820 Maple Dr, Woodstock, GA",Cherokee,,vendor,P2,Noa
SMS-0483,sms,2026-04-26T17:56:00Z,Tester Buyer-Smith,+14045550199,"Plumber invoice for 4402 Magnolia Ln, Woodstock, GA - approving with your sign-off.","4402 Magnolia Ln, Woodstock, GA",Cherokee,,vendor,P3,Noa
SMS-0484,sms,2026-03-26T23:39:00Z,Tester Buyer-Smith,+14045550199,"Running 15 min late to the showing at 7623 Peachtree St, Atlanta, GA, please tell the agent.","7623 Peachtree St, Atlanta, GA",Fulton,,showing,P1,Nathalie
SMS-0485,sms,2026-04-11T20:45:00Z,Tester Buyer-Smith,+14045550199,Closing tomorrow at 9am and the wire instructions look wrong - help!,"400 Birch Ct, Cumming, GA",Forsyth,,deal,P0,Nathalie
SMS-0486,sms,2026-04-21T02:42:00Z,Tester Buyer-Smith,+14045550199,"Running 15 min late to the showing at 6321 Sycamore Blvd, Cumming, GA, please tell the agent.","6321 Sycamore Blvd, Cumming, GA",Forsyth,,showing,P1,Fabi
SMS-0487,sms,2026-05-16T23:15:00Z,Tester Buyer-Smith,+14045550199,Need to move ASAP - relocating for work in 3 weeks. Can you call me today?,"8167 Peachtree St, Brookhaven, GA",DeKalb,,buyer_lead,P1,Nathalie
SMS-0488,sms,2026-03-30T06:20:00Z,Tester Buyer-Smith,+14045550199,"Our offer on 3926 Peachtree St, Smyrna, GA expires at 5pm today, can you confirm acceptance??","3926 Peachtree St, Smyrna, GA",Cobb,,buyer_lead,P0,Fabi
SMS-0489,sms,2026-04-23T21:44:00Z,Tester Buyer-Smith,+14045550199,Looking for a 3BR/2BA in DeKalb county under $550k. Do you have anything coming up?,"9406 Magnolia Ln, Brookhaven, GA",DeKalb,,buyer_lead,P2,Nathalie
SMS-0490,sms,2026-05-16T13:05:00Z,Tester Buyer-Smith,+14045550199,"I'm at 9022 Magnolia Ln, Brookhaven, GA but the door is locked. Are you on the way?","9022 Magnolia Ln, Brookhaven, GA",DeKalb,,showing,P1,Nathalie
SMS-0491,sms,2026-03-26T22:08:00Z,Tester Buyer-Smith,+14045550199,"Gas leak smell in the apartment, I called 911. 3324 Riverbend Way, Brookhaven, GA","3324 Riverbend Way, Brookhaven, GA",DeKalb,,tenant_issue,P0,Nathalie
SMS-0492,sms,2026-04-27T13:42:00Z,Tester Buyer-Smith,+14045550199,Your monthly newsletter from RealEstateDigest is here.,"4293 Peachtree St, Kennesaw, GA",Cobb,,marketing_promo,P3,ARCHIVE
SMS-0493,sms,2026-04-19T07:55:00Z,Tester Buyer-Smith,+14045550199,Mom's birthday is next week - did you order the cake?,"2495 Pine Rd, Sandy Springs, GA",Fulton,,personal,P3,ARCHIVE
SMS-0494,sms,2026-04-25T08:08:00Z,Tester Buyer-Smith,+14045550199,"Running 15 min late to the showing at 9642 Pine Rd, Cumming, GA, please tell the agent.","9642 Pine Rd, Cumming, GA",Forsyth,,showing,P1,Fabi
SMS-0495,sms,2026-04-05T02:50:00Z,Tester Buyer-Smith,+14045550199,"Light bulb in the hallway burned out, no rush.","7365 Oak Ave, Kennesaw, GA",Cobb,,maintenance,P3,Noa
SMS-0496,sms,2026-03-23T05:40:00Z,Tester Buyer-Smith,+14045550199,FLASH SALE - 50% off everything at our store this weekend only!,"7138 Birch Ct, Cumming, GA",Forsyth,,marketing_promo,P3,ARCHIVE
SMS-0497,sms,2026-05-09T06:24:00Z,Tester Buyer-Smith,+14045550199,"Pickup at school is at 3:15 today, can you grab the kids?","4745 Riverbend Way, Decatur, GA",DeKalb,,personal,P3,ARCHIVE
SMS-0498,sms,2026-05-09T15:48:00Z,Tester Buyer-Smith,+14045550199,"Giving 30 days' notice - moving out by end of next month. 4080 Maple Dr, Cumming, GA","4080 Maple Dr, Cumming, GA",Forsyth,,contract,P1,Noa
SMS-0499,sms,2026-04-17T12:06:00Z,Tester Buyer-Smith,+14045550199,"Hi Nathalie, I'd like to sell my house at 8696 Sycamore Blvd, Sandy Springs, GA. What's the market like in Fulton right now?","8696 Sycamore Blvd, Sandy Springs, GA",Fulton,,seller_lead,P2,Nathalie
SMS-0500,sms,2026-04-03T15:17:00Z,Tester Buyer-Smith,+14045550199,"Hi, I saw the listing at 8302 Willow Pkwy, Cumming, GA. Is it still available? I'd love a tour this weekend.","8302 Willow Pkwy, Cumming, GA",Forsyth,,buyer_lead,P2,Fabi
SMS-0501,sms,2026-05-16T12:31:00Z,Tester Buyer-Smith,+14045550199,I'm a Nigerian prince and need your help moving $25M...,"9581 Oak Ave, Cumming, GA",Forsyth,,spam,P3,ARCHIVE
SMS-0502,sms,2026-05-10T08:30:00Z,Tester Buyer-Smith,+14045550199,Mom's birthday is next week - did you order the cake?,"3229 Maple Dr, Duluth, GA",Gwinnett,,personal,P3,ARCHIVE
SMS-0503,sms,2026-03-28T11:27:00Z,Tester Buyer-Smith,+14045550199,Lender needs proof of homeowners insurance by end of day.,"9607 Peachtree St, Woodstock, GA",Cherokee,,document,P1,Noa
SMS-0504,sms,2026-04-01T14:52:00Z,Tester Buyer-Smith,+14045550199,"Need to renew the lease at 3222 Pine Rd, Brookhaven, GA. Can you send the renewal terms?","3222 Pine Rd, Brookhaven, GA",DeKalb,,contract,P2,Noa
SMS-0505,sms,2026-04-11T03:36:00Z,Tester Buyer-Smith,+14045550199,"Need your signature on the addendum for 8933 Willow Pkwy, Dunwoody, GA before 5pm.","8933 Willow Pkwy, Dunwoody, GA",DeKalb,,contract,P1,Noa
SMS-0506,sms,2026-05-13T06:54:00Z,Tester Buyer-Smith,+14045550199,"Neighbor in unit B has been playing loud music until 2am for a week. 5994 Riverbend Way, Dunwoody, GA","5994 Riverbend Way, Dunwoody, GA",DeKalb,,tenant_issue,P2,Nathalie
SMS-0507,sms,2026-03-21T03:34:00Z,Tester Buyer-Smith,+14045550199,Lender needs proof of homeowners insurance by end of day.,"5401 Cedar Trail, Decatur, GA",DeKalb,,document,P1,Noa
SMS-0508,sms,2026-03-23T05:46:00Z,Tester Buyer-Smith,+14045550199,Dentist appointment confirmed for Tuesday 2pm.,"5431 Willow Pkwy, Atlanta, GA",Fulton,,personal,P3,ARCHIVE
SMS-0509,sms,2026-04-08T23:19:00Z,Tester Buyer-Smith,+14045550199,Lender needs proof of homeowners insurance by end of day.,"9945 Pine Rd, Lawrenceville, GA",Gwinnett,,document,P1,Noa
SMS-0510,sms,2026-04-20T20:05:00Z,Tester Buyer-Smith,+14045550199,"Vendor said they'd be here at 10am, no show. Can you check on them?","6731 Sycamore Blvd, Decatur, GA",DeKalb,,maintenance,P2,Noa
SMS-0511,sms,2026-05-08T19:26:00Z,Tester Buyer-Smith,+14045550199,Got the inspection report back. There are 3 items I'd like to negotiate.,"5453 Birch Ct, Sugar Hill, GA",Gwinnett,,deal,P1,Nathalie
SMS-0512,sms,2026-03-28T11:23:00Z,Tester Buyer-Smith,+14045550199,"EMERGENCY - water is pouring from the ceiling in unit at 6035 Oak Ave, Sugar Hill, GA!!","6035 Oak Ave, Sugar Hill, GA",Gwinnett,,tenant_issue,P0,Nathalie
SMS-0513,sms,2026-04-08T07:08:00Z,Tester Buyer-Smith,+14045550199,"I'm at 2955 Riverbend Way, Decatur, GA but the door is locked. Are you on the way?","2955 Riverbend Way, Decatur, GA",DeKalb,,showing,P1,Nathalie
SMS-0514,sms,2026-05-03T04:53:00Z,Tester Buyer-Smith,+14045550199,"The painter quoted $1,800 for unit B at 3592 Pine Rd, Sandy Springs, GA - does that look right?","3592 Pine Rd, Sandy Springs, GA",Fulton,,vendor,P2,Noa
SMS-0515,sms,2026-05-05T15:04:00Z,Tester Buyer-Smith,+14045550199,"Appraisal came in at $620k for 2882 Maple Dr, Cumming, GA. Numbers look good.","2882 Maple Dr, Cumming, GA",Forsyth,,deal,P2,Nathalie
SMS-0516,sms,2026-03-27T08:15:00Z,Tester Buyer-Smith,+14045550199,I paid rent on the 1st but it doesn't show in the portal yet.,"5663 Magnolia Ln, Duluth, GA",Gwinnett,,billing,P2,Noa
SMS-0517,sms,2026-05-14T13:45:00Z,Tester Buyer-Smith,+14045550199,Mom's birthday is next week - did you order the cake?,"7328 Riverbend Way, Dunwoody, GA",DeKalb,,personal,P3,ARCHIVE
SMS-0518,sms,2026-04-28T07:55:00Z,Tester Buyer-Smith,+14045550199,"Need your signature on the addendum for 9320 Sycamore Blvd, Roswell, GA before 5pm.","9320 Sycamore Blvd, Roswell, GA",Fulton,,contract,P1,Noa
SMS-0519,sms,2026-03-24T10:06:00Z,Tester Buyer-Smith,+14045550199,Closing tomorrow at 9am and the wire instructions look wrong - help!,"2589 Maple Dr, Marietta, GA",Cobb,,deal,P0,Nathalie
SMS-0520,sms,2026-04-30T02:31:00Z,Tester Buyer-Smith,+14045550199,Saw a roach in the kitchen - can pest control come this week?,"8768 Sycamore Blvd, Sandy Springs, GA",Fulton,,tenant_issue,P2,Nathalie
SMS-0521,sms,2026-05-08T09:49:00Z,Tester Buyer-Smith,+14045550199,Got the inspection report back. There are 3 items I'd like to negotiate.,"5082 Peachtree St, Atlanta, GA",Fulton,,deal,P1,Nathalie
SMS-0522,sms,2026-04-04T10:21:00Z,Tester Buyer-Smith,+14045550199,"Giving 30 days' notice - moving out by end of next month. 942 Willow Pkwy, Atlanta, GA","942 Willow Pkwy, Atlanta, GA",Fulton,,contract,P1,Noa
SMS-0523,sms,2026-05-17T06:14:00Z,Tester Buyer-Smith,+14045550199,Mom's birthday is next week - did you order the cake?,"246 Maple Dr, Atlanta, GA",Fulton,,personal,P3,ARCHIVE
SMS-0524,sms,2026-04-02T23:23:00Z,Tester Buyer-Smith,+14045550199,I'm a Nigerian prince and need your help moving $25M...,"351 Magnolia Ln, Sugar Hill, GA",Gwinnett,,spam,P3,ARCHIVE
SMS-0525,sms,2026-03-19T14:35:00Z,Tester Buyer-Smith,+14045550199,"Can we set up a walkthrough next Tuesday for the move-out at 9253 Peachtree St, Roswell, GA?","9253 Peachtree St, Roswell, GA",Fulton,,scheduling,P2,Noa
SMS-0526,sms,2026-05-15T07:30:00Z,Tester Buyer-Smith,+14045550199,"Light bulb in the hallway burned out, no rush.","6870 Birch Ct, Cumming, GA",Forsyth,,maintenance,P3,Noa
SMS-0527,sms,2026-05-05T18:32:00Z,Tester Buyer-Smith,+14045550199,FLASH SALE - 50% off everything at our store this weekend only!,"354 Birch Ct, Cumming, GA",Forsyth,,marketing_promo,P3,ARCHIVE
SMS-0528,sms,2026-03-30T17:12:00Z,Tester Buyer-Smith,+14045550199,"Counter-offer received on 485 Oak Ave, Marietta, GA - they want 5k more. What do you think?","485 Oak Ave, Marietta, GA",Cobb,,deal,P1,Nathalie
SMS-0529,sms,2026-04-18T09:49:00Z,Tester Buyer-Smith,+14045550199,"The painter quoted $1,800 for unit B at 9274 Peachtree St, Canton, GA - does that look right?","9274 Peachtree St, Canton, GA",Cherokee,,vendor,P2,Noa
SMS-0530,sms,2026-04-15T09:31:00Z,Tester Buyer-Smith,+14045550199,"Giving 30 days' notice - moving out by end of next month. 3709 Cedar Trail, Decatur, GA","3709 Cedar Trail, Decatur, GA",DeKalb,,contract,P1,Noa
SMS-0531,sms,2026-05-17T07:11:00Z,Tester Buyer-Smith,+14045550199,"Our offer on 2975 Cedar Trail, Sugar Hill, GA expires at 5pm today, can you confirm acceptance??","2975 Cedar Trail, Sugar Hill, GA",Gwinnett,,buyer_lead,P0,Fabi
SMS-0532,sms,2026-03-22T22:10:00Z,Tester Buyer-Smith,+14045550199,Considering listing the property in Gwinnett - can we schedule a CMA?,"7049 Oak Ave, Duluth, GA",Gwinnett,,seller_lead,P2,Fabi
SMS-0533,sms,2026-04-28T07:30:00Z,Tester Buyer-Smith,+14045550199,"Light bulb in the hallway burned out, no rush.","8665 Maple Dr, Atlanta, GA",Fulton,,maintenance,P3,Noa
SMS-0534,sms,2026-04-24T12:39:00Z,Tester Buyer-Smith,+14045550199,FLASH SALE - 50% off everything at our store this weekend only!,"5576 Cedar Trail, Brookhaven, GA",DeKalb,,marketing_promo,P3,ARCHIVE
SMS-0535,sms,2026-03-28T20:02:00Z,Tester Buyer-Smith,+14045550199,Looking for a 3BR/2BA in Gwinnett county under $550k. Do you have anything coming up?,"1863 Willow Pkwy, Duluth, GA",Gwinnett,,buyer_lead,P2,Fabi
SMS-0536,sms,2026-03-27T20:19:00Z,Tester Buyer-Smith,+14045550199,"Neighbor in unit B has been playing loud music until 2am for a week. 9973 Maple Dr, Sugar Hill, GA","9973 Maple Dr, Sugar Hill, GA",Gwinnett,,tenant_issue,P2,Nathalie
SMS-0537,sms,2026-05-05T09:41:00Z,Tester Buyer-Smith,+14045550199,Lender needs proof of homeowners insurance by end of day.,"8635 Pine Rd, Canton, GA",Cherokee,,document,P1,Noa
SMS-0538,sms,2026-03-18T23:31:00Z,Tester Buyer-Smith,+14045550199,"CLAIM YOUR PRIZE NOW - you've won $10,000! Click here: http://scam.example/","1702 Birch Ct, Duluth, GA",Gwinnett,,spam,P3,ARCHIVE
SMS-0539,sms,2026-04-30T09:26:00Z,Tester Buyer-Smith,+14045550199,"Counter-offer received on 4535 Pine Rd, Brookhaven, GA - they want 5k more. What do you think?","4535 Pine Rd, Brookhaven, GA",DeKalb,,deal,P1,Nathalie
SMS-0540,sms,2026-05-12T15:37:00Z,Tester Buyer-Smith,+14045550199,"Need your signature on the addendum for 3443 Maple Dr, Canton, GA before 5pm.","3443 Maple Dr, Canton, GA",Cherokee,,contract,P1,Noa
SMS-0541,sms,2026-05-13T10:20:00Z,Tester Buyer-Smith,+14045550199,Atlanta Realtors Network: invitation to our May mixer.,"2897 Riverbend Way, Dunwoody, GA",DeKalb,,marketing_promo,P3,ARCHIVE
SMS-0542,sms,2026-03-23T00:32:00Z,Tester Buyer-Smith,+14045550199,Looking for a 3BR/2BA in DeKalb county under $550k. Do you have anything coming up?,"8891 Cedar Trail, Decatur, GA",DeKalb,,buyer_lead,P2,Nathalie
SMS-0543,sms,2026-05-11T11:58:00Z,Tester Buyer-Smith,+14045550199,Yoga class moved to 7am tomorrow. Want to come?,"5163 Peachtree St, Roswell, GA",Fulton,,personal,P3,ARCHIVE
SMS-0544,sms,2026-05-14T12:37:00Z,Tester Buyer-Smith,+14045550199,"CLAIM YOUR PRIZE NOW - you've won $10,000! Click here: http://scam.example/","4688 Sycamore Blvd, Decatur, GA",DeKalb,,spam,P3,ARCHIVE
SMS-0545,sms,2026-05-01T04:59:00Z,Tester Buyer-Smith,+14045550199,"Could you send me the seller's disclosure for 3100 Riverbend Way, Duluth, GA (MLS MLS-7016713)?","3100 Riverbend Way, Duluth, GA",Gwinnett,MLS-7016713,document,P2,Noa
SMS-0546,sms,2026-03-27T13:28:00Z,Tester Buyer-Smith,+14045550199,Need to move ASAP - relocating for work in 3 weeks. Can you call me today?,"4568 Pine Rd, Sandy Springs, GA",Fulton,,buyer_lead,P1,Nathalie
SMS-0547,sms,2026-05-13T14:19:00Z,Tester Buyer-Smith,+14045550199,"Hi, I saw the listing at 1725 Magnolia Ln, Lawrenceville, GA. Is it still available? I'd love a tour this weekend.","1725 Magnolia Ln, Lawrenceville, GA",Gwinnett,,buyer_lead,P2,Fabi
SMS-0548,sms,2026-03-31T02:58:00Z,Tester Buyer-Smith,+14045550199,I paid rent on the 1st but it doesn't show in the portal yet.,"552 Sycamore Blvd, Canton, GA",Cherokee,,billing,P2,Noa
SMS-0549,sms,2026-03-24T13:37:00Z,Tester Buyer-Smith,+14045550199,Crypto opportunity - 300% return guaranteed. Reply YES.,"4314 Willow Pkwy, Decatur, GA",DeKalb,,spam,P3,ARCHIVE
SMS-0550,sms,2026-04-04T23:26:00Z,Tester Buyer-Smith,+14045550199,"Can we move tomorrow's showing at 4292 Cedar Trail, Woodstock, GA from 4pm to 6pm?","4292 Cedar Trail, Woodstock, GA",Cherokee,,showing,P2,Fabi
SMS-0551,sms,2026-05-12T05:11:00Z,Tester Buyer-Smith,+14045550199,I'm a Nigerian prince and need your help moving $25M...,"1634 Peachtree St, Canton, GA",Cherokee,,spam,P3,ARCHIVE
SMS-0552,sms,2026-04-02T13:39:00Z,Tester Buyer-Smith,+14045550199,"Hey, want to grab dinner Friday at that new ramen place?","6542 Sycamore Blvd, Sandy Springs, GA",Fulton,,personal,P3,ARCHIVE
SMS-0553,sms,2026-05-12T22:10:00Z,Tester Buyer-Smith,+14045550199,"Our offer on 6963 Riverbend Way, Brookhaven, GA expires at 5pm today, can you confirm acceptance??","6963 Riverbend Way, Brookhaven, GA",DeKalb,,buyer_lead,P0,Nathalie
SMS-0554,sms,2026-04-15T09:36:00Z,Tester Buyer-Smith,+14045550199,Lender needs proof of homeowners insurance by end of day.,"9270 Birch Ct, Kennesaw, GA",Cobb,,document,P1,Noa
SMS-0555,sms,2026-04-06T09:28:00Z,Tester Buyer-Smith,+14045550199,Got the inspection report back. There are 3 items I'd like to negotiate.,"5953 Pine Rd, Cumming, GA",Forsyth,,deal,P1,Nathalie
SMS-0556,sms,2026-05-11T06:12:00Z,Tester Buyer-Smith,+14045550199,"Locked out of 4125 Pine Rd, Duluth, GA at 11pm with the kids in the car.","4125 Pine Rd, Duluth, GA",Gwinnett,,tenant_issue,P0,Nathalie
SMS-0557,sms,2026-03-27T01:30:00Z,Tester Buyer-Smith,+14045550199,"Can we move tomorrow's showing at 8162 Magnolia Ln, Brookhaven, GA from 4pm to 6pm?","8162 Magnolia Ln, Brookhaven, GA",DeKalb,,showing,P2,Nathalie
SMS-0558,sms,2026-04-26T21:45:00Z,Tester Buyer-Smith,+14045550199,"Pickup at school is at 3:15 today, can you grab the kids?","8002 Magnolia Ln, Atlanta, GA",Fulton,,personal,P3,ARCHIVE
SMS-0559,sms,2026-03-24T08:09:00Z,Tester Buyer-Smith,+14045550199,Considering listing the property in Forsyth - can we schedule a CMA?,"9857 Maple Dr, Cumming, GA",Forsyth,,seller_lead,P2,Fabi
SMS-0560,sms,2026-03-19T22:01:00Z,Tester Buyer-Smith,+14045550199,Are you a real estate agent? Try our new CRM free for 30 days.,"3033 Willow Pkwy, Woodstock, GA",Cherokee,,marketing_promo,P3,ARCHIVE
SMS-0561,sms,2026-04-05T10:50:00Z,Tester Buyer-Smith,+14045550199,Yoga class moved to 7am tomorrow. Want to come?,"4313 Pine Rd, Decatur, GA",DeKalb,,personal,P3,ARCHIVE
SMS-0562,sms,2026-03-28T11:17:00Z,Tester Buyer-Smith,+14045550199,"Pickup at school is at 3:15 today, can you grab the kids?","1675 Pine Rd, Woodstock, GA",Cherokee,,personal,P3,ARCHIVE
SMS-0563,sms,2026-03-23T08:44:00Z,Tester Buyer-Smith,+14045550199,"Need your signature on the addendum for 8423 Pine Rd, Brookhaven, GA before 5pm.","8423 Pine Rd, Brookhaven, GA",DeKalb,,contract,P1,Noa
SMS-0564,sms,2026-05-14T18:39:00Z,Tester Buyer-Smith,+14045550199,"Giving 30 days' notice - moving out by end of next month. 2808 Birch Ct, Decatur, GA","2808 Birch Ct, Decatur, GA",DeKalb,,contract,P1,Noa
SMS-0565,sms,2026-05-12T16:10:00Z,Tester Buyer-Smith,+14045550199,Urgent: your bank account needs verification. Visit https://phish.example/,"1288 Riverbend Way, Woodstock, GA",Cherokee,,spam,P3,ARCHIVE
SMS-0566,sms,2026-04-22T08:54:00Z,Tester Buyer-Smith,+14045550199,Your monthly newsletter from RealEstateDigest is here.,"604 Peachtree St, Kennesaw, GA",Cobb,,marketing_promo,P3,ARCHIVE
SMS-0567,sms,2026-05-06T20:02:00Z,Tester Buyer-Smith,+14045550199,Saw a roach in the kitchen - can pest control come this week?,"4179 Sycamore Blvd, Canton, GA",Cherokee,,tenant_issue,P2,Nathalie
SMS-0568,sms,2026-05-05T18:22:00Z,Tester Buyer-Smith,+14045550199,I'm a Nigerian prince and need your help moving $25M...,"2193 Pine Rd, Marietta, GA",Cobb,,spam,P3,ARCHIVE
SMS-0569,sms,2026-04-17T13:26:00Z,Tester Buyer-Smith,+14045550199,"No heat for 2 days now, my baby is freezing. 3740 Willow Pkwy, Cumming, GA","3740 Willow Pkwy, Cumming, GA",Forsyth,,tenant_issue,P0,Nathalie
SMS-0570,sms,2026-04-30T06:22:00Z,Tester Buyer-Smith,+14045550199,Lender needs proof of homeowners insurance by end of day.,"821 Willow Pkwy, Roswell, GA",Fulton,,document,P1,Noa
SMS-0571,sms,2026-04-08T18:54:00Z,Tester Buyer-Smith,+14045550199,Looking for a 3BR/2BA in DeKalb county under $550k. Do you have anything coming up?,"2416 Birch Ct, Decatur, GA",DeKalb,,buyer_lead,P2,Nathalie
SMS-0572,sms,2026-04-07T13:36:00Z,Tester Buyer-Smith,+14045550199,"Light bulb in the hallway burned out, no rush.","8073 Magnolia Ln, Canton, GA",Cherokee,,maintenance,P3,Noa
SMS-0573,sms,2026-03-20T03:04:00Z,Tester Buyer-Smith,+14045550199,Saw a roach in the kitchen - can pest control come this week?,"2399 Peachtree St, Cumming, GA",Forsyth,,tenant_issue,P2,Nathalie
SMS-0574,sms,2026-05-13T17:28:00Z,Tester Buyer-Smith,+14045550199,Boost your listings with our premium photography package.,"4419 Birch Ct, Smyrna, GA",Cobb,,marketing_promo,P3,ARCHIVE
SMS-0575,sms,2026-03-18T12:08:00Z,Tester Buyer-Smith,+14045550199,"AC stopped cooling at 6321 Sycamore Blvd, Woodstock, GA. Indoor temp is 84F.","6321 Sycamore Blvd, Woodstock, GA",Cherokee,,tenant_issue,P1,Nathalie
SMS-0576,sms,2026-05-11T22:24:00Z,Tester Buyer-Smith,+14045550199,Need to move ASAP - relocating for work in 3 weeks. Can you call me today?,"5065 Sycamore Blvd, Marietta, GA",Cobb,,buyer_lead,P1,Fabi
SMS-0577,sms,2026-04-09T11:10:00Z,Tester Buyer-Smith,+14045550199,Need to move ASAP - relocating for work in 3 weeks. Can you call me today?,"7289 Oak Ave, Brookhaven, GA",DeKalb,,buyer_lead,P1,Nathalie
SMS-0578,sms,2026-03-28T05:37:00Z,Tester Buyer-Smith,+14045550199,Looking for a 3BR/2BA in DeKalb county under $550k. Do you have anything coming up?,"136 Willow Pkwy, Dunwoody, GA",DeKalb,,buyer_lead,P2,Nathalie
SMS-0579,sms,2026-03-22T08:20:00Z,Tester Buyer-Smith,+14045550199,Looking for a 3BR/2BA in Cherokee county under $550k. Do you have anything coming up?,"303 Birch Ct, Woodstock, GA",Cherokee,,buyer_lead,P2,Fabi
SMS-0580,sms,2026-05-15T22:10:00Z,Tester Buyer-Smith,+14045550199,"Hey, want to grab dinner Friday at that new ramen place?","8141 Cedar Trail, Kennesaw, GA",Cobb,,personal,P3,ARCHIVE
SMS-0581,sms,2026-03-19T20:14:00Z,Tester Buyer-Smith,+14045550199,"Hi, I saw the listing at 1199 Magnolia Ln, Marietta, GA. Is it still available? I'd love a tour this weekend.","1199 Magnolia Ln, Marietta, GA",Cobb,,buyer_lead,P2,Fabi
SMS-0582,sms,2026-05-03T17:57:00Z,Tester Buyer-Smith,+14045550199,"Light bulb in the hallway burned out, no rush.","5106 Cedar Trail, Duluth, GA",Gwinnett,,maintenance,P3,Noa
SMS-0583,sms,2026-05-07T22:15:00Z,Tester Buyer-Smith,+14045550199,Closing tomorrow at 9am and the wire instructions look wrong - help!,"5026 Cedar Trail, Canton, GA",Cherokee,,deal,P0,Nathalie
SMS-0584,sms,2026-04-20T03:32:00Z,Tester Buyer-Smith,+14045550199,Boost your listings with our premium photography package.,"423 Pine Rd, Marietta, GA",Cobb,,marketing_promo,P3,ARCHIVE
SMS-0585,sms,2026-05-07T21:50:00Z,Tester Buyer-Smith,+14045550199,"Locked out of 2008 Peachtree St, Canton, GA at 11pm with the kids in the car.","2008 Peachtree St, Canton, GA",Cherokee,,tenant_issue,P0,Nathalie
SMS-0586,sms,2026-04-10T13:09:00Z,Tester Buyer-Smith,+14045550199,"Gas leak smell in the apartment, I called 911. 9236 Maple Dr, Brookhaven, GA","9236 Maple Dr, Brookhaven, GA",DeKalb,,tenant_issue,P0,Nathalie
SMS-0587,sms,2026-04-19T22:02:00Z,Tester Buyer-Smith,+14045550199,"Counter-offer received on 1390 Peachtree St, Roswell, GA - they want 5k more. What do you think?","1390 Peachtree St, Roswell, GA",Fulton,,deal,P1,Nathalie
SMS-0588,sms,2026-05-01T10:55:00Z,Tester Buyer-Smith,+14045550199,FYI we're out of milk. Can you grab some on the way home?,"4367 Pine Rd, Atlanta, GA",Fulton,,personal,P3,ARCHIVE
SMS-0589,sms,2026-05-05T09:08:00Z,Tester Buyer-Smith,+14045550199,Boost your listings with our premium photography package.,"8476 Riverbend Way, Roswell, GA",Fulton,,marketing_promo,P3,ARCHIVE
SMS-0590,sms,2026-04-03T11:43:00Z,Tester Buyer-Smith,+14045550199,"The painter quoted $1,800 for unit B at 7866 Riverbend Way, Brookhaven, GA - does that look right?","7866 Riverbend Way, Brookhaven, GA",DeKalb,,vendor,P2,Noa
SMS-0591,sms,2026-04-10T06:58:00Z,Tester Buyer-Smith,+14045550199,Question on clause 7.b of the contract - what does 'as-is' really mean here?,"8778 Birch Ct, Cumming, GA",Forsyth,,contract,P2,Noa
SMS-0592,sms,2026-04-08T16:21:00Z,Tester Buyer-Smith,+14045550199,I paid rent on the 1st but it doesn't show in the portal yet.,"7298 Maple Dr, Lawrenceville, GA",Gwinnett,,billing,P2,Noa
SMS-0593,sms,2026-03-28T11:34:00Z,Tester Buyer-Smith,+14045550199,"Bathroom faucet is dripping non-stop, can a plumber come look?","4087 Pine Rd, Smyrna, GA",Cobb,,tenant_issue,P2,Nathalie
SMS-0594,sms,2026-03-19T09:37:00Z,Tester Buyer-Smith,+14045550199,"Plumber invoice for 7847 Oak Ave, Decatur, GA - approving with your sign-off.","7847 Oak Ave, Decatur, GA",DeKalb,,vendor,P3,Noa
SMS-0595,sms,2026-04-16T14:21:00Z,Tester Buyer-Smith,+14045550199,"Hi, I saw the listing at 2095 Pine Rd, Cumming, GA. Is it still available? I'd love a tour this weekend.","2095 Pine Rd, Cumming, GA",Forsyth,,buyer_lead,P2,Fabi
SMS-0596,sms,2026-04-06T04:25:00Z,Tester Buyer-Smith,+14045550199,Crypto opportunity - 300% return guaranteed. Reply YES.,"7861 Pine Rd, Duluth, GA",Gwinnett,,spam,P3,ARCHIVE
SMS-0597,sms,2026-05-13T08:44:00Z,Tester Buyer-Smith,+14045550199,Your monthly newsletter from RealEstateDigest is here.,"1366 Pine Rd, Woodstock, GA",Cherokee,,marketing_promo,P3,ARCHIVE
SMS-0598,sms,2026-04-01T09:35:00Z,Tester Buyer-Smith,+14045550199,Mom's birthday is next week - did you order the cake?,"1359 Riverbend Way, Atlanta, GA",Fulton,,personal,P3,ARCHIVE
SMS-0599,sms,2026-05-05T21:09:00Z,Tester Buyer-Smith,+14045550199,Atlanta Realtors Network: invitation to our May mixer.,"7366 Maple Dr, Cumming, GA",Forsyth,,marketing_promo,P3,ARCHIVE
SMS-0600,sms,2026-04-22T07:46:00Z,Tester Buyer-Smith,+14045550199,Crypto opportunity - 300% return guaranteed. Reply YES.,"6458 Maple Dr, Kennesaw, GA",Cobb,,spam,P3,ARCHIVE
SMS-0601,sms,2026-04-22T13:21:00Z,Tester Buyer-Smith,+14045550199,"Plumber invoice for 3921 Oak Ave, Marietta, GA - approving with your sign-off.","3921 Oak Ave, Marietta, GA",Cobb,,vendor,P3,Noa
SMS-0602,sms,2026-03-22T18:10:00Z,Tester Buyer-Smith,+14045550199,"Our offer on 2020 Sycamore Blvd, Sugar Hill, GA expires at 5pm today, can you confirm acceptance??","2020 Sycamore Blvd, Sugar Hill, GA",Gwinnett,,buyer_lead,P0,Fabi
SMS-0603,sms,2026-05-08T04:03:00Z,Tester Buyer-Smith,+14045550199,Are you a real estate agent? Try our new CRM free for 30 days.,"4185 Riverbend Way, Kennesaw, GA",Cobb,,marketing_promo,P3,ARCHIVE
SMS-0604,sms,2026-05-10T22:35:00Z,Tester Buyer-Smith,+14045550199,"Hey, want to grab dinner Friday at that new ramen place?","9427 Pine Rd, Cumming, GA",Forsyth,,personal,P3,ARCHIVE
SMS-0605,sms,2026-05-12T16:52:00Z,Tester Buyer-Smith,+14045550199,"Neighbor in unit B has been playing loud music until 2am for a week. 8752 Sycamore Blvd, Atlanta, GA","8752 Sycamore Blvd, Atlanta, GA",Fulton,,tenant_issue,P2,Nathalie
SMS-0606,sms,2026-05-13T12:08:00Z,Tester Buyer-Smith,+14045550199,FYI we're out of milk. Can you grab some on the way home?,"4863 Riverbend Way, Smyrna, GA",Cobb,,personal,P3,ARCHIVE
SMS-0607,sms,2026-04-22T17:57:00Z,Tester Buyer-Smith,+14045550199,Got a late fee but I have proof I paid on time. Can we sort this out?,"1842 Cedar Trail, Woodstock, GA",Cherokee,,billing,P2,Noa
SMS-0608,sms,2026-05-09T14:10:00Z,Tester Buyer-Smith,+14045550199,"Vendor said they'd be here at 10am, no show. Can you check on them?","5394 Riverbend Way, Marietta, GA",Cobb,,maintenance,P2,Noa
SMS-0609,sms,2026-04-03T15:01:00Z,Tester Buyer-Smith,+14045550199,Urgent: your bank account needs verification. Visit https://phish.example/,"2304 Peachtree St, Woodstock, GA",Cherokee,,spam,P3,ARCHIVE
SMS-0610,sms,2026-03-23T21:56:00Z,Tester Buyer-Smith,+14045550199,"HOA sent a notice about new pool hours, forwarding to you.","4399 Oak Ave, Smyrna, GA",Cobb,,admin,P3,Noa
SMS-0611,sms,2026-04-14T03:21:00Z,Tester Buyer-Smith,+14045550199,"Light bulb in the hallway burned out, no rush.","8282 Maple Dr, Cumming, GA",Forsyth,,maintenance,P3,Noa
SMS-0612,sms,2026-04-28T14:02:00Z,Tester Buyer-Smith,+14045550199,Got the inspection report back. There are 3 items I'd like to negotiate.,"1531 Birch Ct, Canton, GA",Cherokee,,deal,P1,Nathalie
SMS-0613,sms,2026-05-01T12:26:00Z,Tester Buyer-Smith,+14045550199,Atlanta Realtors Network: invitation to our May mixer.,"4081 Oak Ave, Brookhaven, GA",DeKalb,,marketing_promo,P3,ARCHIVE
SMS-0614,sms,2026-04-16T07:33:00Z,Tester Buyer-Smith,+14045550199,"Just confirming the security deposit is $1,500 not $2,000 like the email said.","1924 Birch Ct, Duluth, GA",Gwinnett,,billing,P3,Noa
SMS-0615,sms,2026-04-07T14:22:00Z,Tester Buyer-Smith,+14045550199,"Hey, want to grab dinner Friday at that new ramen place?","2925 Oak Ave, Cumming, GA",Forsyth,,personal,P3,ARCHIVE
SMS-0616,sms,2026-04-12T01:09:00Z,Tester Buyer-Smith,+14045550199,Crypto opportunity - 300% return guaranteed. Reply YES.,"5811 Oak Ave, Cumming, GA",Forsyth,,spam,P3,ARCHIVE
SMS-0617,sms,2026-03-28T13:28:00Z,Tester Buyer-Smith,+14045550199,I paid rent on the 1st but it doesn't show in the portal yet.,"5811 Maple Dr, Decatur, GA",DeKalb,,billing,P2,Noa
SMS-0618,sms,2026-03-22T16:03:00Z,Tester Buyer-Smith,+14045550199,FYI we're out of milk. Can you grab some on the way home?,"5055 Willow Pkwy, Woodstock, GA",Cherokee,,personal,P3,ARCHIVE
SMS-0619,sms,2026-04-10T20:39:00Z,Tester Buyer-Smith,+14045550199,"Can we set up a walkthrough next Tuesday for the move-out at 5357 Magnolia Ln, Dunwoody, GA?","5357 Magnolia Ln, Dunwoody, GA",DeKalb,,scheduling,P2,Noa
SMS-0620,sms,2026-05-08T03:44:00Z,Tester Buyer-Smith,+14045550199,Need to move ASAP - relocating for work in 3 weeks. Can you call me today?,"7523 Magnolia Ln, Duluth, GA",Gwinnett,,buyer_lead,P1,Fabi
SMS-0621,sms,2026-04-10T09:32:00Z,Tester Buyer-Smith,+14045550199,Atlanta Realtors Network: invitation to our May mixer.,"7423 Oak Ave, Lawrenceville, GA",Gwinnett,,marketing_promo,P3,ARCHIVE
SMS-0622,sms,2026-03-26T06:36:00Z,Tester Buyer-Smith,+14045550199,"No heat for 2 days now, my baby is freezing. 3076 Maple Dr, Cumming, GA","3076 Maple Dr, Cumming, GA",Forsyth,,tenant_issue,P0,Nathalie
SMS-0623,sms,2026-03-21T12:16:00Z,Tester Buyer-Smith,+14045550199,Atlanta Realtors Network: invitation to our May mixer.,"7940 Magnolia Ln, Decatur, GA",DeKalb,,marketing_promo,P3,ARCHIVE
SMS-0624,sms,2026-05-11T22:03:00Z,Tester Buyer-Smith,+14045550199,Got a late fee but I have proof I paid on time. Can we sort this out?,"4602 Cedar Trail, Cumming, GA",Forsyth,,billing,P2,Noa
SMS-0625,sms,2026-03-25T12:21:00Z,Tester Buyer-Smith,+14045550199,The work order #4421 for the dishwasher - any update?,"1581 Sycamore Blvd, Kennesaw, GA",Cobb,,maintenance,P2,Noa
SMS-0626,sms,2026-05-10T19:20:00Z,Tester Buyer-Smith,+14045550199,"Light bulb in the hallway burned out, no rush.","5885 Pine Rd, Brookhaven, GA",DeKalb,,maintenance,P3,Noa
SMS-0627,sms,2026-03-21T05:37:00Z,Tester Buyer-Smith,+14045550199,Saw a roach in the kitchen - can pest control come this week?,"7430 Birch Ct, Cumming, GA",Forsyth,,tenant_issue,P2,Nathalie
SMS-0628,sms,2026-05-02T07:25:00Z,Tester Buyer-Smith,+14045550199,"Hey, want to grab dinner Friday at that new ramen place?","950 Maple Dr, Canton, GA",Cherokee,,personal,P3,ARCHIVE
SMS-0629,sms,2026-04-25T07:37:00Z,Tester Buyer-Smith,+14045550199,"Can we move tomorrow's showing at 4300 Sycamore Blvd, Cumming, GA from 4pm to 6pm?","4300 Sycamore Blvd, Cumming, GA",Forsyth,,showing,P2,Fabi
SMS-0630,sms,2026-04-12T18:22:00Z,Tester Buyer-Smith,+14045550199,"Running 15 min late to the showing at 6182 Pine Rd, Cumming, GA, please tell the agent.","6182 Pine Rd, Cumming, GA",Forsyth,,showing,P1,Fabi
SMS-0631,sms,2026-04-09T13:18:00Z,Tester Buyer-Smith,+14045550199,Need to move ASAP - relocating for work in 3 weeks. Can you call me today?,"9441 Willow Pkwy, Roswell, GA",Fulton,,buyer_lead,P1,Nathalie
SMS-0632,sms,2026-04-26T16:35:00Z,Tester Buyer-Smith,+14045550199,"Insurance renewal for 9482 Pine Rd, Roswell, GA is due next month.","9482 Pine Rd, Roswell, GA",Fulton,,admin,P3,Noa
SMS-0633,sms,2026-05-03T08:57:00Z,Tester Buyer-Smith,+14045550199,"Just confirming the security deposit is $1,500 not $2,000 like the email said.","7991 Maple Dr, Atlanta, GA",Fulton,,billing,P3,Noa
SMS-0634,sms,2026-03-22T01:16:00Z,Tester Buyer-Smith,+14045550199,The work order #4421 for the dishwasher - any update?,"9403 Peachtree St, Roswell, GA",Fulton,,maintenance,P2,Noa
SMS-0635,sms,2026-05-07T15:33:00Z,Tester Buyer-Smith,+14045550199,Looking for a 3BR/2BA in DeKalb county under $550k. Do you have anything coming up?,"3175 Magnolia Ln, Dunwoody, GA",DeKalb,,buyer_lead,P2,Nathalie
SMS-0636,sms,2026-04-15T01:10:00Z,Tester Buyer-Smith,+14045550199,"Just confirming the security deposit is $1,500 not $2,000 like the email said.","7883 Maple Dr, Canton, GA",Cherokee,,billing,P3,Noa
SMS-0637,sms,2026-05-04T19:16:00Z,Tester Buyer-Smith,+14045550199,Crypto opportunity - 300% return guaranteed. Reply YES.,"601 Magnolia Ln, Canton, GA",Cherokee,,spam,P3,ARCHIVE
SMS-0638,sms,2026-04-06T15:53:00Z,Tester Buyer-Smith,+14045550199,"EMERGENCY - water is pouring from the ceiling in unit at 1545 Pine Rd, Duluth, GA!!","1545 Pine Rd, Duluth, GA",Gwinnett,,tenant_issue,P0,Nathalie
SMS-0639,sms,2026-04-23T17:38:00Z,Tester Buyer-Smith,+14045550199,"Insurance renewal for 3638 Peachtree St, Marietta, GA is due next month.","3638 Peachtree St, Marietta, GA",Cobb,,admin,P3,Noa
SMS-0640,sms,2026-04-14T23:37:00Z,Tester Buyer-Smith,+14045550199,Need to move ASAP - relocating for work in 3 weeks. Can you call me today?,"5050 Birch Ct, Dunwoody, GA",DeKalb,,buyer_lead,P1,Nathalie
SMS-0641,sms,2026-03-30T20:38:00Z,Tester Buyer-Smith,+14045550199,Got a late fee but I have proof I paid on time. Can we sort this out?,"8106 Sycamore Blvd, Cumming, GA",Forsyth,,billing,P2,Noa
SMS-0642,sms,2026-05-07T00:25:00Z,Tester Buyer-Smith,+14045550199,"HOA sent a notice about new pool hours, forwarding to you.","9190 Sycamore Blvd, Kennesaw, GA",Cobb,,admin,P3,Noa
SMS-0643,sms,2026-05-12T13:15:00Z,Tester Buyer-Smith,+14045550199,The work order #4421 for the dishwasher - any update?,"5538 Peachtree St, Cumming, GA",Forsyth,,maintenance,P2,Noa
SMS-0644,sms,2026-04-13T09:10:00Z,Tester Buyer-Smith,+14045550199,FYI we're out of milk. Can you grab some on the way home?,"6484 Magnolia Ln, Brookhaven, GA",DeKalb,,personal,P3,ARCHIVE
SMS-0645,sms,2026-05-17T03:30:00Z,Tester Buyer-Smith,+14045550199,Got the inspection report back. There are 3 items I'd like to negotiate.,"5800 Riverbend Way, Sandy Springs, GA",Fulton,,deal,P1,Nathalie
SMS-0646,sms,2026-05-10T00:13:00Z,Tester Buyer-Smith,+14045550199,The dog has a vet appointment Thursday at 10am.,"2705 Maple Dr, Sugar Hill, GA",Gwinnett,,personal,P3,ARCHIVE
SMS-0647,sms,2026-04-10T07:05:00Z,Tester Buyer-Smith,+14045550199,Are you a real estate agent? Try our new CRM free for 30 days.,"8872 Sycamore Blvd, Canton, GA",Cherokee,,marketing_promo,P3,ARCHIVE
SMS-0648,sms,2026-05-04T08:30:00Z,Tester Buyer-Smith,+14045550199,"HOA sent a notice about new pool hours, forwarding to you.","3309 Magnolia Ln, Decatur, GA",DeKalb,,admin,P3,Noa
SMS-0649,sms,2026-04-02T00:15:00Z,Tester Buyer-Smith,+14045550199,"Need to renew the lease at 9037 Peachtree St, Smyrna, GA. Can you send the renewal terms?","9037 Peachtree St, Smyrna, GA",Cobb,,contract,P2,Noa
SMS-0650,sms,2026-04-26T08:46:00Z,Tester Buyer-Smith,+14045550199,"Light bulb in the hallway burned out, no rush.","3675 Maple Dr, Marietta, GA",Cobb,,maintenance,P3,Noa
SMS-0651,sms,2026-04-30T01:26:00Z,Tester Buyer-Smith,+14045550199,Considering listing the property in Gwinnett - can we schedule a CMA?,"6010 Peachtree St, Sugar Hill, GA",Gwinnett,,seller_lead,P2,Fabi
SMS-0652,sms,2026-05-07T11:10:00Z,Tester Buyer-Smith,+14045550199,Atlanta Realtors Network: invitation to our May mixer.,"1819 Birch Ct, Lawrenceville, GA",Gwinnett,,marketing_promo,P3,ARCHIVE
SMS-0653,sms,2026-03-30T20:10:00Z,Tester Buyer-Smith,+14045550199,"Locked out of 2705 Oak Ave, Sandy Springs, GA at 11pm with the kids in the car.","2705 Oak Ave, Sandy Springs, GA",Fulton,,tenant_issue,P0,Nathalie
SMS-0654,sms,2026-03-22T13:54:00Z,Tester Buyer-Smith,+14045550199,"Can we set up a walkthrough next Tuesday for the move-out at 1803 Sycamore Blvd, Woodstock, GA?","1803 Sycamore Blvd, Woodstock, GA",Cherokee,,scheduling,P2,Noa
SMS-0655,sms,2026-03-23T16:11:00Z,Tester Buyer-Smith,+14045550199,"HOA sent a notice about new pool hours, forwarding to you.","9529 Sycamore Blvd, Roswell, GA",Fulton,,admin,P3,Noa
SMS-0656,sms,2026-05-15T19:12:00Z,Tester Buyer-Smith,+14045550199,"Plumber invoice for 7526 Willow Pkwy, Smyrna, GA - approving with your sign-off.","7526 Willow Pkwy, Smyrna, GA",Cobb,,vendor,P3,Noa
SMS-0657,sms,2026-05-09T19:49:00Z,Tester Buyer-Smith,+14045550199,Looking for a 3BR/2BA in Cherokee county under $550k. Do you have anything coming up?,"1908 Magnolia Ln, Woodstock, GA",Cherokee,,buyer_lead,P2,Fabi
SMS-0658,sms,2026-05-13T02:45:00Z,Tester Buyer-Smith,+14045550199,"Need to renew the lease at 2326 Pine Rd, Cumming, GA. Can you send the renewal terms?","2326 Pine Rd, Cumming, GA",Forsyth,,contract,P2,Noa
SMS-0659,sms,2026-04-28T04:55:00Z,Tester Buyer-Smith,+14045550199,"Light bulb in the hallway burned out, no rush.","3966 Magnolia Ln, Smyrna, GA",Cobb,,maintenance,P3,Noa
SMS-0660,sms,2026-04-03T22:42:00Z,Tester Buyer-Smith,+14045550199,"CLAIM YOUR PRIZE NOW - you've won $10,000! Click here: http://scam.example/","7614 Magnolia Ln, Dunwoody, GA",DeKalb,,spam,P3,ARCHIVE
SMS-0661,sms,2026-03-30T19:41:00Z,Tester Buyer-Smith,+14045550199,Looking for a 3BR/2BA in Forsyth county under $550k. Do you have anything coming up?,"5937 Magnolia Ln, Cumming, GA",Forsyth,,buyer_lead,P2,Fabi
SMS-0662,sms,2026-04-07T05:25:00Z,Tester Buyer-Smith,+14045550199,"Locked out of 1178 Sycamore Blvd, Decatur, GA at 11pm with the kids in the car.","1178 Sycamore Blvd, Decatur, GA",DeKalb,,tenant_issue,P0,Nathalie
SMS-0663,sms,2026-03-27T12:40:00Z,Tester Buyer-Smith,+14045550199,"AC stopped cooling at 8107 Pine Rd, Sugar Hill, GA. Indoor temp is 84F.","8107 Pine Rd, Sugar Hill, GA",Gwinnett,,tenant_issue,P1,Nathalie
SMS-0664,sms,2026-05-05T09:37:00Z,Tester Buyer-Smith,+14045550199,Mom's birthday is next week - did you order the cake?,"7010 Peachtree St, Woodstock, GA",Cherokee,,personal,P3,ARCHIVE
SMS-0665,sms,2026-04-18T08:36:00Z,Tester Buyer-Smith,+14045550199,"AC stopped cooling at 7644 Magnolia Ln, Sugar Hill, GA. Indoor temp is 84F.","7644 Magnolia Ln, Sugar Hill, GA",Gwinnett,,tenant_issue,P1,Nathalie
SMS-0666,sms,2026-04-24T09:37:00Z,Tester Buyer-Smith,+14045550199,"Pickup at school is at 3:15 today, can you grab the kids?","2385 Willow Pkwy, Sugar Hill, GA",Gwinnett,,personal,P3,ARCHIVE
SMS-0667,sms,2026-05-09T05:54:00Z,Tester Buyer-Smith,+14045550199,"Hi Nathalie, I'd like to sell my house at 6381 Magnolia Ln, Atlanta, GA. What's the market like in Fulton right now?","6381 Magnolia Ln, Atlanta, GA",Fulton,,seller_lead,P2,Nathalie
SMS-0668,sms,2026-04-08T02:35:00Z,Tester Buyer-Smith,+14045550199,Urgent: your bank account needs verification. Visit https://phish.example/,"6267 Riverbend Way, Canton, GA",Cherokee,,spam,P3,ARCHIVE
SMS-0669,sms,2026-03-29T22:38:00Z,Tester Buyer-Smith,+14045550199,"Appraisal came in at $620k for 7327 Peachtree St, Duluth, GA. Numbers look good.","7327 Peachtree St, Duluth, GA",Gwinnett,,deal,P2,Nathalie
SMS-0670,sms,2026-04-12T21:58:00Z,Tester Buyer-Smith,+14045550199,The work order #4421 for the dishwasher - any update?,"7418 Sycamore Blvd, Woodstock, GA",Cherokee,,maintenance,P2,Noa
SMS-0671,sms,2026-04-18T11:23:00Z,Tester Buyer-Smith,+14045550199,"Need your signature on the addendum for 8864 Pine Rd, Roswell, GA before 5pm.","8864 Pine Rd, Roswell, GA",Fulton,,contract,P1,Noa
SMS-0672,sms,2026-04-15T07:37:00Z,Tester Buyer-Smith,+14045550199,"Need your signature on the addendum for 3128 Cedar Trail, Canton, GA before 5pm.","3128 Cedar Trail, Canton, GA",Cherokee,,contract,P1,Noa
SMS-0673,sms,2026-04-28T10:19:00Z,Tester Buyer-Smith,+14045550199,"CLAIM YOUR PRIZE NOW - you've won $10,000! Click here: http://scam.example/","8390 Oak Ave, Sandy Springs, GA",Fulton,,spam,P3,ARCHIVE
SMS-0674,sms,2026-04-07T13:58:00Z,Tester Buyer-Smith,+14045550199,"Light bulb in the hallway burned out, no rush.","9738 Magnolia Ln, Brookhaven, GA",DeKalb,,maintenance,P3,Noa
SMS-0675,sms,2026-03-31T13:15:00Z,Tester Buyer-Smith,+14045550199,"Hi Nathalie, I'd like to sell my house at 5442 Pine Rd, Sugar Hill, GA. What's the market like in Gwinnett right now?","5442 Pine Rd, Sugar Hill, GA",Gwinnett,,seller_lead,P2,Fabi
SMS-0676,sms,2026-04-16T16:54:00Z,Tester Buyer-Smith,+14045550199,"Need to renew the lease at 8235 Maple Dr, Cumming, GA. Can you send the renewal terms?","8235 Maple Dr, Cumming, GA",Forsyth,,contract,P2,Noa
SMS-0677,sms,2026-03-25T01:22:00Z,Tester Buyer-Smith,+14045550199,"Hi Nathalie, I'd like to sell my house at 956 Riverbend Way, Roswell, GA. What's the market like in Fulton right now?","956 Riverbend Way, Roswell, GA",Fulton,,seller_lead,P2,Nathalie
SMS-0678,sms,2026-05-09T06:53:00Z,Tester Buyer-Smith,+14045550199,"Plumber invoice for 6957 Sycamore Blvd, Canton, GA - approving with your sign-off.","6957 Sycamore Blvd, Canton, GA",Cherokee,,vendor,P3,Noa
SMS-0679,sms,2026-03-27T17:50:00Z,Tester Buyer-Smith,+14045550199,I paid rent on the 1st but it doesn't show in the portal yet.,"9720 Peachtree St, Canton, GA",Cherokee,,billing,P2,Noa
SMS-0680,sms,2026-05-14T22:32:00Z,Tester Buyer-Smith,+14045550199,"Need your signature on the addendum for 5190 Maple Dr, Sandy Springs, GA before 5pm.","5190 Maple Dr, Sandy Springs, GA",Fulton,,contract,P1,Noa
SMS-0681,sms,2026-04-09T15:55:00Z,Tester Buyer-Smith,+14045550199,Looking for a 3BR/2BA in Cherokee county under $550k. Do you have anything coming up?,"8878 Riverbend Way, Woodstock, GA",Cherokee,,buyer_lead,P2,Fabi
SMS-0682,sms,2026-04-14T14:39:00Z,Tester Buyer-Smith,+14045550199,"No heat for 2 days now, my baby is freezing. 2114 Maple Dr, Marietta, GA","2114 Maple Dr, Marietta, GA",Cobb,,tenant_issue,P0,Nathalie
SMS-0683,sms,2026-04-21T02:02:00Z,Tester Buyer-Smith,+14045550199,"Can we set up a walkthrough next Tuesday for the move-out at 6570 Sycamore Blvd, Sandy Springs, GA?","6570 Sycamore Blvd, Sandy Springs, GA",Fulton,,scheduling,P2,Noa
SMS-0684,sms,2026-03-30T01:56:00Z,Tester Buyer-Smith,+14045550199,"Hi Nathalie, I'd like to sell my house at 5046 Peachtree St, Canton, GA. What's the market like in Cherokee right now?","5046 Peachtree St, Canton, GA",Cherokee,,seller_lead,P2,Fabi
SMS-0685,sms,2026-04-23T03:57:00Z,Tester Buyer-Smith,+14045550199,"Counter-offer received on 1349 Magnolia Ln, Kennesaw, GA - they want 5k more. What do you think?","1349 Magnolia Ln, Kennesaw, GA",Cobb,,deal,P1,Nathalie
SMS-0686,sms,2026-04-14T06:35:00Z,Tester Buyer-Smith,+14045550199,"Counter-offer received on 7313 Peachtree St, Cumming, GA - they want 5k more. What do you think?","7313 Peachtree St, Cumming, GA",Forsyth,,deal,P1,Nathalie
SMS-0687,sms,2026-04-13T15:42:00Z,Tester Buyer-Smith,+14045550199,"Hi, I saw the listing at 554 Birch Ct, Canton, GA. Is it still available? I'd love a tour this weekend.","554 Birch Ct, Canton, GA",Cherokee,,buyer_lead,P2,Fabi
SMS-0688,sms,2026-04-09T07:52:00Z,Tester Buyer-Smith,+14045550199,"Gas leak smell in the apartment, I called 911. 9721 Cedar Trail, Sandy Springs, GA","9721 Cedar Trail, Sandy Springs, GA",Fulton,,tenant_issue,P0,Nathalie
SMS-0689,sms,2026-05-06T18:14:00Z,Tester Buyer-Smith,+14045550199,"Our offer on 242 Birch Ct, Cumming, GA expires at 5pm today, can you confirm acceptance??","242 Birch Ct, Cumming, GA",Forsyth,,buyer_lead,P0,Fabi
SMS-0690,sms,2026-04-10T17:14:00Z,Tester Buyer-Smith,+14045550199,"Need your signature on the addendum for 2511 Pine Rd, Cumming, GA before 5pm.","2511 Pine Rd, Cumming, GA",Forsyth,,contract,P1,Noa
SMS-0691,sms,2026-05-10T19:54:00Z,Tester Buyer-Smith,+14045550199,Looking for a 3BR/2BA in Cobb county under $550k. Do you have anything coming up?,"5562 Sycamore Blvd, Smyrna, GA",Cobb,,buyer_lead,P2,Fabi
SMS-0692,sms,2026-03-30T09:37:00Z,Tester Buyer-Smith,+14045550199,Your monthly newsletter from RealEstateDigest is here.,"7406 Willow Pkwy, Marietta, GA",Cobb,,marketing_promo,P3,ARCHIVE
SMS-0693,sms,2026-05-05T21:55:00Z,Tester Buyer-Smith,+14045550199,"Plumber invoice for 1141 Birch Ct, Smyrna, GA - approving with your sign-off.","1141 Birch Ct, Smyrna, GA",Cobb,,vendor,P3,Noa
SMS-0694,sms,2026-03-31T03:07:00Z,Tester Buyer-Smith,+14045550199,FLASH SALE - 50% off everything at our store this weekend only!,"6683 Magnolia Ln, Duluth, GA",Gwinnett,,marketing_promo,P3,ARCHIVE
SMS-0695,sms,2026-03-29T11:41:00Z,Tester Buyer-Smith,+14045550199,Closing tomorrow at 9am and the wire instructions look wrong - help!,"9497 Cedar Trail, Cumming, GA",Forsyth,,deal,P0,Nathalie
SMS-0696,sms,2026-04-16T13:04:00Z,Tester Buyer-Smith,+14045550199,"Insurance renewal for 6405 Riverbend Way, Dunwoody, GA is due next month.","6405 Riverbend Way, Dunwoody, GA",DeKalb,,admin,P3,Noa
SMS-0697,sms,2026-04-06T14:33:00Z,Tester Buyer-Smith,+14045550199,"Need your signature on the addendum for 8610 Maple Dr, Cumming, GA before 5pm.","8610 Maple Dr, Cumming, GA",Forsyth,,contract,P1,Noa
SMS-0698,sms,2026-03-27T19:45:00Z,Tester Buyer-Smith,+14045550199,"Locked out of 2655 Pine Rd, Sandy Springs, GA at 11pm with the kids in the car.","2655 Pine Rd, Sandy Springs, GA",Fulton,,tenant_issue,P0,Nathalie
SMS-0699,sms,2026-04-11T20:44:00Z,Tester Buyer-Smith,+14045550199,"AC stopped cooling at 481 Oak Ave, Kennesaw, GA. Indoor temp is 84F.","481 Oak Ave, Kennesaw, GA",Cobb,,tenant_issue,P1,Nathalie
SMS-0700,sms,2026-03-25T05:19:00Z,Tester Buyer-Smith,+14045550199,Your monthly newsletter from RealEstateDigest is here.,"2523 Peachtree St, Cumming, GA",Forsyth,,marketing_promo,P3,ARCHIVE
SMS-0701,sms,2026-04-20T15:37:00Z,Tester Buyer-Smith,+14045550199,"Our offer on 9135 Willow Pkwy, Cumming, GA expires at 5pm today, can you confirm acceptance??","9135 Willow Pkwy, Cumming, GA",Forsyth,,buyer_lead,P0,Fabi
SMS-0702,sms,2026-04-26T08:45:00Z,Tester Buyer-Smith,+14045550199,"Can we move tomorrow's showing at 8909 Pine Rd, Cumming, GA from 4pm to 6pm?","8909 Pine Rd, Cumming, GA",Forsyth,,showing,P2,Fabi
SMS-0703,sms,2026-04-14T11:24:00Z,Tester Buyer-Smith,+14045550199,"Need to renew the lease at 4187 Birch Ct, Atlanta, GA. Can you send the renewal terms?","4187 Birch Ct, Atlanta, GA",Fulton,,contract,P2,Noa
SMS-0704,sms,2026-04-13T09:43:00Z,Tester Buyer-Smith,+14045550199,The work order #4421 for the dishwasher - any update?,"7544 Willow Pkwy, Marietta, GA",Cobb,,maintenance,P2,Noa
SMS-0705,sms,2026-05-03T10:04:00Z,Tester Buyer-Smith,+14045550199,Saw a roach in the kitchen - can pest control come this week?,"8452 Pine Rd, Dunwoody, GA",DeKalb,,tenant_issue,P2,Nathalie
SMS-0706,sms,2026-05-04T12:29:00Z,Tester Buyer-Smith,+14045550199,"Gas leak smell in the apartment, I called 911. 9992 Willow Pkwy, Duluth, GA","9992 Willow Pkwy, Duluth, GA",Gwinnett,,tenant_issue,P0,Nathalie
SMS-0707,sms,2026-04-16T21:20:00Z,Tester Buyer-Smith,+14045550199,Dentist appointment confirmed for Tuesday 2pm.,"6572 Oak Ave, Sandy Springs, GA",Fulton,,personal,P3,ARCHIVE
SMS-0708,sms,2026-04-04T04:43:00Z,Tester Buyer-Smith,+14045550199,Closing tomorrow at 9am and the wire instructions look wrong - help!,"9655 Pine Rd, Sandy Springs, GA",Fulton,,deal,P0,Nathalie
SMS-0709,sms,2026-04-13T12:08:00Z,Tester Buyer-Smith,+14045550199,"Can we set up a walkthrough next Tuesday for the move-out at 5738 Birch Ct, Marietta, GA?","5738 Birch Ct, Marietta, GA",Cobb,,scheduling,P2,Noa
SMS-0710,sms,2026-04-23T22:43:00Z,Tester Buyer-Smith,+14045550199,I paid rent on the 1st but it doesn't show in the portal yet.,"6493 Riverbend Way, Decatur, GA",DeKalb,,billing,P2,Noa
SMS-0711,sms,2026-05-12T04:24:00Z,Tester Buyer-Smith,+14045550199,"Insurance renewal for 1672 Cedar Trail, Marietta, GA is due next month.","1672 Cedar Trail, Marietta, GA",Cobb,,admin,P3,Noa
SMS-0712,sms,2026-03-23T13:59:00Z,Tester Buyer-Smith,+14045550199,Need to move ASAP - relocating for work in 3 weeks. Can you call me today?,"4421 Sycamore Blvd, Roswell, GA",Fulton,,buyer_lead,P1,Nathalie
SMS-0713,sms,2026-03-23T14:55:00Z,Tester Buyer-Smith,+14045550199,The work order #4421 for the dishwasher - any update?,"6937 Maple Dr, Brookhaven, GA",DeKalb,,maintenance,P2,Noa
SMS-0714,sms,2026-05-10T22:01:00Z,Tester Buyer-Smith,+14045550199,Urgent: your bank account needs verification. Visit https://phish.example/,"3657 Magnolia Ln, Kennesaw, GA",Cobb,,spam,P3,ARCHIVE
SMS-0715,sms,2026-04-24T08:44:00Z,Tester Buyer-Smith,+14045550199,Dentist appointment confirmed for Tuesday 2pm.,"6935 Maple Dr, Cumming, GA",Forsyth,,personal,P3,ARCHIVE
SMS-0716,sms,2026-04-16T18:13:00Z,Tester Buyer-Smith,+14045550199,"Need to renew the lease at 5342 Peachtree St, Decatur, GA. Can you send the renewal terms?","5342 Peachtree St, Decatur, GA",DeKalb,,contract,P2,Noa
SMS-0717,sms,2026-04-01T17:14:00Z,Tester Buyer-Smith,+14045550199,"Gas leak smell in the apartment, I called 911. 7185 Riverbend Way, Cumming, GA","7185 Riverbend Way, Cumming, GA",Forsyth,,tenant_issue,P0,Nathalie
SMS-0718,sms,2026-05-05T19:38:00Z,Tester Buyer-Smith,+14045550199,Dentist appointment confirmed for Tuesday 2pm.,"1565 Peachtree St, Decatur, GA",DeKalb,,personal,P3,ARCHIVE
SMS-0719,sms,2026-05-16T18:19:00Z,Tester Buyer-Smith,+14045550199,"Just confirming the security deposit is $1,500 not $2,000 like the email said.","9377 Cedar Trail, Atlanta, GA",Fulton,,billing,P3,Noa
SMS-0720,sms,2026-03-28T19:25:00Z,Tester Buyer-Smith,+14045550199,Got a late fee but I have proof I paid on time. Can we sort this out?,"5637 Riverbend Way, Lawrenceville, GA",Gwinnett,,billing,P2,Noa
SMS-0721,sms,2026-04-28T01:30:00Z,Tester Buyer-Smith,+14045550199,The dog has a vet appointment Thursday at 10am.,"1434 Willow Pkwy, Woodstock, GA",Cherokee,,personal,P3,ARCHIVE
SMS-0722,sms,2026-04-16T16:33:00Z,Tester Buyer-Smith,+14045550199,"I'm at 8315 Peachtree St, Cumming, GA but the door is locked. Are you on the way?","8315 Peachtree St, Cumming, GA",Forsyth,,showing,P1,Fabi
SMS-0723,sms,2026-04-07T22:40:00Z,Tester Buyer-Smith,+14045550199,FYI we're out of milk. Can you grab some on the way home?,"569 Maple Dr, Brookhaven, GA",DeKalb,,personal,P3,ARCHIVE
SMS-0724,sms,2026-04-15T12:56:00Z,Tester Buyer-Smith,+14045550199,Lender needs proof of homeowners insurance by end of day.,"1835 Oak Ave, Atlanta, GA",Fulton,,document,P1,Noa
SMS-0725,sms,2026-04-30T17:43:00Z,Tester Buyer-Smith,+14045550199,FYI we're out of milk. Can you grab some on the way home?,"6809 Cedar Trail, Cumming, GA",Forsyth,,personal,P3,ARCHIVE
SMS-0726,sms,2026-04-26T12:33:00Z,Tester Buyer-Smith,+14045550199,FLASH SALE - 50% off everything at our store this weekend only!,"3709 Peachtree St, Sandy Springs, GA",Fulton,,marketing_promo,P3,ARCHIVE
SMS-0727,sms,2026-03-24T17:09:00Z,Tester Buyer-Smith,+14045550199,Question on clause 7.b of the contract - what does 'as-is' really mean here?,"6517 Oak Ave, Atlanta, GA",Fulton,,contract,P2,Noa
SMS-0728,sms,2026-05-02T06:13:00Z,Tester Buyer-Smith,+14045550199,"AC stopped cooling at 7045 Riverbend Way, Marietta, GA. Indoor temp is 84F.","7045 Riverbend Way, Marietta, GA",Cobb,,tenant_issue,P1,Nathalie
SMS-0729,sms,2026-05-08T07:59:00Z,Tester Buyer-Smith,+14045550199,"Running 15 min late to the showing at 5118 Magnolia Ln, Dunwoody, GA, please tell the agent.","5118 Magnolia Ln, Dunwoody, GA",DeKalb,,showing,P1,Nathalie
SMS-0730,sms,2026-03-30T08:01:00Z,Tester Buyer-Smith,+14045550199,"HOA sent a notice about new pool hours, forwarding to you.","5733 Willow Pkwy, Woodstock, GA",Cherokee,,admin,P3,Noa
SMS-0731,sms,2026-05-05T06:05:00Z,Tester Buyer-Smith,+14045550199,"Light bulb in the hallway burned out, no rush.","6119 Peachtree St, Cumming, GA",Forsyth,,maintenance,P3,Noa
SMS-0732,sms,2026-05-01T22:59:00Z,Tester Buyer-Smith,+14045550199,"I'm at 1928 Magnolia Ln, Duluth, GA but the door is locked. Are you on the way?","1928 Magnolia Ln, Duluth, GA",Gwinnett,,showing,P1,Fabi
SMS-0733,sms,2026-03-19T05:30:00Z,Tester Buyer-Smith,+14045550199,Your monthly newsletter from RealEstateDigest is here.,"4098 Pine Rd, Marietta, GA",Cobb,,marketing_promo,P3,ARCHIVE
SMS-0734,sms,2026-04-17T20:24:00Z,Tester Buyer-Smith,+14045550199,Need to move ASAP - relocating for work in 3 weeks. Can you call me today?,"5737 Willow Pkwy, Decatur, GA",DeKalb,,buyer_lead,P1,Nathalie
SMS-0735,sms,2026-05-09T05:42:00Z,Tester Buyer-Smith,+14045550199,"CLAIM YOUR PRIZE NOW - you've won $10,000! Click here: http://scam.example/","142 Peachtree St, Marietta, GA",Cobb,,spam,P3,ARCHIVE
SMS-0736,sms,2026-04-16T20:50:00Z,Tester Buyer-Smith,+14045550199,"Insurance renewal for 9499 Oak Ave, Duluth, GA is due next month.","9499 Oak Ave, Duluth, GA",Gwinnett,,admin,P3,Noa
SMS-0737,sms,2026-04-20T08:29:00Z,Tester Buyer-Smith,+14045550199,"Light bulb in the hallway burned out, no rush.","1807 Pine Rd, Duluth, GA",Gwinnett,,maintenance,P3,Noa
SMS-0738,sms,2026-03-26T16:31:00Z,Tester Buyer-Smith,+14045550199,I'm a Nigerian prince and need your help moving $25M...,"3399 Magnolia Ln, Decatur, GA",DeKalb,,spam,P3,ARCHIVE
SMS-0739,sms,2026-05-15T17:11:00Z,Tester Buyer-Smith,+14045550199,"Vendor said they'd be here at 10am, no show. Can you check on them?","157 Pine Rd, Woodstock, GA",Cherokee,,maintenance,P2,Noa
SMS-0740,sms,2026-04-23T03:38:00Z,Tester Buyer-Smith,+14045550199,Got the inspection report back. There are 3 items I'd like to negotiate.,"2671 Oak Ave, Woodstock, GA",Cherokee,,deal,P1,Nathalie
SMS-0741,sms,2026-03-21T11:45:00Z,Tester Buyer-Smith,+14045550199,"Locked out of 2106 Maple Dr, Roswell, GA at 11pm with the kids in the car.","2106 Maple Dr, Roswell, GA",Fulton,,tenant_issue,P0,Nathalie
SMS-0742,sms,2026-05-07T21:09:00Z,Tester Buyer-Smith,+14045550199,"Could you send me the seller's disclosure for 5836 Willow Pkwy, Sugar Hill, GA (MLS MLS-7795577)?","5836 Willow Pkwy, Sugar Hill, GA",Gwinnett,MLS-7795577,document,P2,Noa
SMS-0743,sms,2026-04-19T17:25:00Z,Tester Buyer-Smith,+14045550199,Atlanta Realtors Network: invitation to our May mixer.,"9138 Sycamore Blvd, Dunwoody, GA",DeKalb,,marketing_promo,P3,ARCHIVE
SMS-0744,sms,2026-04-14T01:44:00Z,Tester Buyer-Smith,+14045550199,"Hi, I saw the listing at 214 Birch Ct, Cumming, GA. Is it still available? I'd love a tour this weekend.","214 Birch Ct, Cumming, GA",Forsyth,,buyer_lead,P2,Fabi
SMS-0745,sms,2026-03-31T10:33:00Z,Tester Buyer-Smith,+14045550199,Are you a real estate agent? Try our new CRM free for 30 days.,"8161 Magnolia Ln, Cumming, GA",Forsyth,,marketing_promo,P3,ARCHIVE
SMS-0746,sms,2026-05-07T18:23:00Z,Tester Buyer-Smith,+14045550199,"Pickup at school is at 3:15 today, can you grab the kids?","2317 Sycamore Blvd, Woodstock, GA",Cherokee,,personal,P3,ARCHIVE
SMS-0747,sms,2026-05-13T11:13:00Z,Tester Buyer-Smith,+14045550199,"Plumber invoice for 2244 Magnolia Ln, Roswell, GA - approving with your sign-off.","2244 Magnolia Ln, Roswell, GA",Fulton,,vendor,P3,Noa
SMS-0748,sms,2026-04-19T07:58:00Z,Tester Buyer-Smith,+14045550199,Considering listing the property in Cobb - can we schedule a CMA?,"3236 Birch Ct, Marietta, GA",Cobb,,seller_lead,P2,Fabi
SMS-0749,sms,2026-04-12T15:25:00Z,Tester Buyer-Smith,+14045550199,"No heat for 2 days now, my baby is freezing. 3246 Cedar Trail, Sugar Hill, GA","3246 Cedar Trail, Sugar Hill, GA",Gwinnett,,tenant_issue,P0,Nathalie
SMS-0750,sms,2026-04-02T14:37:00Z,Tester Buyer-Smith,+14045550199,"Pickup at school is at 3:15 today, can you grab the kids?","3169 Willow Pkwy, Sugar Hill, GA",Gwinnett,,personal,P3,ARCHIVE
SMS-0751,sms,2026-04-15T11:46:00Z,Tester Buyer-Smith,+14045550199,"Appraisal came in at $620k for 9873 Peachtree St, Cumming, GA. Numbers look good.","9873 Peachtree St, Cumming, GA",Forsyth,,deal,P2,Nathalie
SMS-0752,sms,2026-05-01T11:40:00Z,Tester Buyer-Smith,+14045550199,The work order #4421 for the dishwasher - any update?,"9346 Maple Dr, Canton, GA",Cherokee,,maintenance,P2,Noa
SMS-0753,sms,2026-04-11T21:38:00Z,Tester Buyer-Smith,+14045550199,"Counter-offer received on 2572 Sycamore Blvd, Decatur, GA - they want 5k more. What do you think?","2572 Sycamore Blvd, Decatur, GA",DeKalb,,deal,P1,Nathalie
SMS-0754,sms,2026-04-23T03:06:00Z,Tester Buyer-Smith,+14045550199,"Hi Nathalie, I'd like to sell my house at 2177 Birch Ct, Woodstock, GA. What's the market like in Cherokee right now?","2177 Birch Ct, Woodstock, GA",Cherokee,,seller_lead,P2,Fabi
SMS-0755,sms,2026-03-28T08:06:00Z,Tester Buyer-Smith,+14045550199,Need to move ASAP - relocating for work in 3 weeks. Can you call me today?,"9997 Peachtree St, Cumming, GA",Forsyth,,buyer_lead,P1,Fabi
SMS-0756,sms,2026-04-20T11:35:00Z,Tester Buyer-Smith,+14045550199,"Light bulb in the hallway burned out, no rush.","221 Sycamore Blvd, Woodstock, GA",Cherokee,,maintenance,P3,Noa
SMS-0757,sms,2026-04-13T23:17:00Z,Tester Buyer-Smith,+14045550199,"Appraisal came in at $620k for 5414 Cedar Trail, Woodstock, GA. Numbers look good.","5414 Cedar Trail, Woodstock, GA",Cherokee,,deal,P2,Nathalie
SMS-0758,sms,2026-04-26T18:14:00Z,Tester Buyer-Smith,+14045550199,"Hey, want to grab dinner Friday at that new ramen place?","6583 Birch Ct, Smyrna, GA",Cobb,,personal,P3,ARCHIVE
SMS-0759,sms,2026-03-21T23:55:00Z,Tester Buyer-Smith,+14045550199,Atlanta Realtors Network: invitation to our May mixer.,"9170 Pine Rd, Dunwoody, GA",DeKalb,,marketing_promo,P3,ARCHIVE
SMS-0760,sms,2026-04-14T00:18:00Z,Tester Buyer-Smith,+14045550199,"Giving 30 days' notice - moving out by end of next month. 834 Maple Dr, Marietta, GA","834 Maple Dr, Marietta, GA",Cobb,,contract,P1,Noa
SMS-0761,sms,2026-03-27T22:53:00Z,Tester Buyer-Smith,+14045550199,"Hi, I saw the listing at 9007 Magnolia Ln, Marietta, GA. Is it still available? I'd love a tour this weekend.","9007 Magnolia Ln, Marietta, GA",Cobb,,buyer_lead,P2,Fabi
SMS-0762,sms,2026-05-04T02:44:00Z,Tester Buyer-Smith,+14045550199,"Counter-offer received on 1216 Sycamore Blvd, Decatur, GA - they want 5k more. What do you think?","1216 Sycamore Blvd, Decatur, GA",DeKalb,,deal,P1,Nathalie
SMS-0763,sms,2026-03-20T18:08:00Z,Tester Buyer-Smith,+14045550199,"CLAIM YOUR PRIZE NOW - you've won $10,000! Click here: http://scam.example/","7628 Peachtree St, Cumming, GA",Forsyth,,spam,P3,ARCHIVE
SMS-0764,sms,2026-04-20T04:25:00Z,Tester Buyer-Smith,+14045550199,"Can we set up a walkthrough next Tuesday for the move-out at 9664 Birch Ct, Cumming, GA?","9664 Birch Ct, Cumming, GA",Forsyth,,scheduling,P2,Noa
SMS-0765,sms,2026-05-15T18:27:00Z,Tester Buyer-Smith,+14045550199,"Hi Nathalie, I'd like to sell my house at 2194 Maple Dr, Atlanta, GA. What's the market like in Fulton right now?","2194 Maple Dr, Atlanta, GA",Fulton,,seller_lead,P2,Nathalie
SMS-0766,sms,2026-04-18T16:21:00Z,Tester Buyer-Smith,+14045550199,"Pickup at school is at 3:15 today, can you grab the kids?","231 Sycamore Blvd, Roswell, GA",Fulton,,personal,P3,ARCHIVE
SMS-0767,sms,2026-04-20T15:50:00Z,Tester Buyer-Smith,+14045550199,"Appraisal came in at $620k for 3652 Birch Ct, Canton, GA. Numbers look good.","3652 Birch Ct, Canton, GA",Cherokee,,deal,P2,Nathalie
SMS-0768,sms,2026-03-28T23:28:00Z,Tester Buyer-Smith,+14045550199,"Appraisal came in at $620k for 6144 Maple Dr, Atlanta, GA. Numbers look good.","6144 Maple Dr, Atlanta, GA",Fulton,,deal,P2,Nathalie
SMS-0769,sms,2026-04-22T11:42:00Z,Tester Buyer-Smith,+14045550199,The work order #4421 for the dishwasher - any update?,"3127 Oak Ave, Cumming, GA",Forsyth,,maintenance,P2,Noa
SMS-0770,sms,2026-04-27T07:08:00Z,Tester Buyer-Smith,+14045550199,Question on clause 7.b of the contract - what does 'as-is' really mean here?,"8890 Pine Rd, Cumming, GA",Forsyth,,contract,P2,Noa
SMS-0771,sms,2026-05-06T06:02:00Z,Tester Buyer-Smith,+14045550199,"Hey, want to grab dinner Friday at that new ramen place?","731 Oak Ave, Cumming, GA",Forsyth,,personal,P3,ARCHIVE
SMS-0772,sms,2026-04-25T05:25:00Z,Tester Buyer-Smith,+14045550199,"Counter-offer received on 2565 Peachtree St, Canton, GA - they want 5k more. What do you think?","2565 Peachtree St, Canton, GA",Cherokee,,deal,P1,Nathalie
SMS-0773,sms,2026-03-23T06:34:00Z,Tester Buyer-Smith,+14045550199,"Counter-offer received on 4112 Maple Dr, Smyrna, GA - they want 5k more. What do you think?","4112 Maple Dr, Smyrna, GA",Cobb,,deal,P1,Nathalie
SMS-0774,sms,2026-03-22T18:33:00Z,Tester Buyer-Smith,+14045550199,Crypto opportunity - 300% return guaranteed. Reply YES.,"3631 Oak Ave, Woodstock, GA",Cherokee,,spam,P3,ARCHIVE
SMS-0775,sms,2026-05-13T11:04:00Z,Tester Buyer-Smith,+14045550199,Crypto opportunity - 300% return guaranteed. Reply YES.,"7289 Magnolia Ln, Kennesaw, GA",Cobb,,spam,P3,ARCHIVE
SMS-0776,sms,2026-03-19T11:21:00Z,Tester Buyer-Smith,+14045550199,"Running 15 min late to the showing at 1786 Maple Dr, Decatur, GA, please tell the agent.","1786 Maple Dr, Decatur, GA",DeKalb,,showing,P1,Nathalie
SMS-0777,sms,2026-05-16T21:10:00Z,Tester Buyer-Smith,+14045550199,"Running 15 min late to the showing at 5393 Cedar Trail, Marietta, GA, please tell the agent.","5393 Cedar Trail, Marietta, GA",Cobb,,showing,P1,Fabi
SMS-0778,sms,2026-04-03T15:42:00Z,Tester Buyer-Smith,+14045550199,"Running 15 min late to the showing at 7396 Cedar Trail, Dunwoody, GA, please tell the agent.","7396 Cedar Trail, Dunwoody, GA",DeKalb,,showing,P1,Nathalie
SMS-0779,sms,2026-03-27T15:00:00Z,Tester Buyer-Smith,+14045550199,"CLAIM YOUR PRIZE NOW - you've won $10,000! Click here: http://scam.example/","4333 Riverbend Way, Cumming, GA",Forsyth,,spam,P3,ARCHIVE
SMS-0780,sms,2026-03-29T11:49:00Z,Tester Buyer-Smith,+14045550199,"Just confirming the security deposit is $1,500 not $2,000 like the email said.","8265 Riverbend Way, Atlanta, GA",Fulton,,billing,P3,Noa
SMS-0781,sms,2026-04-22T23:50:00Z,Tester Buyer-Smith,+14045550199,"Need your signature on the addendum for 2844 Pine Rd, Smyrna, GA before 5pm.","2844 Pine Rd, Smyrna, GA",Cobb,,contract,P1,Noa
SMS-0782,sms,2026-03-25T23:53:00Z,Tester Buyer-Smith,+14045550199,Are you a real estate agent? Try our new CRM free for 30 days.,"548 Riverbend Way, Brookhaven, GA",DeKalb,,marketing_promo,P3,ARCHIVE
SMS-0783,sms,2026-03-27T01:08:00Z,Tester Buyer-Smith,+14045550199,"Plumber invoice for 3223 Willow Pkwy, Brookhaven, GA - approving with your sign-off.","3223 Willow Pkwy, Brookhaven, GA",DeKalb,,vendor,P3,Noa
SMS-0784,sms,2026-05-03T20:17:00Z,Tester Buyer-Smith,+14045550199,FYI we're out of milk. Can you grab some on the way home?,"3745 Peachtree St, Decatur, GA",DeKalb,,personal,P3,ARCHIVE
SMS-0785,sms,2026-03-22T12:02:00Z,Tester Buyer-Smith,+14045550199,Got a late fee but I have proof I paid on time. Can we sort this out?,"4466 Peachtree St, Cumming, GA",Forsyth,,billing,P2,Noa
SMS-0786,sms,2026-04-11T12:47:00Z,Tester Buyer-Smith,+14045550199,Crypto opportunity - 300% return guaranteed. Reply YES.,"831 Willow Pkwy, Decatur, GA",DeKalb,,spam,P3,ARCHIVE
SMS-0787,sms,2026-04-25T13:22:00Z,Tester Buyer-Smith,+14045550199,Dentist appointment confirmed for Tuesday 2pm.,"4932 Willow Pkwy, Marietta, GA",Cobb,,personal,P3,ARCHIVE
SMS-0788,sms,2026-04-23T15:15:00Z,Tester Buyer-Smith,+14045550199,I'm a Nigerian prince and need your help moving $25M...,"7359 Sycamore Blvd, Smyrna, GA",Cobb,,spam,P3,ARCHIVE
SMS-0789,sms,2026-04-07T18:41:00Z,Tester Buyer-Smith,+14045550199,The dog has a vet appointment Thursday at 10am.,"8415 Riverbend Way, Sugar Hill, GA",Gwinnett,,personal,P3,ARCHIVE
SMS-0790,sms,2026-05-13T20:44:00Z,Tester Buyer-Smith,+14045550199,"HOA sent a notice about new pool hours, forwarding to you.","4542 Cedar Trail, Kennesaw, GA",Cobb,,admin,P3,Noa
SMS-0791,sms,2026-05-14T00:09:00Z,Tester Buyer-Smith,+14045550199,Crypto opportunity - 300% return guaranteed. Reply YES.,"7430 Birch Ct, Lawrenceville, GA",Gwinnett,,spam,P3,ARCHIVE
SMS-0792,sms,2026-05-12T19:34:00Z,Tester Buyer-Smith,+14045550199,Are you a real estate agent? Try our new CRM free for 30 days.,"7308 Pine Rd, Canton, GA",Cherokee,,marketing_promo,P3,ARCHIVE
SMS-0793,sms,2026-05-14T11:59:00Z,Tester Buyer-Smith,+14045550199,"Insurance renewal for 5793 Magnolia Ln, Cumming, GA is due next month.","5793 Magnolia Ln, Cumming, GA",Forsyth,,admin,P3,Noa
SMS-0794,sms,2026-04-02T10:37:00Z,Tester Buyer-Smith,+14045550199,Need to move ASAP - relocating for work in 3 weeks. Can you call me today?,"7528 Magnolia Ln, Cumming, GA",Forsyth,,buyer_lead,P1,Fabi
SMS-0795,sms,2026-04-01T10:01:00Z,Tester Buyer-Smith,+14045550199,Looking for a 3BR/2BA in Gwinnett county under $550k. Do you have anything coming up?,"9850 Pine Rd, Lawrenceville, GA",Gwinnett,,buyer_lead,P2,Fabi
SMS-0796,sms,2026-04-29T12:48:00Z,Tester Buyer-Smith,+14045550199,"Counter-offer received on 5881 Birch Ct, Canton, GA - they want 5k more. What do you think?","5881 Birch Ct, Canton, GA",Cherokee,,deal,P1,Nathalie
SMS-0797,sms,2026-05-14T06:55:00Z,Tester Buyer-Smith,+14045550199,"Just confirming the security deposit is $1,500 not $2,000 like the email said.","4036 Riverbend Way, Canton, GA",Cherokee,,billing,P3,Noa
SMS-0798,sms,2026-04-19T06:49:00Z,Tester Buyer-Smith,+14045550199,"Pickup at school is at 3:15 today, can you grab the kids?","2182 Willow Pkwy, Kennesaw, GA",Cobb,,personal,P3,ARCHIVE
SMS-0799,sms,2026-04-06T15:09:00Z,Tester Buyer-Smith,+14045550199,Boost your listings with our premium photography package.,"2692 Sycamore Blvd, Woodstock, GA",Cherokee,,marketing_promo,P3,ARCHIVE
SMS-0800,sms,2026-04-16T12:03:00Z,Tester Buyer-Smith,+14045550199,"Appraisal came in at $620k for 3668 Peachtree St, Kennesaw, GA. Numbers look good.","3668 Peachtree St, Kennesaw, GA",Cobb,,deal,P2,Nathalie
SMS-0801,sms,2026-04-15T10:43:00Z,Tester Buyer-Smith,+14045550199,"Hey, want to grab dinner Friday at that new ramen place?","2891 Birch Ct, Smyrna, GA",Cobb,,personal,P3,ARCHIVE
SMS-0802,sms,2026-03-28T05:45:00Z,Tester Buyer-Smith,+14045550199,"Light bulb in the hallway burned out, no rush.","565 Pine Rd, Canton, GA",Cherokee,,maintenance,P3,Noa
SMS-0803,sms,2026-04-27T17:08:00Z,Tester Buyer-Smith,+14045550199,"Need your signature on the addendum for 8752 Magnolia Ln, Duluth, GA before 5pm.","8752 Magnolia Ln, Duluth, GA",Gwinnett,,contract,P1,Noa
SMS-0804,sms,2026-05-17T07:58:00Z,Tester Buyer-Smith,+14045550199,The dog has a vet appointment Thursday at 10am.,"691 Riverbend Way, Woodstock, GA",Cherokee,,personal,P3,ARCHIVE
SMS-0805,sms,2026-03-28T12:58:00Z,Tester Buyer-Smith,+14045550199,"Running 15 min late to the showing at 308 Oak Ave, Smyrna, GA, please tell the agent.","308 Oak Ave, Smyrna, GA",Cobb,,showing,P1,Fabi
SMS-0806,sms,2026-05-10T05:01:00Z,Tester Buyer-Smith,+14045550199,"Bathroom faucet is dripping non-stop, can a plumber come look?","8930 Birch Ct, Smyrna, GA",Cobb,,tenant_issue,P2,Nathalie
SMS-0807,sms,2026-04-04T21:24:00Z,Tester Buyer-Smith,+14045550199,Dentist appointment confirmed for Tuesday 2pm.,"8654 Magnolia Ln, Woodstock, GA",Cherokee,,personal,P3,ARCHIVE
SMS-0808,sms,2026-04-25T00:08:00Z,Tester Buyer-Smith,+14045550199,The dog has a vet appointment Thursday at 10am.,"6280 Magnolia Ln, Cumming, GA",Forsyth,,personal,P3,ARCHIVE
SMS-0809,sms,2026-03-24T21:28:00Z,Tester Buyer-Smith,+14045550199,The dog has a vet appointment Thursday at 10am.,"5749 Oak Ave, Sugar Hill, GA",Gwinnett,,personal,P3,ARCHIVE
SMS-0810,sms,2026-03-22T02:30:00Z,Tester Buyer-Smith,+14045550199,"Light bulb in the hallway burned out, no rush.","3829 Magnolia Ln, Marietta, GA",Cobb,,maintenance,P3,Noa
SMS-0811,sms,2026-05-01T08:28:00Z,Tester Buyer-Smith,+14045550199,"Bathroom faucet is dripping non-stop, can a plumber come look?","5758 Sycamore Blvd, Canton, GA",Cherokee,,tenant_issue,P2,Nathalie
SMS-0812,sms,2026-03-29T17:09:00Z,Tester Buyer-Smith,+14045550199,"Appraisal came in at $620k for 1942 Pine Rd, Brookhaven, GA. Numbers look good.","1942 Pine Rd, Brookhaven, GA",DeKalb,,deal,P2,Nathalie
SMS-0813,sms,2026-04-04T19:55:00Z,Tester Buyer-Smith,+14045550199,"Pickup at school is at 3:15 today, can you grab the kids?","5878 Peachtree St, Sugar Hill, GA",Gwinnett,,personal,P3,ARCHIVE
SMS-0814,sms,2026-04-04T19:07:00Z,Tester Buyer-Smith,+14045550199,"Hi Nathalie, I'd like to sell my house at 2642 Oak Ave, Lawrenceville, GA. What's the market like in Gwinnett right now?","2642 Oak Ave, Lawrenceville, GA",Gwinnett,,seller_lead,P2,Fabi
SMS-0815,sms,2026-05-09T14:24:00Z,Tester Buyer-Smith,+14045550199,"EMERGENCY - water is pouring from the ceiling in unit at 7644 Riverbend Way, Sugar Hill, GA!!","7644 Riverbend Way, Sugar Hill, GA",Gwinnett,,tenant_issue,P0,Nathalie
SMS-0816,sms,2026-04-27T20:41:00Z,Tester Buyer-Smith,+14045550199,Closing tomorrow at 9am and the wire instructions look wrong - help!,"3129 Peachtree St, Dunwoody, GA",DeKalb,,deal,P0,Nathalie
SMS-0817,sms,2026-05-16T08:11:00Z,Tester Buyer-Smith,+14045550199,"I'm at 6760 Cedar Trail, Cumming, GA but the door is locked. Are you on the way?","6760 Cedar Trail, Cumming, GA",Forsyth,,showing,P1,Fabi
SMS-0818,sms,2026-04-20T16:00:00Z,Tester Buyer-Smith,+14045550199,Atlanta Realtors Network: invitation to our May mixer.,"2695 Birch Ct, Decatur, GA",DeKalb,,marketing_promo,P3,ARCHIVE
SMS-0819,sms,2026-04-10T23:48:00Z,Tester Buyer-Smith,+14045550199,"EMERGENCY - water is pouring from the ceiling in unit at 9222 Magnolia Ln, Roswell, GA!!","9222 Magnolia Ln, Roswell, GA",Fulton,,tenant_issue,P0,Nathalie
SMS-0820,sms,2026-03-24T13:13:00Z,Tester Buyer-Smith,+14045550199,Boost your listings with our premium photography package.,"7565 Cedar Trail, Cumming, GA",Forsyth,,marketing_promo,P3,ARCHIVE
SMS-0821,sms,2026-03-24T19:16:00Z,Tester Buyer-Smith,+14045550199,Boost your listings with our premium photography package.,"6451 Riverbend Way, Smyrna, GA",Cobb,,marketing_promo,P3,ARCHIVE
SMS-0822,sms,2026-05-16T01:43:00Z,Tester Buyer-Smith,+14045550199,Dentist appointment confirmed for Tuesday 2pm.,"4511 Willow Pkwy, Marietta, GA",Cobb,,personal,P3,ARCHIVE
SMS-0823,sms,2026-04-30T07:40:00Z,Tester Buyer-Smith,+14045550199,I paid rent on the 1st but it doesn't show in the portal yet.,"5337 Magnolia Ln, Cumming, GA",Forsyth,,billing,P2,Noa
SMS-0824,sms,2026-05-01T16:04:00Z,Tester Buyer-Smith,+14045550199,"Pickup at school is at 3:15 today, can you grab the kids?","4088 Birch Ct, Sugar Hill, GA",Gwinnett,,personal,P3,ARCHIVE
SMS-0825,sms,2026-03-29T14:56:00Z,Tester Buyer-Smith,+14045550199,"EMERGENCY - water is pouring from the ceiling in unit at 7806 Peachtree St, Decatur, GA!!","7806 Peachtree St, Decatur, GA",DeKalb,,tenant_issue,P0,Nathalie
SMS-0826,sms,2026-04-26T20:58:00Z,Tester Buyer-Smith,+14045550199,"Pickup at school is at 3:15 today, can you grab the kids?","1898 Riverbend Way, Woodstock, GA",Cherokee,,personal,P3,ARCHIVE
SMS-0827,sms,2026-05-10T08:08:00Z,Tester Buyer-Smith,+14045550199,"Just confirming the security deposit is $1,500 not $2,000 like the email said.","8407 Maple Dr, Sugar Hill, GA",Gwinnett,,billing,P3,Noa
SMS-0828,sms,2026-05-10T22:16:00Z,Tester Buyer-Smith,+14045550199,"Vendor said they'd be here at 10am, no show. Can you check on them?","348 Sycamore Blvd, Atlanta, GA",Fulton,,maintenance,P2,Noa
SMS-0829,sms,2026-03-26T15:37:00Z,Tester Buyer-Smith,+14045550199,"Insurance renewal for 5534 Magnolia Ln, Brookhaven, GA is due next month.","5534 Magnolia Ln, Brookhaven, GA",DeKalb,,admin,P3,Noa
SMS-0830,sms,2026-04-08T19:45:00Z,Tester Buyer-Smith,+14045550199,"Need your signature on the addendum for 7968 Peachtree St, Cumming, GA before 5pm.","7968 Peachtree St, Cumming, GA",Forsyth,,contract,P1,Noa
SMS-0831,sms,2026-05-03T14:42:00Z,Tester Buyer-Smith,+14045550199,The dog has a vet appointment Thursday at 10am.,"8121 Birch Ct, Marietta, GA",Cobb,,personal,P3,ARCHIVE
SMS-0832,sms,2026-04-02T04:14:00Z,Tester Buyer-Smith,+14045550199,Yoga class moved to 7am tomorrow. Want to come?,"2791 Oak Ave, Duluth, GA",Gwinnett,,personal,P3,ARCHIVE
SMS-0833,sms,2026-04-01T23:26:00Z,Tester Buyer-Smith,+14045550199,"Need to renew the lease at 3033 Maple Dr, Canton, GA. Can you send the renewal terms?","3033 Maple Dr, Canton, GA",Cherokee,,contract,P2,Noa
SMS-0834,sms,2026-05-03T09:37:00Z,Tester Buyer-Smith,+14045550199,"Can we set up a walkthrough next Tuesday for the move-out at 8786 Oak Ave, Sugar Hill, GA?","8786 Oak Ave, Sugar Hill, GA",Gwinnett,,scheduling,P2,Noa
SMS-0835,sms,2026-04-02T17:29:00Z,Tester Buyer-Smith,+14045550199,I paid rent on the 1st but it doesn't show in the portal yet.,"5806 Maple Dr, Marietta, GA",Cobb,,billing,P2,Noa
SMS-0836,sms,2026-05-11T00:38:00Z,Tester Buyer-Smith,+14045550199,Considering listing the property in Cherokee - can we schedule a CMA?,"1340 Cedar Trail, Woodstock, GA",Cherokee,,seller_lead,P2,Fabi
SMS-0837,sms,2026-05-07T12:24:00Z,Tester Buyer-Smith,+14045550199,"Neighbor in unit B has been playing loud music until 2am for a week. 4852 Cedar Trail, Cumming, GA","4852 Cedar Trail, Cumming, GA",Forsyth,,tenant_issue,P2,Nathalie
SMS-0838,sms,2026-03-29T02:33:00Z,Tester Buyer-Smith,+14045550199,"Appraisal came in at $620k for 4113 Birch Ct, Smyrna, GA. Numbers look good.","4113 Birch Ct, Smyrna, GA",Cobb,,deal,P2,Nathalie
SMS-0839,sms,2026-04-22T08:14:00Z,Tester Buyer-Smith,+14045550199,"HOA sent a notice about new pool hours, forwarding to you.","6552 Birch Ct, Brookhaven, GA",DeKalb,,admin,P3,Noa
SMS-0840,sms,2026-03-18T12:41:00Z,Tester Buyer-Smith,+14045550199,Urgent: your bank account needs verification. Visit https://phish.example/,"4743 Cedar Trail, Marietta, GA",Cobb,,spam,P3,ARCHIVE
SMS-0841,sms,2026-03-26T01:42:00Z,Tester Buyer-Smith,+14045550199,"AC stopped cooling at 7898 Cedar Trail, Sandy Springs, GA. Indoor temp is 84F.","7898 Cedar Trail, Sandy Springs, GA",Fulton,,tenant_issue,P1,Nathalie
SMS-0842,sms,2026-05-09T11:47:00Z,Tester Buyer-Smith,+14045550199,I paid rent on the 1st but it doesn't show in the portal yet.,"5355 Maple Dr, Kennesaw, GA",Cobb,,billing,P2,Noa
SMS-0843,sms,2026-04-28T15:27:00Z,Tester Buyer-Smith,+14045550199,Need to move ASAP - relocating for work in 3 weeks. Can you call me today?,"8483 Oak Ave, Cumming, GA",Forsyth,,buyer_lead,P1,Fabi
SMS-0844,sms,2026-03-21T04:48:00Z,Tester Buyer-Smith,+14045550199,"Could you send me the seller's disclosure for 1331 Oak Ave, Canton, GA (MLS MLS-7283453)?","1331 Oak Ave, Canton, GA",Cherokee,MLS-7283453,document,P2,Noa
SMS-0845,sms,2026-04-23T07:14:00Z,Tester Buyer-Smith,+14045550199,"Appraisal came in at $620k for 9296 Riverbend Way, Sandy Springs, GA. Numbers look good.","9296 Riverbend Way, Sandy Springs, GA",Fulton,,deal,P2,Nathalie
SMS-0846,sms,2026-04-18T08:36:00Z,Tester Buyer-Smith,+14045550199,"Vendor said they'd be here at 10am, no show. Can you check on them?","4117 Maple Dr, Sugar Hill, GA",Gwinnett,,maintenance,P2,Noa
SMS-0847,sms,2026-03-25T11:46:00Z,Tester Buyer-Smith,+14045550199,Your monthly newsletter from RealEstateDigest is here.,"4926 Birch Ct, Duluth, GA",Gwinnett,,marketing_promo,P3,ARCHIVE
SMS-0848,sms,2026-04-17T05:10:00Z,Tester Buyer-Smith,+14045550199,Dentist appointment confirmed for Tuesday 2pm.,"5583 Oak Ave, Dunwoody, GA",DeKalb,,personal,P3,ARCHIVE
SMS-0849,sms,2026-05-10T16:39:00Z,Tester Buyer-Smith,+14045550199,"Bathroom faucet is dripping non-stop, can a plumber come look?","9466 Maple Dr, Cumming, GA",Forsyth,,tenant_issue,P2,Nathalie
SMS-0850,sms,2026-05-06T15:31:00Z,Tester Buyer-Smith,+14045550199,"Running 15 min late to the showing at 9655 Maple Dr, Woodstock, GA, please tell the agent.","9655 Maple Dr, Woodstock, GA",Cherokee,,showing,P1,Fabi
SMS-0851,sms,2026-05-03T17:38:00Z,Tester Buyer-Smith,+14045550199,"Our offer on 1193 Riverbend Way, Smyrna, GA expires at 5pm today, can you confirm acceptance??","1193 Riverbend Way, Smyrna, GA",Cobb,,buyer_lead,P0,Fabi
SMS-0852,sms,2026-04-18T18:54:00Z,Tester Buyer-Smith,+14045550199,"Counter-offer received on 7303 Oak Ave, Sandy Springs, GA - they want 5k more. What do you think?","7303 Oak Ave, Sandy Springs, GA",Fulton,,deal,P1,Nathalie
SMS-0853,sms,2026-04-04T15:25:00Z,Tester Buyer-Smith,+14045550199,Your monthly newsletter from RealEstateDigest is here.,"1049 Maple Dr, Smyrna, GA",Cobb,,marketing_promo,P3,ARCHIVE
SMS-0854,sms,2026-05-05T20:20:00Z,Tester Buyer-Smith,+14045550199,Yoga class moved to 7am tomorrow. Want to come?,"7185 Willow Pkwy, Kennesaw, GA",Cobb,,personal,P3,ARCHIVE
SMS-0855,sms,2026-03-28T17:50:00Z,Tester Buyer-Smith,+14045550199,I'm a Nigerian prince and need your help moving $25M...,"5057 Cedar Trail, Cumming, GA",Forsyth,,spam,P3,ARCHIVE
SMS-0856,sms,2026-04-09T00:10:00Z,Tester Buyer-Smith,+14045550199,Looking for a 3BR/2BA in Cobb county under $550k. Do you have anything coming up?,"3265 Peachtree St, Kennesaw, GA",Cobb,,buyer_lead,P2,Fabi
SMS-0857,sms,2026-04-10T22:26:00Z,Tester Buyer-Smith,+14045550199,Need to move ASAP - relocating for work in 3 weeks. Can you call me today?,"6071 Riverbend Way, Duluth, GA",Gwinnett,,buyer_lead,P1,Fabi
SMS-0858,sms,2026-04-26T15:22:00Z,Tester Buyer-Smith,+14045550199,"Plumber invoice for 9737 Maple Dr, Cumming, GA - approving with your sign-off.","9737 Maple Dr, Cumming, GA",Forsyth,,vendor,P3,Noa
SMS-0859,sms,2026-04-01T17:08:00Z,Tester Buyer-Smith,+14045550199,Mom's birthday is next week - did you order the cake?,"5765 Cedar Trail, Marietta, GA",Cobb,,personal,P3,ARCHIVE
SMS-0860,sms,2026-03-26T14:28:00Z,Tester Buyer-Smith,+14045550199,Your monthly newsletter from RealEstateDigest is here.,"2821 Sycamore Blvd, Smyrna, GA",Cobb,,marketing_promo,P3,ARCHIVE
SMS-0861,sms,2026-03-26T11:51:00Z,Tester Buyer-Smith,+14045550199,Saw a roach in the kitchen - can pest control come this week?,"5353 Willow Pkwy, Decatur, GA",DeKalb,,tenant_issue,P2,Nathalie
SMS-0862,sms,2026-05-09T20:09:00Z,Tester Buyer-Smith,+14045550199,Question on clause 7.b of the contract - what does 'as-is' really mean here?,"6849 Peachtree St, Cumming, GA",Forsyth,,contract,P2,Noa
SMS-0863,sms,2026-05-09T09:33:00Z,Tester Buyer-Smith,+14045550199,Need to move ASAP - relocating for work in 3 weeks. Can you call me today?,"8347 Willow Pkwy, Duluth, GA",Gwinnett,,buyer_lead,P1,Fabi
SMS-0864,sms,2026-04-20T16:41:00Z,Tester Buyer-Smith,+14045550199,Dentist appointment confirmed for Tuesday 2pm.,"6013 Peachtree St, Sandy Springs, GA",Fulton,,personal,P3,ARCHIVE
SMS-0865,sms,2026-03-25T11:35:00Z,Tester Buyer-Smith,+14045550199,"Vendor said they'd be here at 10am, no show. Can you check on them?","8776 Peachtree St, Cumming, GA",Forsyth,,maintenance,P2,Noa
SMS-0866,sms,2026-05-06T19:30:00Z,Tester Buyer-Smith,+14045550199,"Hi Nathalie, I'd like to sell my house at 1762 Peachtree St, Cumming, GA. What's the market like in Forsyth right now?","1762 Peachtree St, Cumming, GA",Forsyth,,seller_lead,P2,Fabi
SMS-0867,sms,2026-03-30T05:47:00Z,Tester Buyer-Smith,+14045550199,Boost your listings with our premium photography package.,"8616 Peachtree St, Canton, GA",Cherokee,,marketing_promo,P3,ARCHIVE
SMS-0868,sms,2026-03-29T10:03:00Z,Tester Buyer-Smith,+14045550199,Saw a roach in the kitchen - can pest control come this week?,"7015 Pine Rd, Cumming, GA",Forsyth,,tenant_issue,P2,Nathalie
SMS-0869,sms,2026-04-30T21:09:00Z,Tester Buyer-Smith,+14045550199,"Can we set up a walkthrough next Tuesday for the move-out at 2510 Magnolia Ln, Smyrna, GA?","2510 Magnolia Ln, Smyrna, GA",Cobb,,scheduling,P2,Noa
SMS-0870,sms,2026-03-23T12:09:00Z,Tester Buyer-Smith,+14045550199,"Pickup at school is at 3:15 today, can you grab the kids?","1049 Cedar Trail, Kennesaw, GA",Cobb,,personal,P3,ARCHIVE
SMS-0871,sms,2026-03-20T18:02:00Z,Tester Buyer-Smith,+14045550199,"The painter quoted $1,800 for unit B at 6077 Riverbend Way, Sugar Hill, GA - does that look right?","6077 Riverbend Way, Sugar Hill, GA",Gwinnett,,vendor,P2,Noa
SMS-0872,sms,2026-05-12T04:20:00Z,Tester Buyer-Smith,+14045550199,"EMERGENCY - water is pouring from the ceiling in unit at 824 Birch Ct, Kennesaw, GA!!","824 Birch Ct, Kennesaw, GA",Cobb,,tenant_issue,P0,Nathalie
SMS-0873,sms,2026-03-29T03:14:00Z,Tester Buyer-Smith,+14045550199,"Neighbor in unit B has been playing loud music until 2am for a week. 8645 Maple Dr, Kennesaw, GA","8645 Maple Dr, Kennesaw, GA",Cobb,,tenant_issue,P2,Nathalie
SMS-0874,sms,2026-04-20T14:17:00Z,Tester Buyer-Smith,+14045550199,"Hi Nathalie, I'd like to sell my house at 7005 Birch Ct, Cumming, GA. What's the market like in Forsyth right now?","7005 Birch Ct, Cumming, GA",Forsyth,,seller_lead,P2,Fabi
SMS-0875,sms,2026-05-07T23:10:00Z,Tester Buyer-Smith,+14045550199,FYI we're out of milk. Can you grab some on the way home?,"939 Magnolia Ln, Lawrenceville, GA",Gwinnett,,personal,P3,ARCHIVE
SMS-0876,sms,2026-05-13T15:16:00Z,Tester Buyer-Smith,+14045550199,Question on clause 7.b of the contract - what does 'as-is' really mean here?,"3408 Birch Ct, Marietta, GA",Cobb,,contract,P2,Noa
SMS-0877,sms,2026-03-25T10:24:00Z,Tester Buyer-Smith,+14045550199,Atlanta Realtors Network: invitation to our May mixer.,"1078 Sycamore Blvd, Cumming, GA",Forsyth,,marketing_promo,P3,ARCHIVE
SMS-0878,sms,2026-04-17T04:08:00Z,Tester Buyer-Smith,+14045550199,"Can we set up a walkthrough next Tuesday for the move-out at 5757 Riverbend Way, Cumming, GA?","5757 Riverbend Way, Cumming, GA",Forsyth,,scheduling,P2,Noa
SMS-0879,sms,2026-04-24T13:25:00Z,Tester Buyer-Smith,+14045550199,Urgent: your bank account needs verification. Visit https://phish.example/,"7250 Riverbend Way, Decatur, GA",DeKalb,,spam,P3,ARCHIVE
SMS-0880,sms,2026-03-23T18:14:00Z,Tester Buyer-Smith,+14045550199,Your monthly newsletter from RealEstateDigest is here.,"3325 Birch Ct, Marietta, GA",Cobb,,marketing_promo,P3,ARCHIVE
SMS-0881,sms,2026-05-06T11:50:00Z,Tester Buyer-Smith,+14045550199,"Plumber invoice for 1588 Maple Dr, Sugar Hill, GA - approving with your sign-off.","1588 Maple Dr, Sugar Hill, GA",Gwinnett,,vendor,P3,Noa
SMS-0882,sms,2026-04-05T17:39:00Z,Tester Buyer-Smith,+14045550199,"Bathroom faucet is dripping non-stop, can a plumber come look?","9794 Magnolia Ln, Duluth, GA",Gwinnett,,tenant_issue,P2,Nathalie
SMS-0883,sms,2026-04-19T23:14:00Z,Tester Buyer-Smith,+14045550199,"CLAIM YOUR PRIZE NOW - you've won $10,000! Click here: http://scam.example/","7220 Birch Ct, Roswell, GA",Fulton,,spam,P3,ARCHIVE
SMS-0884,sms,2026-04-05T19:54:00Z,Tester Buyer-Smith,+14045550199,Yoga class moved to 7am tomorrow. Want to come?,"3339 Pine Rd, Canton, GA",Cherokee,,personal,P3,ARCHIVE
SMS-0885,sms,2026-05-11T21:04:00Z,Tester Buyer-Smith,+14045550199,"Hi, I saw the listing at 149 Birch Ct, Atlanta, GA. Is it still available? I'd love a tour this weekend.","149 Birch Ct, Atlanta, GA",Fulton,,buyer_lead,P2,Nathalie
SMS-0886,sms,2026-04-20T16:54:00Z,Tester Buyer-Smith,+14045550199,The dog has a vet appointment Thursday at 10am.,"206 Peachtree St, Woodstock, GA",Cherokee,,personal,P3,ARCHIVE
SMS-0887,sms,2026-04-28T01:06:00Z,Tester Buyer-Smith,+14045550199,FYI we're out of milk. Can you grab some on the way home?,"9133 Riverbend Way, Smyrna, GA",Cobb,,personal,P3,ARCHIVE
SMS-0888,sms,2026-04-29T20:56:00Z,Tester Buyer-Smith,+14045550199,Are you a real estate agent? Try our new CRM free for 30 days.,"5239 Sycamore Blvd, Brookhaven, GA",DeKalb,,marketing_promo,P3,ARCHIVE
SMS-0889,sms,2026-03-25T00:27:00Z,Tester Buyer-Smith,+14045550199,Crypto opportunity - 300% return guaranteed. Reply YES.,"5922 Riverbend Way, Canton, GA",Cherokee,,spam,P3,ARCHIVE
SMS-0890,sms,2026-03-26T22:07:00Z,Tester Buyer-Smith,+14045550199,FYI we're out of milk. Can you grab some on the way home?,"8389 Birch Ct, Sugar Hill, GA",Gwinnett,,personal,P3,ARCHIVE
SMS-0891,sms,2026-04-23T03:52:00Z,Tester Buyer-Smith,+14045550199,"Running 15 min late to the showing at 3707 Sycamore Blvd, Roswell, GA, please tell the agent.","3707 Sycamore Blvd, Roswell, GA",Fulton,,showing,P1,Nathalie
SMS-0892,sms,2026-04-12T05:09:00Z,Tester Buyer-Smith,+14045550199,"The painter quoted $1,800 for unit B at 4826 Pine Rd, Canton, GA - does that look right?","4826 Pine Rd, Canton, GA",Cherokee,,vendor,P2,Noa
SMS-0893,sms,2026-04-03T18:28:00Z,Tester Buyer-Smith,+14045550199,"Hey, want to grab dinner Friday at that new ramen place?","6105 Maple Dr, Dunwoody, GA",DeKalb,,personal,P3,ARCHIVE
SMS-0894,sms,2026-05-05T18:22:00Z,Tester Buyer-Smith,+14045550199,"Giving 30 days' notice - moving out by end of next month. 7868 Oak Ave, Canton, GA","7868 Oak Ave, Canton, GA",Cherokee,,contract,P1,Noa
SMS-0895,sms,2026-05-13T12:11:00Z,Tester Buyer-Smith,+14045550199,FYI we're out of milk. Can you grab some on the way home?,"7193 Oak Ave, Decatur, GA",DeKalb,,personal,P3,ARCHIVE
SMS-0896,sms,2026-05-16T22:39:00Z,Tester Buyer-Smith,+14045550199,Are you a real estate agent? Try our new CRM free for 30 days.,"9205 Peachtree St, Woodstock, GA",Cherokee,,marketing_promo,P3,ARCHIVE
SMS-0897,sms,2026-05-11T10:48:00Z,Tester Buyer-Smith,+14045550199,"Counter-offer received on 7800 Sycamore Blvd, Cumming, GA - they want 5k more. What do you think?","7800 Sycamore Blvd, Cumming, GA",Forsyth,,deal,P1,Nathalie
SMS-0898,sms,2026-04-02T23:31:00Z,Tester Buyer-Smith,+14045550199,Crypto opportunity - 300% return guaranteed. Reply YES.,"7899 Cedar Trail, Dunwoody, GA",DeKalb,,spam,P3,ARCHIVE
SMS-0899,sms,2026-04-06T12:47:00Z,Tester Buyer-Smith,+14045550199,"Light bulb in the hallway burned out, no rush.","8591 Pine Rd, Brookhaven, GA",DeKalb,,maintenance,P3,Noa
SMS-0900,sms,2026-05-08T17:29:00Z,Tester Buyer-Smith,+14045550199,"No heat for 2 days now, my baby is freezing. 9932 Cedar Trail, Cumming, GA","9932 Cedar Trail, Cumming, GA",Forsyth,,tenant_issue,P0,Nathalie
SMS-0901,sms,2026-03-23T15:32:00Z,Tester Buyer-Smith,+14045550199,Atlanta Realtors Network: invitation to our May mixer.,"5904 Cedar Trail, Roswell, GA",Fulton,,marketing_promo,P3,ARCHIVE
SMS-0902,sms,2026-05-08T18:19:00Z,Tester Buyer-Smith,+14045550199,The dog has a vet appointment Thursday at 10am.,"8109 Cedar Trail, Lawrenceville, GA",Gwinnett,,personal,P3,ARCHIVE
SMS-0903,sms,2026-04-21T23:08:00Z,Tester Buyer-Smith,+14045550199,Looking for a 3BR/2BA in DeKalb county under $550k. Do you have anything coming up?,"1221 Peachtree St, Decatur, GA",DeKalb,,buyer_lead,P2,Nathalie
SMS-0904,sms,2026-03-20T08:10:00Z,Tester Buyer-Smith,+14045550199,"Need to renew the lease at 4978 Pine Rd, Cumming, GA. Can you send the renewal terms?","4978 Pine Rd, Cumming, GA",Forsyth,,contract,P2,Noa
SMS-0905,sms,2026-03-25T16:45:00Z,Tester Buyer-Smith,+14045550199,"Need your signature on the addendum for 6754 Peachtree St, Sugar Hill, GA before 5pm.","6754 Peachtree St, Sugar Hill, GA",Gwinnett,,contract,P1,Noa
SMS-0906,sms,2026-03-29T17:09:00Z,Tester Buyer-Smith,+14045550199,Atlanta Realtors Network: invitation to our May mixer.,"1152 Cedar Trail, Cumming, GA",Forsyth,,marketing_promo,P3,ARCHIVE
SMS-0907,sms,2026-04-05T06:15:00Z,Tester Buyer-Smith,+14045550199,"HOA sent a notice about new pool hours, forwarding to you.","5107 Willow Pkwy, Canton, GA",Cherokee,,admin,P3,Noa
SMS-0908,sms,2026-03-24T14:30:00Z,Tester Buyer-Smith,+14045550199,"No heat for 2 days now, my baby is freezing. 2757 Maple Dr, Sandy Springs, GA","2757 Maple Dr, Sandy Springs, GA",Fulton,,tenant_issue,P0,Nathalie
SMS-0909,sms,2026-04-09T00:49:00Z,Tester Buyer-Smith,+14045550199,"Appraisal came in at $620k for 3529 Peachtree St, Dunwoody, GA. Numbers look good.","3529 Peachtree St, Dunwoody, GA",DeKalb,,deal,P2,Nathalie
SMS-0910,sms,2026-04-13T00:45:00Z,Tester Buyer-Smith,+14045550199,Boost your listings with our premium photography package.,"3710 Cedar Trail, Cumming, GA",Forsyth,,marketing_promo,P3,ARCHIVE
SMS-0911,sms,2026-05-15T17:15:00Z,Tester Buyer-Smith,+14045550199,The dog has a vet appointment Thursday at 10am.,"7753 Sycamore Blvd, Decatur, GA",DeKalb,,personal,P3,ARCHIVE
SMS-0912,sms,2026-03-27T00:33:00Z,Tester Buyer-Smith,+14045550199,Need to move ASAP - relocating for work in 3 weeks. Can you call me today?,"9774 Maple Dr, Sandy Springs, GA",Fulton,,buyer_lead,P1,Nathalie
SMS-0913,sms,2026-04-26T07:17:00Z,Tester Buyer-Smith,+14045550199,"Neighbor in unit B has been playing loud music until 2am for a week. 8638 Magnolia Ln, Roswell, GA","8638 Magnolia Ln, Roswell, GA",Fulton,,tenant_issue,P2,Nathalie
SMS-0914,sms,2026-04-02T20:14:00Z,Tester Buyer-Smith,+14045550199,I paid rent on the 1st but it doesn't show in the portal yet.,"6214 Oak Ave, Decatur, GA",DeKalb,,billing,P2,Noa
SMS-0915,sms,2026-04-15T14:42:00Z,Tester Buyer-Smith,+14045550199,"Hi, I saw the listing at 1130 Birch Ct, Lawrenceville, GA. Is it still available? I'd love a tour this weekend.","1130 Birch Ct, Lawrenceville, GA",Gwinnett,,buyer_lead,P2,Fabi
SMS-0916,sms,2026-05-01T16:08:00Z,Tester Buyer-Smith,+14045550199,Yoga class moved to 7am tomorrow. Want to come?,"1797 Birch Ct, Marietta, GA",Cobb,,personal,P3,ARCHIVE
SMS-0917,sms,2026-04-20T04:17:00Z,Tester Buyer-Smith,+14045550199,"Appraisal came in at $620k for 5774 Willow Pkwy, Cumming, GA. Numbers look good.","5774 Willow Pkwy, Cumming, GA",Forsyth,,deal,P2,Nathalie
SMS-0918,sms,2026-03-28T02:11:00Z,Tester Buyer-Smith,+14045550199,I paid rent on the 1st but it doesn't show in the portal yet.,"5396 Maple Dr, Lawrenceville, GA",Gwinnett,,billing,P2,Noa
SMS-0919,sms,2026-05-05T02:38:00Z,Tester Buyer-Smith,+14045550199,Are you a real estate agent? Try our new CRM free for 30 days.,"5565 Cedar Trail, Cumming, GA",Forsyth,,marketing_promo,P3,ARCHIVE
SMS-0920,sms,2026-04-19T11:44:00Z,Tester Buyer-Smith,+14045550199,The work order #4421 for the dishwasher - any update?,"8124 Willow Pkwy, Brookhaven, GA",DeKalb,,maintenance,P2,Noa
SMS-0921,sms,2026-05-03T00:19:00Z,Tester Buyer-Smith,+14045550199,"Counter-offer received on 7919 Peachtree St, Brookhaven, GA - they want 5k more. What do you think?","7919 Peachtree St, Brookhaven, GA",DeKalb,,deal,P1,Nathalie
SMS-0922,sms,2026-05-10T01:13:00Z,Tester Buyer-Smith,+14045550199,Your monthly newsletter from RealEstateDigest is here.,"1452 Pine Rd, Roswell, GA",Fulton,,marketing_promo,P3,ARCHIVE
SMS-0923,sms,2026-04-17T04:16:00Z,Tester Buyer-Smith,+14045550199,"EMERGENCY - water is pouring from the ceiling in unit at 2956 Magnolia Ln, Sugar Hill, GA!!","2956 Magnolia Ln, Sugar Hill, GA",Gwinnett,,tenant_issue,P0,Nathalie
SMS-0924,sms,2026-04-21T11:30:00Z,Tester Buyer-Smith,+14045550199,Got the inspection report back. There are 3 items I'd like to negotiate.,"6434 Cedar Trail, Sandy Springs, GA",Fulton,,deal,P1,Nathalie
SMS-0925,sms,2026-04-16T14:48:00Z,Tester Buyer-Smith,+14045550199,"Gas leak smell in the apartment, I called 911. 3844 Peachtree St, Cumming, GA","3844 Peachtree St, Cumming, GA",Forsyth,,tenant_issue,P0,Nathalie
SMS-0926,sms,2026-05-08T11:11:00Z,Tester Buyer-Smith,+14045550199,"Vendor said they'd be here at 10am, no show. Can you check on them?","2696 Pine Rd, Duluth, GA",Gwinnett,,maintenance,P2,Noa
SMS-0927,sms,2026-05-06T18:45:00Z,Tester Buyer-Smith,+14045550199,The dog has a vet appointment Thursday at 10am.,"1962 Magnolia Ln, Marietta, GA",Cobb,,personal,P3,ARCHIVE
SMS-0928,sms,2026-03-30T12:46:00Z,Tester Buyer-Smith,+14045550199,"Need to renew the lease at 7496 Cedar Trail, Marietta, GA. Can you send the renewal terms?","7496 Cedar Trail, Marietta, GA",Cobb,,contract,P2,Noa
SMS-0929,sms,2026-04-01T05:35:00Z,Tester Buyer-Smith,+14045550199,"Bathroom faucet is dripping non-stop, can a plumber come look?","3083 Oak Ave, Atlanta, GA",Fulton,,tenant_issue,P2,Nathalie
SMS-0930,sms,2026-04-26T10:01:00Z,Tester Buyer-Smith,+14045550199,"Plumber invoice for 9742 Sycamore Blvd, Canton, GA - approving with your sign-off.","9742 Sycamore Blvd, Canton, GA",Cherokee,,vendor,P3,Noa
SMS-0931,sms,2026-03-22T02:04:00Z,Tester Buyer-Smith,+14045550199,FYI we're out of milk. Can you grab some on the way home?,"6412 Riverbend Way, Dunwoody, GA",DeKalb,,personal,P3,ARCHIVE
SMS-0932,sms,2026-04-22T07:19:00Z,Tester Buyer-Smith,+14045550199,"The painter quoted $1,800 for unit B at 585 Magnolia Ln, Roswell, GA - does that look right?","585 Magnolia Ln, Roswell, GA",Fulton,,vendor,P2,Noa
SMS-0933,sms,2026-04-19T19:36:00Z,Tester Buyer-Smith,+14045550199,"Need to renew the lease at 5852 Birch Ct, Brookhaven, GA. Can you send the renewal terms?","5852 Birch Ct, Brookhaven, GA",DeKalb,,contract,P2,Noa
SMS-0934,sms,2026-04-21T23:03:00Z,Tester Buyer-Smith,+14045550199,"CLAIM YOUR PRIZE NOW - you've won $10,000! Click here: http://scam.example/","5194 Sycamore Blvd, Decatur, GA",DeKalb,,spam,P3,ARCHIVE
SMS-0935,sms,2026-04-21T21:31:00Z,Tester Buyer-Smith,+14045550199,"Counter-offer received on 688 Riverbend Way, Sugar Hill, GA - they want 5k more. What do you think?","688 Riverbend Way, Sugar Hill, GA",Gwinnett,,deal,P1,Nathalie
SMS-0936,sms,2026-03-28T08:03:00Z,Tester Buyer-Smith,+14045550199,"Running 15 min late to the showing at 9888 Willow Pkwy, Kennesaw, GA, please tell the agent.","9888 Willow Pkwy, Kennesaw, GA",Cobb,,showing,P1,Fabi
SMS-0937,sms,2026-04-28T12:23:00Z,Tester Buyer-Smith,+14045550199,Atlanta Realtors Network: invitation to our May mixer.,"370 Maple Dr, Marietta, GA",Cobb,,marketing_promo,P3,ARCHIVE
SMS-0938,sms,2026-04-01T10:23:00Z,Tester Buyer-Smith,+14045550199,"Light bulb in the hallway burned out, no rush.","4026 Willow Pkwy, Canton, GA",Cherokee,,maintenance,P3,Noa
SMS-0939,sms,2026-03-23T21:54:00Z,Tester Buyer-Smith,+14045550199,Got a late fee but I have proof I paid on time. Can we sort this out?,"2835 Riverbend Way, Atlanta, GA",Fulton,,billing,P2,Noa
SMS-0940,sms,2026-04-19T09:47:00Z,Tester Buyer-Smith,+14045550199,Are you a real estate agent? Try our new CRM free for 30 days.,"7249 Maple Dr, Woodstock, GA",Cherokee,,marketing_promo,P3,ARCHIVE
SMS-0941,sms,2026-04-30T03:23:00Z,Tester Buyer-Smith,+14045550199,Urgent: your bank account needs verification. Visit https://phish.example/,"363 Magnolia Ln, Brookhaven, GA",DeKalb,,spam,P3,ARCHIVE
SMS-0942,sms,2026-03-25T15:09:00Z,Tester Buyer-Smith,+14045550199,The work order #4421 for the dishwasher - any update?,"291 Maple Dr, Woodstock, GA",Cherokee,,maintenance,P2,Noa
SMS-0943,sms,2026-04-17T04:48:00Z,Tester Buyer-Smith,+14045550199,"Our offer on 4977 Oak Ave, Lawrenceville, GA expires at 5pm today, can you confirm acceptance??","4977 Oak Ave, Lawrenceville, GA",Gwinnett,,buyer_lead,P0,Fabi
SMS-0944,sms,2026-04-07T04:50:00Z,Tester Buyer-Smith,+14045550199,I'm a Nigerian prince and need your help moving $25M...,"6361 Peachtree St, Cumming, GA",Forsyth,,spam,P3,ARCHIVE
SMS-0945,sms,2026-04-08T11:22:00Z,Tester Buyer-Smith,+14045550199,"Neighbor in unit B has been playing loud music until 2am for a week. 4469 Cedar Trail, Cumming, GA","4469 Cedar Trail, Cumming, GA",Forsyth,,tenant_issue,P2,Nathalie
SMS-0946,sms,2026-04-23T14:17:00Z,Tester Buyer-Smith,+14045550199,FLASH SALE - 50% off everything at our store this weekend only!,"9686 Birch Ct, Canton, GA",Cherokee,,marketing_promo,P3,ARCHIVE
SMS-0947,sms,2026-04-17T07:22:00Z,Tester Buyer-Smith,+14045550199,I'm a Nigerian prince and need your help moving $25M...,"7027 Willow Pkwy, Smyrna, GA",Cobb,,spam,P3,ARCHIVE
SMS-0948,sms,2026-05-09T20:05:00Z,Tester Buyer-Smith,+14045550199,Got a late fee but I have proof I paid on time. Can we sort this out?,"8584 Willow Pkwy, Woodstock, GA",Cherokee,,billing,P2,Noa
SMS-0949,sms,2026-04-11T10:23:00Z,Tester Buyer-Smith,+14045550199,I'm a Nigerian prince and need your help moving $25M...,"9107 Cedar Trail, Decatur, GA",DeKalb,,spam,P3,ARCHIVE
SMS-0950,sms,2026-04-14T15:03:00Z,Tester Buyer-Smith,+14045550199,Urgent: your bank account needs verification. Visit https://phish.example/,"3017 Willow Pkwy, Cumming, GA",Forsyth,,spam,P3,ARCHIVE
SMS-0951,sms,2026-04-23T06:48:00Z,Tester Buyer-Smith,+14045550199,Question on clause 7.b of the contract - what does 'as-is' really mean here?,"5372 Willow Pkwy, Kennesaw, GA",Cobb,,contract,P2,Noa
SMS-0952,sms,2026-05-14T06:23:00Z,Tester Buyer-Smith,+14045550199,Are you a real estate agent? Try our new CRM free for 30 days.,"9645 Riverbend Way, Cumming, GA",Forsyth,,marketing_promo,P3,ARCHIVE
SMS-0953,sms,2026-04-04T23:41:00Z,Tester Buyer-Smith,+14045550199,"Plumber invoice for 2918 Cedar Trail, Dunwoody, GA - approving with your sign-off.","2918 Cedar Trail, Dunwoody, GA",DeKalb,,vendor,P3,Noa
SMS-0954,sms,2026-04-18T20:06:00Z,Tester Buyer-Smith,+14045550199,Considering listing the property in DeKalb - can we schedule a CMA?,"2367 Willow Pkwy, Brookhaven, GA",DeKalb,,seller_lead,P2,Nathalie
SMS-0955,sms,2026-05-11T09:24:00Z,Tester Buyer-Smith,+14045550199,Are you a real estate agent? Try our new CRM free for 30 days.,"7181 Peachtree St, Roswell, GA",Fulton,,marketing_promo,P3,ARCHIVE
SMS-0956,sms,2026-05-04T17:36:00Z,Tester Buyer-Smith,+14045550199,"Neighbor in unit B has been playing loud music until 2am for a week. 4109 Birch Ct, Cumming, GA","4109 Birch Ct, Cumming, GA",Forsyth,,tenant_issue,P2,Nathalie
SMS-0957,sms,2026-04-29T14:01:00Z,Tester Buyer-Smith,+14045550199,"Vendor said they'd be here at 10am, no show. Can you check on them?","9547 Oak Ave, Cumming, GA",Forsyth,,maintenance,P2,Noa
SMS-0958,sms,2026-05-09T07:05:00Z,Tester Buyer-Smith,+14045550199,Your monthly newsletter from RealEstateDigest is here.,"5638 Cedar Trail, Sandy Springs, GA",Fulton,,marketing_promo,P3,ARCHIVE
SMS-0959,sms,2026-04-14T09:24:00Z,Tester Buyer-Smith,+14045550199,Atlanta Realtors Network: invitation to our May mixer.,"4153 Cedar Trail, Cumming, GA",Forsyth,,marketing_promo,P3,ARCHIVE
SMS-0960,sms,2026-04-23T14:41:00Z,Tester Buyer-Smith,+14045550199,"Bathroom faucet is dripping non-stop, can a plumber come look?","4261 Cedar Trail, Canton, GA",Cherokee,,tenant_issue,P2,Nathalie
SMS-0961,sms,2026-04-11T11:53:00Z,Tester Buyer-Smith,+14045550199,Your monthly newsletter from RealEstateDigest is here.,"437 Willow Pkwy, Woodstock, GA",Cherokee,,marketing_promo,P3,ARCHIVE
SMS-0962,sms,2026-04-20T23:21:00Z,Tester Buyer-Smith,+14045550199,Got a late fee but I have proof I paid on time. Can we sort this out?,"7359 Birch Ct, Sandy Springs, GA",Fulton,,billing,P2,Noa
SMS-0963,sms,2026-04-04T17:38:00Z,Tester Buyer-Smith,+14045550199,Got the inspection report back. There are 3 items I'd like to negotiate.,"7190 Cedar Trail, Woodstock, GA",Cherokee,,deal,P1,Nathalie
SMS-0964,sms,2026-04-28T23:56:00Z,Tester Buyer-Smith,+14045550199,FLASH SALE - 50% off everything at our store this weekend only!,"1361 Birch Ct, Lawrenceville, GA",Gwinnett,,marketing_promo,P3,ARCHIVE
SMS-0965,sms,2026-04-06T21:20:00Z,Tester Buyer-Smith,+14045550199,"Need to renew the lease at 4252 Cedar Trail, Canton, GA. Can you send the renewal terms?","4252 Cedar Trail, Canton, GA",Cherokee,,contract,P2,Noa
SMS-0966,sms,2026-05-14T08:39:00Z,Tester Buyer-Smith,+14045550199,The dog has a vet appointment Thursday at 10am.,"5601 Cedar Trail, Marietta, GA",Cobb,,personal,P3,ARCHIVE
SMS-0967,sms,2026-03-24T21:33:00Z,Tester Buyer-Smith,+14045550199,"CLAIM YOUR PRIZE NOW - you've won $10,000! Click here: http://scam.example/","8791 Willow Pkwy, Decatur, GA",DeKalb,,spam,P3,ARCHIVE
SMS-0968,sms,2026-03-28T20:45:00Z,Tester Buyer-Smith,+14045550199,"Plumber invoice for 7710 Willow Pkwy, Sugar Hill, GA - approving with your sign-off.","7710 Willow Pkwy, Sugar Hill, GA",Gwinnett,,vendor,P3,Noa
SMS-0969,sms,2026-04-03T15:29:00Z,Tester Buyer-Smith,+14045550199,"Hi, I saw the listing at 6394 Riverbend Way, Decatur, GA. Is it still available? I'd love a tour this weekend.","6394 Riverbend Way, Decatur, GA",DeKalb,,buyer_lead,P2,Nathalie
SMS-0970,sms,2026-04-12T10:58:00Z,Tester Buyer-Smith,+14045550199,Looking for a 3BR/2BA in Cobb county under $550k. Do you have anything coming up?,"7241 Birch Ct, Marietta, GA",Cobb,,buyer_lead,P2,Fabi
SMS-0971,sms,2026-05-11T04:59:00Z,Tester Buyer-Smith,+14045550199,FLASH SALE - 50% off everything at our store this weekend only!,"1508 Peachtree St, Cumming, GA",Forsyth,,marketing_promo,P3,ARCHIVE
SMS-0972,sms,2026-04-15T06:41:00Z,Tester Buyer-Smith,+14045550199,"Need your signature on the addendum for 1454 Birch Ct, Sandy Springs, GA before 5pm.","1454 Birch Ct, Sandy Springs, GA",Fulton,,contract,P1,Noa
SMS-0973,sms,2026-04-12T16:58:00Z,Tester Buyer-Smith,+14045550199,"Just confirming the security deposit is $1,500 not $2,000 like the email said.","2169 Peachtree St, Brookhaven, GA",DeKalb,,billing,P3,Noa
SMS-0974,sms,2026-04-13T10:06:00Z,Tester Buyer-Smith,+14045550199,Are you a real estate agent? Try our new CRM free for 30 days.,"5477 Magnolia Ln, Sugar Hill, GA",Gwinnett,,marketing_promo,P3,ARCHIVE
SMS-0975,sms,2026-03-23T20:52:00Z,Tester Buyer-Smith,+14045550199,"Could you send me the seller's disclosure for 1222 Cedar Trail, Sugar Hill, GA (MLS MLS-7057699)?","1222 Cedar Trail, Sugar Hill, GA",Gwinnett,MLS-7057699,document,P2,Noa
SMS-0976,sms,2026-03-24T13:30:00Z,Tester Buyer-Smith,+14045550199,"Hi, I saw the listing at 1302 Willow Pkwy, Smyrna, GA. Is it still available? I'd love a tour this weekend.","1302 Willow Pkwy, Smyrna, GA",Cobb,,buyer_lead,P2,Fabi
SMS-0977,sms,2026-04-25T04:32:00Z,Tester Buyer-Smith,+14045550199,"Hi, I saw the listing at 7400 Pine Rd, Woodstock, GA. Is it still available? I'd love a tour this weekend.","7400 Pine Rd, Woodstock, GA",Cherokee,,buyer_lead,P2,Fabi
SMS-0978,sms,2026-05-08T04:12:00Z,Tester Buyer-Smith,+14045550199,"Vendor said they'd be here at 10am, no show. Can you check on them?","8228 Peachtree St, Decatur, GA",DeKalb,,maintenance,P2,Noa
SMS-0979,sms,2026-04-07T09:36:00Z,Tester Buyer-Smith,+14045550199,Yoga class moved to 7am tomorrow. Want to come?,"1398 Sycamore Blvd, Marietta, GA",Cobb,,personal,P3,ARCHIVE
SMS-0980,sms,2026-04-03T12:38:00Z,Tester Buyer-Smith,+14045550199,Yoga class moved to 7am tomorrow. Want to come?,"7892 Peachtree St, Decatur, GA",DeKalb,,personal,P3,ARCHIVE
SMS-0981,sms,2026-03-29T15:21:00Z,Tester Buyer-Smith,+14045550199,Atlanta Realtors Network: invitation to our May mixer.,"5297 Oak Ave, Dunwoody, GA",DeKalb,,marketing_promo,P3,ARCHIVE
SMS-0982,sms,2026-04-20T10:12:00Z,Tester Buyer-Smith,+14045550199,"Counter-offer received on 9548 Riverbend Way, Dunwoody, GA - they want 5k more. What do you think?","9548 Riverbend Way, Dunwoody, GA",DeKalb,,deal,P1,Nathalie
SMS-0983,sms,2026-05-14T13:41:00Z,Tester Buyer-Smith,+14045550199,FLASH SALE - 50% off everything at our store this weekend only!,"2548 Willow Pkwy, Dunwoody, GA",DeKalb,,marketing_promo,P3,ARCHIVE
SMS-0984,sms,2026-05-06T17:24:00Z,Tester Buyer-Smith,+14045550199,The dog has a vet appointment Thursday at 10am.,"7010 Birch Ct, Kennesaw, GA",Cobb,,personal,P3,ARCHIVE
SMS-0985,sms,2026-03-25T09:39:00Z,Tester Buyer-Smith,+14045550199,"Bathroom faucet is dripping non-stop, can a plumber come look?","8839 Willow Pkwy, Dunwoody, GA",DeKalb,,tenant_issue,P2,Nathalie
SMS-0986,sms,2026-05-08T05:04:00Z,Tester Buyer-Smith,+14045550199,Crypto opportunity - 300% return guaranteed. Reply YES.,"5619 Birch Ct, Atlanta, GA",Fulton,,spam,P3,ARCHIVE
SMS-0987,sms,2026-04-08T12:37:00Z,Tester Buyer-Smith,+14045550199,Considering listing the property in Cobb - can we schedule a CMA?,"1617 Oak Ave, Kennesaw, GA",Cobb,,seller_lead,P2,Fabi
SMS-0988,sms,2026-04-26T19:35:00Z,Tester Buyer-Smith,+14045550199,"EMERGENCY - water is pouring from the ceiling in unit at 9805 Riverbend Way, Roswell, GA!!","9805 Riverbend Way, Roswell, GA",Fulton,,tenant_issue,P0,Nathalie
SMS-0989,sms,2026-03-23T09:05:00Z,Tester Buyer-Smith,+14045550199,Saw a roach in the kitchen - can pest control come this week?,"5308 Willow Pkwy, Kennesaw, GA",Cobb,,tenant_issue,P2,Nathalie
SMS-0990,sms,2026-05-01T10:59:00Z,Tester Buyer-Smith,+14045550199,"EMERGENCY - water is pouring from the ceiling in unit at 840 Birch Ct, Cumming, GA!!","840 Birch Ct, Cumming, GA",Forsyth,,tenant_issue,P0,Nathalie
SMS-0991,sms,2026-05-11T06:20:00Z,Tester Buyer-Smith,+14045550199,"I'm at 7274 Sycamore Blvd, Atlanta, GA but the door is locked. Are you on the way?","7274 Sycamore Blvd, Atlanta, GA",Fulton,,showing,P1,Nathalie
SMS-0992,sms,2026-03-18T15:56:00Z,Tester Buyer-Smith,+14045550199,"Hi, I saw the listing at 9534 Sycamore Blvd, Cumming, GA. Is it still available? I'd love a tour this weekend.","9534 Sycamore Blvd, Cumming, GA",Forsyth,,buyer_lead,P2,Fabi
SMS-0993,sms,2026-05-02T11:19:00Z,Tester Buyer-Smith,+14045550199,I paid rent on the 1st but it doesn't show in the portal yet.,"6660 Magnolia Ln, Cumming, GA",Forsyth,,billing,P2,Noa
SMS-0994,sms,2026-05-13T14:00:00Z,Tester Buyer-Smith,+14045550199,Looking for a 3BR/2BA in Fulton county under $550k. Do you have anything coming up?,"6030 Willow Pkwy, Atlanta, GA",Fulton,,buyer_lead,P2,Nathalie
SMS-0995,sms,2026-05-01T19:29:00Z,Tester Buyer-Smith,+14045550199,Urgent: your bank account needs verification. Visit https://phish.example/,"7343 Pine Rd, Woodstock, GA",Cherokee,,spam,P3,ARCHIVE
SMS-0996,sms,2026-04-12T16:20:00Z,Tester Buyer-Smith,+14045550199,Lender needs proof of homeowners insurance by end of day.,"6230 Riverbend Way, Canton, GA",Cherokee,,document,P1,Noa
SMS-0997,sms,2026-03-28T04:38:00Z,Tester Buyer-Smith,+14045550199,Got a late fee but I have proof I paid on time. Can we sort this out?,"1167 Oak Ave, Woodstock, GA",Cherokee,,billing,P2,Noa
SMS-0998,sms,2026-05-05T23:41:00Z,Tester Buyer-Smith,+14045550199,"Pickup at school is at 3:15 today, can you grab the kids?","357 Pine Rd, Dunwoody, GA",DeKalb,,personal,P3,ARCHIVE
SMS-0999,sms,2026-03-19T13:31:00Z,Tester Buyer-Smith,+14045550199,"AC stopped cooling at 4579 Peachtree St, Sandy Springs, GA. Indoor temp is 84F.","4579 Peachtree St, Sandy Springs, GA",Fulton,,tenant_issue,P1,Nathalie
SMS-1000,sms,2026-04-07T05:38:00Z,Tester Buyer-Smith,+14045550199,The work order #4421 for the dishwasher - any update?,"2097 Cedar Trail, Dunwoody, GA",DeKalb,,maintenance,P2,Noa
