msg_id,channel,received_at,sender_name,sender_phone,body,address_in_msg,county_in_msg,listing_in_msg,expected_topic,expected_urgency,expected_owner
WA-0001,whatsapp,2026-03-19T21:10:00Z,Tester Buyer-Smith,+14045550199,Looking for a 3BR/2BA in Fulton county under $550k. Do you have anything coming up?,"1246 Willow Pkwy, Roswell, GA",Fulton,,buyer_lead,P2,Nathalie
WA-0002,whatsapp,2026-03-27T21:43:00Z,Tester Buyer-Smith,+14045550199,"Hi Nathalie, I'd like to sell my house at 8176 Riverbend Way, Sandy Springs, GA. What's the market like in Fulton right now?","8176 Riverbend Way, Sandy Springs, GA",Fulton,,seller_lead,P2,Nathalie
WA-0003,whatsapp,2026-05-04T10:29:00Z,Tester Buyer-Smith,+14045550199,"Plumber invoice for 5868 Willow Pkwy, Woodstock, GA - approving with your sign-off.","5868 Willow Pkwy, Woodstock, GA",Cherokee,,vendor,P3,Noa
WA-0004,whatsapp,2026-04-09T16:11:00Z,Tester Buyer-Smith,+14045550199,The work order #4421 for the dishwasher - any update?,"1598 Peachtree St, Dunwoody, GA",DeKalb,,maintenance,P2,Noa
WA-0005,whatsapp,2026-03-31T07:13:00Z,Tester Buyer-Smith,+14045550199,"Giving 30 days' notice - moving out by end of next month. 6169 Magnolia Ln, Woodstock, GA","6169 Magnolia Ln, Woodstock, GA",Cherokee,,contract,P1,Noa
WA-0006,whatsapp,2026-04-21T04:58:00Z,Tester Buyer-Smith,+14045550199,"AC stopped cooling at 5455 Sycamore Blvd, Kennesaw, GA. Indoor temp is 84F.","5455 Sycamore Blvd, Kennesaw, GA",Cobb,,tenant_issue,P1,Nathalie
WA-0007,whatsapp,2026-04-03T04:12:00Z,Tester Buyer-Smith,+14045550199,"Could you send me the seller's disclosure for 8079 Oak Ave, Cumming, GA (MLS MLS-7853811)? 🙏

Also - can you let me know by tomorrow?","8079 Oak Ave, Cumming, GA",Forsyth,MLS-7853811,document,P2,Noa
WA-0008,whatsapp,2026-05-06T03:54:00Z,Tester Buyer-Smith,+14045550199,Are you a real estate agent? Try our new CRM free for 30 days.,"4168 Riverbend Way, Marietta, GA",Cobb,,marketing_promo,P3,ARCHIVE
WA-0009,whatsapp,2026-03-27T18:04:00Z,Tester Buyer-Smith,+14045550199,"Can we move tomorrow's showing at 7654 Pine Rd, Dunwoody, GA from 4pm to 6pm? 🙏

Also - can you let me know by tomorrow?","7654 Pine Rd, Dunwoody, GA",DeKalb,,showing,P2,Nathalie
WA-0010,whatsapp,2026-05-10T07:54:00Z,Tester Buyer-Smith,+14045550199,"I'm at 1802 Willow Pkwy, Roswell, GA but the door is locked. Are you on the way?

Also - can you let me know by tomorrow?","1802 Willow Pkwy, Roswell, GA",Fulton,,showing,P1,Nathalie
WA-0011,whatsapp,2026-04-10T02:45:00Z,Tester Buyer-Smith,+14045550199,"Insurance renewal for 223 Pine Rd, Decatur, GA is due next month.

Also - can you let me know by tomorrow?","223 Pine Rd, Decatur, GA",DeKalb,,admin,P3,Noa
WA-0012,whatsapp,2026-04-10T18:44:00Z,Tester Buyer-Smith,+14045550199,Crypto opportunity - 300% return guaranteed. Reply YES.,"2414 Riverbend Way, Sugar Hill, GA",Gwinnett,,spam,P3,ARCHIVE
WA-0013,whatsapp,2026-04-02T10:28:00Z,Tester Buyer-Smith,+14045550199,"Voice note transcription:
Appraisal came in at $620k for 4507 Willow Pkwy, Woodstock, GA. Numbers look good.","4507 Willow Pkwy, Woodstock, GA",Cherokee,,deal,P2,Nathalie
WA-0014,whatsapp,2026-04-25T21:40:00Z,Tester Buyer-Smith,+14045550199,"Voice note transcription:
Light bulb in the hallway burned out, no rush. 🙏","2125 Oak Ave, Dunwoody, GA",DeKalb,,maintenance,P3,Noa
WA-0015,whatsapp,2026-04-08T08:47:00Z,Tester Buyer-Smith,+14045550199,"Voice note transcription:
Plumber invoice for 4999 Maple Dr, Woodstock, GA - approving with your sign-off.

Also - can you let me know by tomorrow?","4999 Maple Dr, Woodstock, GA",Cherokee,,vendor,P3,Noa
WA-0016,whatsapp,2026-04-26T01:50:00Z,Tester Buyer-Smith,+14045550199,Got the inspection report back. There are 3 items I'd like to negotiate.,"5577 Pine Rd, Brookhaven, GA",DeKalb,,deal,P1,Nathalie
WA-0017,whatsapp,2026-03-31T08:38:00Z,Tester Buyer-Smith,+14045550199,Considering listing the property in Gwinnett - can we schedule a CMA?,"6008 Maple Dr, Duluth, GA",Gwinnett,,seller_lead,P2,Fabi
WA-0018,whatsapp,2026-05-12T08:11:00Z,Tester Buyer-Smith,+14045550199,Yoga class moved to 7am tomorrow. Want to come? 🙏,"939 Cedar Trail, Cumming, GA",Forsyth,,personal,P3,ARCHIVE
WA-0019,whatsapp,2026-04-30T21:55:00Z,Tester Buyer-Smith,+14045550199,Closing tomorrow at 9am and the wire instructions look wrong - help!,"1106 Pine Rd, Cumming, GA",Forsyth,,deal,P0,Nathalie
WA-0020,whatsapp,2026-04-09T13:47:00Z,Tester Buyer-Smith,+14045550199,"Crypto opportunity - 300% return guaranteed. Reply YES.

Also - can you let me know by tomorrow?","8339 Peachtree St, Brookhaven, GA",DeKalb,,spam,P3,ARCHIVE
WA-0021,whatsapp,2026-04-03T16:49:00Z,Tester Buyer-Smith,+14045550199,"Insurance renewal for 1720 Sycamore Blvd, Sugar Hill, GA is due next month. 🙏","1720 Sycamore Blvd, Sugar Hill, GA",Gwinnett,,admin,P3,Noa
WA-0022,whatsapp,2026-04-30T05:12:00Z,Tester Buyer-Smith,+14045550199,Looking for a 3BR/2BA in Cobb county under $550k. Do you have anything coming up?,"5824 Riverbend Way, Marietta, GA",Cobb,,buyer_lead,P2,Fabi
WA-0023,whatsapp,2026-05-14T00:36:00Z,Tester Buyer-Smith,+14045550199,"Hi Nathalie, I'd like to sell my house at 985 Magnolia Ln, Cumming, GA. What's the market like in Forsyth right now? 🙏","985 Magnolia Ln, Cumming, GA",Forsyth,,seller_lead,P2,Fabi
WA-0024,whatsapp,2026-04-23T14:59:00Z,Tester Buyer-Smith,+14045550199,"Voice note transcription:
HOA sent a notice about new pool hours, forwarding to you.","7488 Cedar Trail, Atlanta, GA",Fulton,,admin,P3,Noa
WA-0025,whatsapp,2026-03-29T02:48:00Z,Tester Buyer-Smith,+14045550199,"Voice note transcription:
Need to renew the lease at 4560 Oak Ave, Cumming, GA. Can you send the renewal terms?","4560 Oak Ave, Cumming, GA",Forsyth,,contract,P2,Noa
WA-0026,whatsapp,2026-05-03T00:37:00Z,Tester Buyer-Smith,+14045550199,"Hi Nathalie, I'd like to sell my house at 5082 Pine Rd, Smyrna, GA. What's the market like in Cobb right now? 🙏

Also - can you let me know by tomorrow?","5082 Pine Rd, Smyrna, GA",Cobb,,seller_lead,P2,Fabi
WA-0027,whatsapp,2026-04-22T11:21:00Z,Tester Buyer-Smith,+14045550199,"Mom's birthday is next week - did you order the cake?

Also - can you let me know by tomorrow?","7700 Oak Ave, Sugar Hill, GA",Gwinnett,,personal,P3,ARCHIVE
WA-0028,whatsapp,2026-03-29T22:11:00Z,Tester Buyer-Smith,+14045550199,"I'm at 500 Willow Pkwy, Lawrenceville, GA but the door is locked. Are you on the way?","500 Willow Pkwy, Lawrenceville, GA",Gwinnett,,showing,P1,Fabi
WA-0029,whatsapp,2026-03-23T22:05:00Z,Tester Buyer-Smith,+14045550199,"Need to renew the lease at 1248 Sycamore Blvd, Cumming, GA. Can you send the renewal terms?","1248 Sycamore Blvd, Cumming, GA",Forsyth,,contract,P2,Noa
WA-0030,whatsapp,2026-03-26T10:06:00Z,Tester Buyer-Smith,+14045550199,"Voice note transcription:
Locked out of 5835 Sycamore Blvd, Canton, GA at 11pm with the kids in the car. 🙏","5835 Sycamore Blvd, Canton, GA",Cherokee,,tenant_issue,P0,Nathalie
WA-0031,whatsapp,2026-03-20T17:50:00Z,Tester Buyer-Smith,+14045550199,"Voice note transcription:
Light bulb in the hallway burned out, no rush.","1843 Pine Rd, Kennesaw, GA",Cobb,,maintenance,P3,Noa
WA-0032,whatsapp,2026-05-09T21:42:00Z,Tester Buyer-Smith,+14045550199,"Gas leak smell in the apartment, I called 911. 9755 Riverbend Way, Canton, GA

Also - can you let me know by tomorrow?","9755 Riverbend Way, Canton, GA",Cherokee,,tenant_issue,P0,Nathalie
WA-0033,whatsapp,2026-04-17T09:02:00Z,Tester Buyer-Smith,+14045550199,Your monthly newsletter from RealEstateDigest is here.,"8559 Maple Dr, Sugar Hill, GA",Gwinnett,,marketing_promo,P3,ARCHIVE
WA-0034,whatsapp,2026-04-22T08:42:00Z,Tester Buyer-Smith,+14045550199,Dentist appointment confirmed for Tuesday 2pm.,"9719 Oak Ave, Lawrenceville, GA",Gwinnett,,personal,P3,ARCHIVE
WA-0035,whatsapp,2026-05-04T14:19:00Z,Tester Buyer-Smith,+14045550199,"CLAIM YOUR PRIZE NOW - you've won $10,000! Click here: http://scam.example/","9727 Birch Ct, Cumming, GA",Forsyth,,spam,P3,ARCHIVE
WA-0036,whatsapp,2026-04-21T07:32:00Z,Tester Buyer-Smith,+14045550199,The work order #4421 for the dishwasher - any update? 🙏,"1203 Cedar Trail, Cumming, GA",Forsyth,,maintenance,P2,Noa
WA-0037,whatsapp,2026-05-06T03:33:00Z,Tester Buyer-Smith,+14045550199,"Light bulb in the hallway burned out, no rush. 🙏

Also - can you let me know by tomorrow?","271 Oak Ave, Cumming, GA",Forsyth,,maintenance,P3,Noa
WA-0038,whatsapp,2026-03-31T07:07:00Z,Tester Buyer-Smith,+14045550199,I'm a Nigerian prince and need your help moving $25M...,"6565 Willow Pkwy, Lawrenceville, GA",Gwinnett,,spam,P3,ARCHIVE
WA-0039,whatsapp,2026-04-28T18:17:00Z,Tester Buyer-Smith,+14045550199,"Voice note transcription:
Appraisal came in at $620k for 5350 Willow Pkwy, Woodstock, GA. Numbers look good.

Also - can you let me know by tomorrow?","5350 Willow Pkwy, Woodstock, GA",Cherokee,,deal,P2,Nathalie
WA-0040,whatsapp,2026-04-20T09:12:00Z,Tester Buyer-Smith,+14045550199,"Appraisal came in at $620k for 9178 Maple Dr, Kennesaw, GA. Numbers look good.

Also - can you let me know by tomorrow?","9178 Maple Dr, Kennesaw, GA",Cobb,,deal,P2,Nathalie
WA-0041,whatsapp,2026-04-16T10:53:00Z,Tester Buyer-Smith,+14045550199,"Need to renew the lease at 7400 Maple Dr, Canton, GA. Can you send the renewal terms? 🙏

Also - can you let me know by tomorrow?","7400 Maple Dr, Canton, GA",Cherokee,,contract,P2,Noa
WA-0042,whatsapp,2026-05-14T12:30:00Z,Tester Buyer-Smith,+14045550199,Are you a real estate agent? Try our new CRM free for 30 days.,"5441 Willow Pkwy, Sandy Springs, GA",Fulton,,marketing_promo,P3,ARCHIVE
WA-0043,whatsapp,2026-04-28T07:44:00Z,Tester Buyer-Smith,+14045550199,"AC stopped cooling at 2098 Riverbend Way, Woodstock, GA. Indoor temp is 84F.

Also - can you let me know by tomorrow?","2098 Riverbend Way, Woodstock, GA",Cherokee,,tenant_issue,P1,Nathalie
WA-0044,whatsapp,2026-04-13T04:17:00Z,Tester Buyer-Smith,+14045550199,"Plumber invoice for 6260 Riverbend Way, Kennesaw, GA - approving with your sign-off.","6260 Riverbend Way, Kennesaw, GA",Cobb,,vendor,P3,Noa
WA-0045,whatsapp,2026-04-29T16:51:00Z,Tester Buyer-Smith,+14045550199,"Insurance renewal for 3914 Maple Dr, Sugar Hill, GA is due next month.","3914 Maple Dr, Sugar Hill, GA",Gwinnett,,admin,P3,Noa
WA-0046,whatsapp,2026-04-07T08:57:00Z,Tester Buyer-Smith,+14045550199,"Hi, I saw the listing at 4548 Birch Ct, Roswell, GA. Is it still available? I'd love a tour this weekend.","4548 Birch Ct, Roswell, GA",Fulton,,buyer_lead,P2,Nathalie
WA-0047,whatsapp,2026-04-01T00:41:00Z,Tester Buyer-Smith,+14045550199,"The painter quoted $1,800 for unit B at 7545 Magnolia Ln, Woodstock, GA - does that look right? 🙏","7545 Magnolia Ln, Woodstock, GA",Cherokee,,vendor,P2,Noa
WA-0048,whatsapp,2026-05-12T09:46:00Z,Tester Buyer-Smith,+14045550199,"Running 15 min late to the showing at 6930 Magnolia Ln, Brookhaven, GA, please tell the agent. 🙏

Also - can you let me know by tomorrow?","6930 Magnolia Ln, Brookhaven, GA",DeKalb,,showing,P1,Nathalie
WA-0049,whatsapp,2026-04-15T17:04:00Z,Tester Buyer-Smith,+14045550199,"Yoga class moved to 7am tomorrow. Want to come? 🙏

Also - can you let me know by tomorrow?","8606 Sycamore Blvd, Woodstock, GA",Cherokee,,personal,P3,ARCHIVE
WA-0050,whatsapp,2026-04-22T07:00:00Z,Tester Buyer-Smith,+14045550199,"EMERGENCY - water is pouring from the ceiling in unit at 7848 Magnolia Ln, Sandy Springs, GA!!","7848 Magnolia Ln, Sandy Springs, GA",Fulton,,tenant_issue,P0,Nathalie
WA-0051,whatsapp,2026-05-03T17:14:00Z,Tester Buyer-Smith,+14045550199,"Voice note transcription:
Vendor said they'd be here at 10am, no show. Can you check on them?

Also - can you let me know by tomorrow?","1702 Maple Dr, Canton, GA",Cherokee,,maintenance,P2,Noa
WA-0052,whatsapp,2026-04-17T04:03:00Z,Tester Buyer-Smith,+14045550199,"Vendor said they'd be here at 10am, no show. Can you check on them?

Also - can you let me know by tomorrow?","320 Willow Pkwy, Brookhaven, GA",DeKalb,,maintenance,P2,Noa
WA-0053,whatsapp,2026-05-02T08:57:00Z,Tester Buyer-Smith,+14045550199,"Gas leak smell in the apartment, I called 911. 5579 Willow Pkwy, Sugar Hill, GA","5579 Willow Pkwy, Sugar Hill, GA",Gwinnett,,tenant_issue,P0,Nathalie
WA-0054,whatsapp,2026-03-28T18:11:00Z,Tester Buyer-Smith,+14045550199,"Gas leak smell in the apartment, I called 911. 1455 Maple Dr, Woodstock, GA 🙏","1455 Maple Dr, Woodstock, GA",Cherokee,,tenant_issue,P0,Nathalie
WA-0055,whatsapp,2026-05-11T23:18:00Z,Tester Buyer-Smith,+14045550199,"Neighbor in unit B has been playing loud music until 2am for a week. 9270 Peachtree St, Sandy Springs, GA","9270 Peachtree St, Sandy Springs, GA",Fulton,,tenant_issue,P2,Nathalie
WA-0056,whatsapp,2026-04-12T14:44:00Z,Tester Buyer-Smith,+14045550199,"Could you send me the seller's disclosure for 6925 Birch Ct, Brookhaven, GA (MLS MLS-7679844)?

Also - can you let me know by tomorrow?","6925 Birch Ct, Brookhaven, GA",DeKalb,MLS-7679844,document,P2,Noa
WA-0057,whatsapp,2026-04-18T12:21:00Z,Tester Buyer-Smith,+14045550199,"Hi Nathalie, I'd like to sell my house at 3478 Oak Ave, Woodstock, GA. What's the market like in Cherokee right now?","3478 Oak Ave, Woodstock, GA",Cherokee,,seller_lead,P2,Fabi
WA-0058,whatsapp,2026-04-07T01:58:00Z,Tester Buyer-Smith,+14045550199,"Locked out of 8511 Oak Ave, Kennesaw, GA at 11pm with the kids in the car.","8511 Oak Ave, Kennesaw, GA",Cobb,,tenant_issue,P0,Nathalie
WA-0059,whatsapp,2026-04-29T12:22:00Z,Tester Buyer-Smith,+14045550199,Atlanta Realtors Network: invitation to our May mixer. 🙏,"8274 Sycamore Blvd, Cumming, GA",Forsyth,,marketing_promo,P3,ARCHIVE
WA-0060,whatsapp,2026-04-24T13:35:00Z,Tester Buyer-Smith,+14045550199,"CLAIM YOUR PRIZE NOW - you've won $10,000! Click here: http://scam.example/ 🙏","9106 Birch Ct, Cumming, GA",Forsyth,,spam,P3,ARCHIVE
WA-0061,whatsapp,2026-04-27T23:33:00Z,Tester Buyer-Smith,+14045550199,"Vendor said they'd be here at 10am, no show. Can you check on them? 🙏","1276 Birch Ct, Brookhaven, GA",DeKalb,,maintenance,P2,Noa
WA-0062,whatsapp,2026-03-27T08:51:00Z,Tester Buyer-Smith,+14045550199,"Locked out of 2964 Peachtree St, Sandy Springs, GA at 11pm with the kids in the car. 🙏

Also - can you let me know by tomorrow?","2964 Peachtree St, Sandy Springs, GA",Fulton,,tenant_issue,P0,Nathalie
WA-0063,whatsapp,2026-03-22T17:38:00Z,Tester Buyer-Smith,+14045550199,"No heat for 2 days now, my baby is freezing. 505 Riverbend Way, Canton, GA","505 Riverbend Way, Canton, GA",Cherokee,,tenant_issue,P0,Nathalie
WA-0064,whatsapp,2026-04-29T19:50:00Z,Tester Buyer-Smith,+14045550199,Lender needs proof of homeowners insurance by end of day.,"5194 Peachtree St, Marietta, GA",Cobb,,document,P1,Noa
WA-0065,whatsapp,2026-04-26T01:10:00Z,Tester Buyer-Smith,+14045550199,Dentist appointment confirmed for Tuesday 2pm.,"1954 Willow Pkwy, Canton, GA",Cherokee,,personal,P3,ARCHIVE
WA-0066,whatsapp,2026-04-21T19:38:00Z,Tester Buyer-Smith,+14045550199,"Voice note transcription:
No heat for 2 days now, my baby is freezing. 2953 Maple Dr, Canton, GA 🙏","2953 Maple Dr, Canton, GA",Cherokee,,tenant_issue,P0,Nathalie
WA-0067,whatsapp,2026-04-03T12:46:00Z,Tester Buyer-Smith,+14045550199,Your monthly newsletter from RealEstateDigest is here.,"4257 Peachtree St, Marietta, GA",Cobb,,marketing_promo,P3,ARCHIVE
WA-0068,whatsapp,2026-05-01T14:00:00Z,Tester Buyer-Smith,+14045550199,"Could you send me the seller's disclosure for 5452 Birch Ct, Duluth, GA (MLS MLS-7347904)?

Also - can you let me know by tomorrow?","5452 Birch Ct, Duluth, GA",Gwinnett,MLS-7347904,document,P2,Noa
WA-0069,whatsapp,2026-05-05T19:51:00Z,Tester Buyer-Smith,+14045550199,"Voice note transcription:
Neighbor in unit B has been playing loud music until 2am for a week. 2234 Sycamore Blvd, Lawrenceville, GA 🙏","2234 Sycamore Blvd, Lawrenceville, GA",Gwinnett,,tenant_issue,P2,Nathalie
WA-0070,whatsapp,2026-04-20T06:32:00Z,Tester Buyer-Smith,+14045550199,"Need to renew the lease at 2762 Riverbend Way, Cumming, GA. Can you send the renewal terms?

Also - can you let me know by tomorrow?","2762 Riverbend Way, Cumming, GA",Forsyth,,contract,P2,Noa
WA-0071,whatsapp,2026-03-20T01:49:00Z,Tester Buyer-Smith,+14045550199,"The painter quoted $1,800 for unit B at 7037 Oak Ave, Duluth, GA - does that look right? 🙏","7037 Oak Ave, Duluth, GA",Gwinnett,,vendor,P2,Noa
WA-0072,whatsapp,2026-05-11T05:33:00Z,Tester Buyer-Smith,+14045550199,"EMERGENCY - water is pouring from the ceiling in unit at 6266 Magnolia Ln, Marietta, GA!! 🙏","6266 Magnolia Ln, Marietta, GA",Cobb,,tenant_issue,P0,Nathalie
WA-0073,whatsapp,2026-05-10T23:09:00Z,Tester Buyer-Smith,+14045550199,"Question on clause 7.b of the contract - what does 'as-is' really mean here?

Also - can you let me know by tomorrow?","9941 Willow Pkwy, Sugar Hill, GA",Gwinnett,,contract,P2,Noa
WA-0074,whatsapp,2026-04-24T10:44:00Z,Tester Buyer-Smith,+14045550199,"Voice note transcription:
Could you send me the seller's disclosure for 5670 Pine Rd, Decatur, GA (MLS MLS-7818414)? 🙏","5670 Pine Rd, Decatur, GA",DeKalb,MLS-7818414,document,P2,Noa
WA-0075,whatsapp,2026-04-29T14:45:00Z,Tester Buyer-Smith,+14045550199,Boost your listings with our premium photography package.,"6815 Pine Rd, Marietta, GA",Cobb,,marketing_promo,P3,ARCHIVE
WA-0076,whatsapp,2026-05-16T18:28:00Z,Tester Buyer-Smith,+14045550199,Boost your listings with our premium photography package.,"2731 Oak Ave, Woodstock, GA",Cherokee,,marketing_promo,P3,ARCHIVE
WA-0077,whatsapp,2026-04-10T20:44:00Z,Tester Buyer-Smith,+14045550199,Dentist appointment confirmed for Tuesday 2pm.,"9356 Sycamore Blvd, Cumming, GA",Forsyth,,personal,P3,ARCHIVE
WA-0078,whatsapp,2026-04-22T18:29:00Z,Tester Buyer-Smith,+14045550199,"Could you send me the seller's disclosure for 9907 Maple Dr, Woodstock, GA (MLS MLS-7399609)?

Also - can you let me know by tomorrow?","9907 Maple Dr, Woodstock, GA",Cherokee,MLS-7399609,document,P2,Noa
WA-0079,whatsapp,2026-05-12T04:27:00Z,Tester Buyer-Smith,+14045550199,"Voice note transcription:
EMERGENCY - water is pouring from the ceiling in unit at 9243 Cedar Trail, Brookhaven, GA!!","9243 Cedar Trail, Brookhaven, GA",DeKalb,,tenant_issue,P0,Nathalie
WA-0080,whatsapp,2026-04-25T08:13:00Z,Tester Buyer-Smith,+14045550199,"Voice note transcription:
Bathroom faucet is dripping non-stop, can a plumber come look?","4985 Cedar Trail, Cumming, GA",Forsyth,,tenant_issue,P2,Nathalie
WA-0081,whatsapp,2026-04-05T12:10:00Z,Tester Buyer-Smith,+14045550199,"Hi Nathalie, I'd like to sell my house at 2544 Pine Rd, Smyrna, GA. What's the market like in Cobb right now?

Also - can you let me know by tomorrow?","2544 Pine Rd, Smyrna, GA",Cobb,,seller_lead,P2,Fabi
WA-0082,whatsapp,2026-04-13T02:44:00Z,Tester Buyer-Smith,+14045550199,"Voice note transcription:
Could you send me the seller's disclosure for 2224 Magnolia Ln, Woodstock, GA (MLS MLS-7959078)?","2224 Magnolia Ln, Woodstock, GA",Cherokee,MLS-7959078,document,P2,Noa
WA-0083,whatsapp,2026-03-25T20:55:00Z,Tester Buyer-Smith,+14045550199,"Counter-offer received on 355 Sycamore Blvd, Cumming, GA - they want 5k more. What do you think? 🙏","355 Sycamore Blvd, Cumming, GA",Forsyth,,deal,P1,Nathalie
WA-0084,whatsapp,2026-04-12T00:24:00Z,Tester Buyer-Smith,+14045550199,Looking for a 3BR/2BA in Cobb county under $550k. Do you have anything coming up? 🙏,"1747 Cedar Trail, Kennesaw, GA",Cobb,,buyer_lead,P2,Fabi
WA-0085,whatsapp,2026-03-25T10:27:00Z,Tester Buyer-Smith,+14045550199,"Could you send me the seller's disclosure for 8544 Sycamore Blvd, Brookhaven, GA (MLS MLS-7981904)?

Also - can you let me know by tomorrow?","8544 Sycamore Blvd, Brookhaven, GA",DeKalb,MLS-7981904,document,P2,Noa
WA-0086,whatsapp,2026-04-18T19:10:00Z,Tester Buyer-Smith,+14045550199,"CLAIM YOUR PRIZE NOW - you've won $10,000! Click here: http://scam.example/

Also - can you let me know by tomorrow?","4946 Cedar Trail, Sugar Hill, GA",Gwinnett,,spam,P3,ARCHIVE
WA-0087,whatsapp,2026-05-03T21:34:00Z,Tester Buyer-Smith,+14045550199,Need to move ASAP - relocating for work in 3 weeks. Can you call me today?,"8935 Peachtree St, Cumming, GA",Forsyth,,buyer_lead,P1,Fabi
WA-0088,whatsapp,2026-04-17T19:55:00Z,Tester Buyer-Smith,+14045550199,"Locked out of 1165 Maple Dr, Canton, GA at 11pm with the kids in the car.","1165 Maple Dr, Canton, GA",Cherokee,,tenant_issue,P0,Nathalie
WA-0089,whatsapp,2026-04-23T16:10:00Z,Tester Buyer-Smith,+14045550199,"Hi Nathalie, I'd like to sell my house at 8942 Magnolia Ln, Atlanta, GA. What's the market like in Fulton right now?","8942 Magnolia Ln, Atlanta, GA",Fulton,,seller_lead,P2,Nathalie
WA-0090,whatsapp,2026-03-25T21:49:00Z,Tester Buyer-Smith,+14045550199,"Voice note transcription:
Bathroom faucet is dripping non-stop, can a plumber come look?","124 Willow Pkwy, Brookhaven, GA",DeKalb,,tenant_issue,P2,Nathalie
WA-0091,whatsapp,2026-05-07T10:23:00Z,Tester Buyer-Smith,+14045550199,"Got a late fee but I have proof I paid on time. Can we sort this out?

Also - can you let me know by tomorrow?","826 Birch Ct, Cumming, GA",Forsyth,,billing,P2,Noa
WA-0092,whatsapp,2026-04-18T15:14:00Z,Tester Buyer-Smith,+14045550199,"Vendor said they'd be here at 10am, no show. Can you check on them?","9567 Willow Pkwy, Sandy Springs, GA",Fulton,,maintenance,P2,Noa
WA-0093,whatsapp,2026-04-13T14:05:00Z,Tester Buyer-Smith,+14045550199,I paid rent on the 1st but it doesn't show in the portal yet.,"8024 Peachtree St, Marietta, GA",Cobb,,billing,P2,Noa
WA-0094,whatsapp,2026-04-12T17:17:00Z,Tester Buyer-Smith,+14045550199,"Plumber invoice for 6643 Maple Dr, Lawrenceville, GA - approving with your sign-off.

Also - can you let me know by tomorrow?","6643 Maple Dr, Lawrenceville, GA",Gwinnett,,vendor,P3,Noa
WA-0095,whatsapp,2026-05-03T06:36:00Z,Tester Buyer-Smith,+14045550199,Looking for a 3BR/2BA in DeKalb county under $550k. Do you have anything coming up? 🙏,"5603 Birch Ct, Decatur, GA",DeKalb,,buyer_lead,P2,Nathalie
WA-0096,whatsapp,2026-03-21T11:19:00Z,Tester Buyer-Smith,+14045550199,"The work order #4421 for the dishwasher - any update?

Also - can you let me know by tomorrow?","4667 Magnolia Ln, Lawrenceville, GA",Gwinnett,,maintenance,P2,Noa
WA-0097,whatsapp,2026-04-28T07:24:00Z,Tester Buyer-Smith,+14045550199,Got a late fee but I have proof I paid on time. Can we sort this out?,"8504 Peachtree St, Cumming, GA",Forsyth,,billing,P2,Noa
WA-0098,whatsapp,2026-05-06T02:52:00Z,Tester Buyer-Smith,+14045550199,"Lender needs proof of homeowners insurance by end of day.

Also - can you let me know by tomorrow?","8329 Oak Ave, Cumming, GA",Forsyth,,document,P1,Noa
WA-0099,whatsapp,2026-04-06T16:46:00Z,Tester Buyer-Smith,+14045550199,"Counter-offer received on 1717 Riverbend Way, Canton, GA - they want 5k more. What do you think?","1717 Riverbend Way, Canton, GA",Cherokee,,deal,P1,Nathalie
WA-0100,whatsapp,2026-05-15T03:56:00Z,Tester Buyer-Smith,+14045550199,Got the inspection report back. There are 3 items I'd like to negotiate.,"3471 Magnolia Ln, Sandy Springs, GA",Fulton,,deal,P1,Nathalie
WA-0101,whatsapp,2026-04-23T04:02:00Z,Tester Buyer-Smith,+14045550199,"CLAIM YOUR PRIZE NOW - you've won $10,000! Click here: http://scam.example/","895 Peachtree St, Smyrna, GA",Cobb,,spam,P3,ARCHIVE
WA-0102,whatsapp,2026-03-25T20:06:00Z,Tester Buyer-Smith,+14045550199,Are you a real estate agent? Try our new CRM free for 30 days. 🙏,"2686 Maple Dr, Cumming, GA",Forsyth,,marketing_promo,P3,ARCHIVE
WA-0103,whatsapp,2026-05-09T01:11:00Z,Tester Buyer-Smith,+14045550199,"Voice note transcription:
Counter-offer received on 5315 Oak Ave, Lawrenceville, GA - they want 5k more. What do you think?","5315 Oak Ave, Lawrenceville, GA",Gwinnett,,deal,P1,Nathalie
WA-0104,whatsapp,2026-05-09T14:04:00Z,Tester Buyer-Smith,+14045550199,"Hi Nathalie, I'd like to sell my house at 6034 Cedar Trail, Woodstock, GA. What's the market like in Cherokee right now?","6034 Cedar Trail, Woodstock, GA",Cherokee,,seller_lead,P2,Fabi
WA-0105,whatsapp,2026-04-02T16:16:00Z,Tester Buyer-Smith,+14045550199,Urgent: your bank account needs verification. Visit https://phish.example/,"4560 Oak Ave, Marietta, GA",Cobb,,spam,P3,ARCHIVE
WA-0106,whatsapp,2026-04-08T06:18:00Z,Tester Buyer-Smith,+14045550199,Need to move ASAP - relocating for work in 3 weeks. Can you call me today? 🙏,"2657 Sycamore Blvd, Sandy Springs, GA",Fulton,,buyer_lead,P1,Nathalie
WA-0107,whatsapp,2026-04-17T05:25:00Z,Tester Buyer-Smith,+14045550199,"Insurance renewal for 7237 Birch Ct, Canton, GA is due next month.","7237 Birch Ct, Canton, GA",Cherokee,,admin,P3,Noa
WA-0108,whatsapp,2026-05-12T06:16:00Z,Tester Buyer-Smith,+14045550199,"Neighbor in unit B has been playing loud music until 2am for a week. 1136 Pine Rd, Marietta, GA","1136 Pine Rd, Marietta, GA",Cobb,,tenant_issue,P2,Nathalie
WA-0109,whatsapp,2026-03-25T12:58:00Z,Tester Buyer-Smith,+14045550199,"Voice note transcription:
Could you send me the seller's disclosure for 6347 Riverbend Way, Lawrenceville, GA (MLS MLS-7071395)?","6347 Riverbend Way, Lawrenceville, GA",Gwinnett,MLS-7071395,document,P2,Noa
WA-0110,whatsapp,2026-04-01T08:32:00Z,Tester Buyer-Smith,+14045550199,"Voice note transcription:
Boost your listings with our premium photography package.

Also - can you let me know by tomorrow?","846 Sycamore Blvd, Kennesaw, GA",Cobb,,marketing_promo,P3,ARCHIVE
WA-0111,whatsapp,2026-04-14T03:08:00Z,Tester Buyer-Smith,+14045550199,Yoga class moved to 7am tomorrow. Want to come?,"9453 Maple Dr, Duluth, GA",Gwinnett,,personal,P3,ARCHIVE
WA-0112,whatsapp,2026-04-11T20:39:00Z,Tester Buyer-Smith,+14045550199,"Can we move tomorrow's showing at 8195 Riverbend Way, Sandy Springs, GA from 4pm to 6pm?","8195 Riverbend Way, Sandy Springs, GA",Fulton,,showing,P2,Nathalie
WA-0113,whatsapp,2026-04-27T23:15:00Z,Tester Buyer-Smith,+14045550199,The dog has a vet appointment Thursday at 10am. 🙏,"2555 Magnolia Ln, Marietta, GA",Cobb,,personal,P3,ARCHIVE
WA-0114,whatsapp,2026-03-24T10:38:00Z,Tester Buyer-Smith,+14045550199,I'm a Nigerian prince and need your help moving $25M...,"4967 Maple Dr, Lawrenceville, GA",Gwinnett,,spam,P3,ARCHIVE
WA-0115,whatsapp,2026-04-21T07:58:00Z,Tester Buyer-Smith,+14045550199,"Hey, want to grab dinner Friday at that new ramen place?","725 Cedar Trail, Lawrenceville, GA",Gwinnett,,personal,P3,ARCHIVE
WA-0116,whatsapp,2026-05-13T00:29:00Z,Tester Buyer-Smith,+14045550199,"Just confirming the security deposit is $1,500 not $2,000 like the email said.","8695 Maple Dr, Duluth, GA",Gwinnett,,billing,P3,Noa
WA-0117,whatsapp,2026-03-30T14:31:00Z,Tester Buyer-Smith,+14045550199,"Voice note transcription:
Plumber invoice for 1328 Peachtree St, Sugar Hill, GA - approving with your sign-off. 🙏","1328 Peachtree St, Sugar Hill, GA",Gwinnett,,vendor,P3,Noa
WA-0118,whatsapp,2026-04-29T13:03:00Z,Tester Buyer-Smith,+14045550199,Dentist appointment confirmed for Tuesday 2pm.,"4109 Riverbend Way, Brookhaven, GA",DeKalb,,personal,P3,ARCHIVE
WA-0119,whatsapp,2026-05-04T09:17:00Z,Tester Buyer-Smith,+14045550199,Considering listing the property in Cobb - can we schedule a CMA? 🙏,"9473 Cedar Trail, Marietta, GA",Cobb,,seller_lead,P2,Fabi
WA-0120,whatsapp,2026-04-05T05:20:00Z,Tester Buyer-Smith,+14045550199,"Running 15 min late to the showing at 9549 Oak Ave, Canton, GA, please tell the agent.

Also - can you let me know by tomorrow?","9549 Oak Ave, Canton, GA",Cherokee,,showing,P1,Fabi
WA-0121,whatsapp,2026-05-12T18:11:00Z,Tester Buyer-Smith,+14045550199,"Voice note transcription:
Light bulb in the hallway burned out, no rush. 🙏","3472 Riverbend Way, Cumming, GA",Forsyth,,maintenance,P3,Noa
WA-0122,whatsapp,2026-03-23T18:52:00Z,Tester Buyer-Smith,+14045550199,"Hi Nathalie, I'd like to sell my house at 1162 Riverbend Way, Sugar Hill, GA. What's the market like in Gwinnett right now?","1162 Riverbend Way, Sugar Hill, GA",Gwinnett,,seller_lead,P2,Fabi
WA-0123,whatsapp,2026-04-16T21:59:00Z,Tester Buyer-Smith,+14045550199,"Voice note transcription:
Could you send me the seller's disclosure for 726 Magnolia Ln, Brookhaven, GA (MLS MLS-7479342)? 🙏","726 Magnolia Ln, Brookhaven, GA",DeKalb,MLS-7479342,document,P2,Noa
WA-0124,whatsapp,2026-04-11T14:45:00Z,Tester Buyer-Smith,+14045550199,"Appraisal came in at $620k for 2439 Willow Pkwy, Sugar Hill, GA. Numbers look good.

Also - can you let me know by tomorrow?","2439 Willow Pkwy, Sugar Hill, GA",Gwinnett,,deal,P2,Nathalie
WA-0125,whatsapp,2026-05-01T23:41:00Z,Tester Buyer-Smith,+14045550199,"Voice note transcription:
Light bulb in the hallway burned out, no rush.","3553 Riverbend Way, Canton, GA",Cherokee,,maintenance,P3,Noa
WA-0126,whatsapp,2026-04-27T13:12:00Z,Tester Buyer-Smith,+14045550199,Crypto opportunity - 300% return guaranteed. Reply YES.,"8348 Birch Ct, Dunwoody, GA",DeKalb,,spam,P3,ARCHIVE
WA-0127,whatsapp,2026-04-06T11:59:00Z,Tester Buyer-Smith,+14045550199,"Hey, want to grab dinner Friday at that new ramen place?","6182 Magnolia Ln, Marietta, GA",Cobb,,personal,P3,ARCHIVE
WA-0128,whatsapp,2026-03-31T17:34:00Z,Tester Buyer-Smith,+14045550199,"Voice note transcription:
Giving 30 days' notice - moving out by end of next month. 8073 Birch Ct, Sugar Hill, GA","8073 Birch Ct, Sugar Hill, GA",Gwinnett,,contract,P1,Noa
WA-0129,whatsapp,2026-04-05T17:30:00Z,Tester Buyer-Smith,+14045550199,"Could you send me the seller's disclosure for 9783 Birch Ct, Brookhaven, GA (MLS MLS-7830011)?","9783 Birch Ct, Brookhaven, GA",DeKalb,MLS-7830011,document,P2,Noa
WA-0130,whatsapp,2026-03-25T18:47:00Z,Tester Buyer-Smith,+14045550199,"Atlanta Realtors Network: invitation to our May mixer. 🙏

Also - can you let me know by tomorrow?","8611 Cedar Trail, Marietta, GA",Cobb,,marketing_promo,P3,ARCHIVE
WA-0131,whatsapp,2026-05-02T15:59:00Z,Tester Buyer-Smith,+14045550199,Crypto opportunity - 300% return guaranteed. Reply YES.,"6866 Oak Ave, Duluth, GA",Gwinnett,,spam,P3,ARCHIVE
WA-0132,whatsapp,2026-04-27T02:43:00Z,Tester Buyer-Smith,+14045550199,"CLAIM YOUR PRIZE NOW - you've won $10,000! Click here: http://scam.example/ 🙏","8091 Oak Ave, Canton, GA",Cherokee,,spam,P3,ARCHIVE
WA-0133,whatsapp,2026-04-13T15:04:00Z,Tester Buyer-Smith,+14045550199,Closing tomorrow at 9am and the wire instructions look wrong - help!,"1798 Pine Rd, Duluth, GA",Gwinnett,,deal,P0,Nathalie
WA-0134,whatsapp,2026-05-15T18:43:00Z,Tester Buyer-Smith,+14045550199,"Plumber invoice for 3924 Sycamore Blvd, Woodstock, GA - approving with your sign-off.

Also - can you let me know by tomorrow?","3924 Sycamore Blvd, Woodstock, GA",Cherokee,,vendor,P3,Noa
WA-0135,whatsapp,2026-03-25T14:25:00Z,Tester Buyer-Smith,+14045550199,"Running 15 min late to the showing at 9915 Oak Ave, Roswell, GA, please tell the agent.

Also - can you let me know by tomorrow?","9915 Oak Ave, Roswell, GA",Fulton,,showing,P1,Nathalie
WA-0136,whatsapp,2026-05-05T20:22:00Z,Tester Buyer-Smith,+14045550199,"Hi Nathalie, I'd like to sell my house at 8113 Riverbend Way, Dunwoody, GA. What's the market like in DeKalb right now? 🙏

Also - can you let me know by tomorrow?","8113 Riverbend Way, Dunwoody, GA",DeKalb,,seller_lead,P2,Nathalie
WA-0137,whatsapp,2026-04-17T22:52:00Z,Tester Buyer-Smith,+14045550199,"Neighbor in unit B has been playing loud music until 2am for a week. 2385 Maple Dr, Lawrenceville, GA 🙏","2385 Maple Dr, Lawrenceville, GA",Gwinnett,,tenant_issue,P2,Nathalie
WA-0138,whatsapp,2026-05-04T08:19:00Z,Tester Buyer-Smith,+14045550199,"Vendor said they'd be here at 10am, no show. Can you check on them? 🙏","4632 Magnolia Ln, Cumming, GA",Forsyth,,maintenance,P2,Noa
WA-0139,whatsapp,2026-05-11T12:41:00Z,Tester Buyer-Smith,+14045550199,Need to move ASAP - relocating for work in 3 weeks. Can you call me today?,"4413 Birch Ct, Lawrenceville, GA",Gwinnett,,buyer_lead,P1,Fabi
WA-0140,whatsapp,2026-04-25T07:33:00Z,Tester Buyer-Smith,+14045550199,Boost your listings with our premium photography package.,"2972 Birch Ct, Marietta, GA",Cobb,,marketing_promo,P3,ARCHIVE
WA-0141,whatsapp,2026-05-07T23:47:00Z,Tester Buyer-Smith,+14045550199,"HOA sent a notice about new pool hours, forwarding to you.","4650 Willow Pkwy, Canton, GA",Cherokee,,admin,P3,Noa
WA-0142,whatsapp,2026-05-04T19:19:00Z,Tester Buyer-Smith,+14045550199,"Voice note transcription:
Yoga class moved to 7am tomorrow. Want to come? 🙏","5951 Birch Ct, Brookhaven, GA",DeKalb,,personal,P3,ARCHIVE
WA-0143,whatsapp,2026-03-30T06:14:00Z,Tester Buyer-Smith,+14045550199,"EMERGENCY - water is pouring from the ceiling in unit at 3488 Magnolia Ln, Decatur, GA!!","3488 Magnolia Ln, Decatur, GA",DeKalb,,tenant_issue,P0,Nathalie
WA-0144,whatsapp,2026-03-21T21:11:00Z,Tester Buyer-Smith,+14045550199,Boost your listings with our premium photography package.,"1592 Magnolia Ln, Woodstock, GA",Cherokee,,marketing_promo,P3,ARCHIVE
WA-0145,whatsapp,2026-04-04T20:29:00Z,Tester Buyer-Smith,+14045550199,"Voice note transcription:
HOA sent a notice about new pool hours, forwarding to you. 🙏","6899 Maple Dr, Sugar Hill, GA",Gwinnett,,admin,P3,Noa
WA-0146,whatsapp,2026-04-07T13:54:00Z,Tester Buyer-Smith,+14045550199,"Can we set up a walkthrough next Tuesday for the move-out at 9244 Pine Rd, Woodstock, GA?

Also - can you let me know by tomorrow?","9244 Pine Rd, Woodstock, GA",Cherokee,,scheduling,P2,Noa
WA-0147,whatsapp,2026-04-23T01:51:00Z,Tester Buyer-Smith,+14045550199,"Voice note transcription:
Mom's birthday is next week - did you order the cake?","4102 Magnolia Ln, Canton, GA",Cherokee,,personal,P3,ARCHIVE
WA-0148,whatsapp,2026-05-08T05:58:00Z,Tester Buyer-Smith,+14045550199,Dentist appointment confirmed for Tuesday 2pm. 🙏,"6703 Birch Ct, Sugar Hill, GA",Gwinnett,,personal,P3,ARCHIVE
WA-0149,whatsapp,2026-04-19T22:38:00Z,Tester Buyer-Smith,+14045550199,"Running 15 min late to the showing at 6733 Maple Dr, Duluth, GA, please tell the agent.","6733 Maple Dr, Duluth, GA",Gwinnett,,showing,P1,Fabi
WA-0150,whatsapp,2026-04-18T09:28:00Z,Tester Buyer-Smith,+14045550199,"Vendor said they'd be here at 10am, no show. Can you check on them?","9049 Riverbend Way, Dunwoody, GA",DeKalb,,maintenance,P2,Noa
WA-0151,whatsapp,2026-03-27T21:09:00Z,Tester Buyer-Smith,+14045550199,Looking for a 3BR/2BA in Fulton county under $550k. Do you have anything coming up?,"7297 Oak Ave, Sandy Springs, GA",Fulton,,buyer_lead,P2,Nathalie
WA-0152,whatsapp,2026-03-24T00:58:00Z,Tester Buyer-Smith,+14045550199,FYI we're out of milk. Can you grab some on the way home?,"3646 Maple Dr, Decatur, GA",DeKalb,,personal,P3,ARCHIVE
WA-0153,whatsapp,2026-04-18T03:19:00Z,Tester Buyer-Smith,+14045550199,"Voice note transcription:
Hi, I saw the listing at 7534 Sycamore Blvd, Sandy Springs, GA. Is it still available? I'd love a tour this weekend.

Also - can you let me know by tomorrow?","7534 Sycamore Blvd, Sandy Springs, GA",Fulton,,buyer_lead,P2,Nathalie
WA-0154,whatsapp,2026-05-13T04:30:00Z,Tester Buyer-Smith,+14045550199,Your monthly newsletter from RealEstateDigest is here.,"4865 Cedar Trail, Lawrenceville, GA",Gwinnett,,marketing_promo,P3,ARCHIVE
WA-0155,whatsapp,2026-04-02T07:23:00Z,Tester Buyer-Smith,+14045550199,"I'm a Nigerian prince and need your help moving $25M...

Also - can you let me know by tomorrow?","3715 Riverbend Way, Smyrna, GA",Cobb,,spam,P3,ARCHIVE
WA-0156,whatsapp,2026-03-20T04:50:00Z,Tester Buyer-Smith,+14045550199,"Voice note transcription:
Got a late fee but I have proof I paid on time. Can we sort this out? 🙏

Also - can you let me know by tomorrow?","9031 Cedar Trail, Cumming, GA",Forsyth,,billing,P2,Noa
WA-0157,whatsapp,2026-04-03T03:22:00Z,Tester Buyer-Smith,+14045550199,"Pickup at school is at 3:15 today, can you grab the kids?","6353 Maple Dr, Smyrna, GA",Cobb,,personal,P3,ARCHIVE
WA-0158,whatsapp,2026-04-05T12:35:00Z,Tester Buyer-Smith,+14045550199,"Voice note transcription:
No heat for 2 days now, my baby is freezing. 6121 Maple Dr, Roswell, GA 🙏","6121 Maple Dr, Roswell, GA",Fulton,,tenant_issue,P0,Nathalie
WA-0159,whatsapp,2026-04-01T21:50:00Z,Tester Buyer-Smith,+14045550199,Atlanta Realtors Network: invitation to our May mixer. 🙏,"3003 Sycamore Blvd, Canton, GA",Cherokee,,marketing_promo,P3,ARCHIVE
WA-0160,whatsapp,2026-03-23T21:36:00Z,Tester Buyer-Smith,+14045550199,Question on clause 7.b of the contract - what does 'as-is' really mean here?,"4508 Riverbend Way, Brookhaven, GA",DeKalb,,contract,P2,Noa
WA-0161,whatsapp,2026-04-14T08:38:00Z,Tester Buyer-Smith,+14045550199,"AC stopped cooling at 7384 Oak Ave, Smyrna, GA. Indoor temp is 84F.","7384 Oak Ave, Smyrna, GA",Cobb,,tenant_issue,P1,Nathalie
WA-0162,whatsapp,2026-03-25T09:16:00Z,Tester Buyer-Smith,+14045550199,Dentist appointment confirmed for Tuesday 2pm.,"4209 Sycamore Blvd, Brookhaven, GA",DeKalb,,personal,P3,ARCHIVE
WA-0163,whatsapp,2026-04-06T20:33:00Z,Tester Buyer-Smith,+14045550199,FYI we're out of milk. Can you grab some on the way home?,"5707 Birch Ct, Sandy Springs, GA",Fulton,,personal,P3,ARCHIVE
WA-0164,whatsapp,2026-04-30T21:56:00Z,Tester Buyer-Smith,+14045550199,"Urgent: your bank account needs verification. Visit https://phish.example/

Also - can you let me know by tomorrow?","4172 Cedar Trail, Woodstock, GA",Cherokee,,spam,P3,ARCHIVE
WA-0165,whatsapp,2026-04-16T20:10:00Z,Tester Buyer-Smith,+14045550199,Saw a roach in the kitchen - can pest control come this week?,"3730 Birch Ct, Cumming, GA",Forsyth,,tenant_issue,P2,Nathalie
WA-0166,whatsapp,2026-04-06T14:53:00Z,Tester Buyer-Smith,+14045550199,"Hi, I saw the listing at 3469 Pine Rd, Dunwoody, GA. Is it still available? I'd love a tour this weekend.","3469 Pine Rd, Dunwoody, GA",DeKalb,,buyer_lead,P2,Nathalie
WA-0167,whatsapp,2026-05-14T13:00:00Z,Tester Buyer-Smith,+14045550199,"Voice note transcription:
Need to move ASAP - relocating for work in 3 weeks. Can you call me today?","9192 Pine Rd, Cumming, GA",Forsyth,,buyer_lead,P1,Fabi
WA-0168,whatsapp,2026-05-13T21:55:00Z,Tester Buyer-Smith,+14045550199,"Voice note transcription:
Bathroom faucet is dripping non-stop, can a plumber come look?","1034 Oak Ave, Kennesaw, GA",Cobb,,tenant_issue,P2,Nathalie
WA-0169,whatsapp,2026-03-24T00:25:00Z,Tester Buyer-Smith,+14045550199,Boost your listings with our premium photography package. 🙏,"6969 Cedar Trail, Woodstock, GA",Cherokee,,marketing_promo,P3,ARCHIVE
WA-0170,whatsapp,2026-03-19T20:35:00Z,Tester Buyer-Smith,+14045550199,"Plumber invoice for 8259 Cedar Trail, Marietta, GA - approving with your sign-off. 🙏","8259 Cedar Trail, Marietta, GA",Cobb,,vendor,P3,Noa
WA-0171,whatsapp,2026-05-13T12:53:00Z,Tester Buyer-Smith,+14045550199,"Voice note transcription:
Boost your listings with our premium photography package. 🙏","7612 Magnolia Ln, Decatur, GA",DeKalb,,marketing_promo,P3,ARCHIVE
WA-0172,whatsapp,2026-04-23T00:09:00Z,Tester Buyer-Smith,+14045550199,"Just confirming the security deposit is $1,500 not $2,000 like the email said.","4906 Pine Rd, Lawrenceville, GA",Gwinnett,,billing,P3,Noa
WA-0173,whatsapp,2026-03-23T05:40:00Z,Tester Buyer-Smith,+14045550199,"Plumber invoice for 7068 Pine Rd, Smyrna, GA - approving with your sign-off.","7068 Pine Rd, Smyrna, GA",Cobb,,vendor,P3,Noa
WA-0174,whatsapp,2026-05-09T15:02:00Z,Tester Buyer-Smith,+14045550199,"Yoga class moved to 7am tomorrow. Want to come? 🙏

Also - can you let me know by tomorrow?","6673 Riverbend Way, Dunwoody, GA",DeKalb,,personal,P3,ARCHIVE
WA-0175,whatsapp,2026-05-02T15:45:00Z,Tester Buyer-Smith,+14045550199,"EMERGENCY - water is pouring from the ceiling in unit at 3074 Birch Ct, Cumming, GA!! 🙏","3074 Birch Ct, Cumming, GA",Forsyth,,tenant_issue,P0,Nathalie
WA-0176,whatsapp,2026-03-22T07:34:00Z,Tester Buyer-Smith,+14045550199,"AC stopped cooling at 2564 Pine Rd, Duluth, GA. Indoor temp is 84F. 🙏

Also - can you let me know by tomorrow?","2564 Pine Rd, Duluth, GA",Gwinnett,,tenant_issue,P1,Nathalie
WA-0177,whatsapp,2026-04-16T00:41:00Z,Tester Buyer-Smith,+14045550199,"Insurance renewal for 262 Magnolia Ln, Duluth, GA is due next month.","262 Magnolia Ln, Duluth, GA",Gwinnett,,admin,P3,Noa
WA-0178,whatsapp,2026-05-05T17:38:00Z,Tester Buyer-Smith,+14045550199,"Neighbor in unit B has been playing loud music until 2am for a week. 4025 Birch Ct, Cumming, GA

Also - can you let me know by tomorrow?","4025 Birch Ct, Cumming, GA",Forsyth,,tenant_issue,P2,Nathalie
WA-0179,whatsapp,2026-04-28T02:15:00Z,Tester Buyer-Smith,+14045550199,I'm a Nigerian prince and need your help moving $25M...,"7857 Riverbend Way, Canton, GA",Cherokee,,spam,P3,ARCHIVE
WA-0180,whatsapp,2026-04-16T22:33:00Z,Tester Buyer-Smith,+14045550199,"Crypto opportunity - 300% return guaranteed. Reply YES.

Also - can you let me know by tomorrow?","8939 Pine Rd, Decatur, GA",DeKalb,,spam,P3,ARCHIVE
WA-0181,whatsapp,2026-05-05T07:42:00Z,Tester Buyer-Smith,+14045550199,"Voice note transcription:
No heat for 2 days now, my baby is freezing. 7365 Willow Pkwy, Brookhaven, GA","7365 Willow Pkwy, Brookhaven, GA",DeKalb,,tenant_issue,P0,Nathalie
WA-0182,whatsapp,2026-04-22T00:14:00Z,Tester Buyer-Smith,+14045550199,"The dog has a vet appointment Thursday at 10am.

Also - can you let me know by tomorrow?","1985 Peachtree St, Atlanta, GA",Fulton,,personal,P3,ARCHIVE
WA-0183,whatsapp,2026-05-10T08:56:00Z,Tester Buyer-Smith,+14045550199,"I'm at 2226 Sycamore Blvd, Cumming, GA but the door is locked. Are you on the way? 🙏","2226 Sycamore Blvd, Cumming, GA",Forsyth,,showing,P1,Fabi
WA-0184,whatsapp,2026-04-14T14:49:00Z,Tester Buyer-Smith,+14045550199,"No heat for 2 days now, my baby is freezing. 2466 Riverbend Way, Canton, GA

Also - can you let me know by tomorrow?","2466 Riverbend Way, Canton, GA",Cherokee,,tenant_issue,P0,Nathalie
WA-0185,whatsapp,2026-04-25T12:18:00Z,Tester Buyer-Smith,+14045550199,The dog has a vet appointment Thursday at 10am. 🙏,"5441 Peachtree St, Atlanta, GA",Fulton,,personal,P3,ARCHIVE
WA-0186,whatsapp,2026-03-27T01:54:00Z,Tester Buyer-Smith,+14045550199,"Neighbor in unit B has been playing loud music until 2am for a week. 4565 Willow Pkwy, Cumming, GA 🙏","4565 Willow Pkwy, Cumming, GA",Forsyth,,tenant_issue,P2,Nathalie
WA-0187,whatsapp,2026-04-20T10:48:00Z,Tester Buyer-Smith,+14045550199,"Running 15 min late to the showing at 5595 Magnolia Ln, Marietta, GA, please tell the agent.","5595 Magnolia Ln, Marietta, GA",Cobb,,showing,P1,Fabi
WA-0188,whatsapp,2026-04-09T21:20:00Z,Tester Buyer-Smith,+14045550199,"Insurance renewal for 5049 Sycamore Blvd, Smyrna, GA is due next month.

Also - can you let me know by tomorrow?","5049 Sycamore Blvd, Smyrna, GA",Cobb,,admin,P3,Noa
WA-0189,whatsapp,2026-05-01T08:37:00Z,Tester Buyer-Smith,+14045550199,"Got the inspection report back. There are 3 items I'd like to negotiate.

Also - can you let me know by tomorrow?","5990 Magnolia Ln, Sugar Hill, GA",Gwinnett,,deal,P1,Nathalie
WA-0190,whatsapp,2026-05-14T13:36:00Z,Tester Buyer-Smith,+14045550199,"Closing tomorrow at 9am and the wire instructions look wrong - help!

Also - can you let me know by tomorrow?","1474 Peachtree St, Lawrenceville, GA",Gwinnett,,deal,P0,Nathalie
WA-0191,whatsapp,2026-03-23T12:44:00Z,Tester Buyer-Smith,+14045550199,Looking for a 3BR/2BA in Cherokee county under $550k. Do you have anything coming up?,"3184 Cedar Trail, Canton, GA",Cherokee,,buyer_lead,P2,Fabi
WA-0192,whatsapp,2026-04-11T21:05:00Z,Tester Buyer-Smith,+14045550199,"Need your signature on the addendum for 7900 Birch Ct, Canton, GA before 5pm. 🙏

Also - can you let me know by tomorrow?","7900 Birch Ct, Canton, GA",Cherokee,,contract,P1,Noa
WA-0193,whatsapp,2026-03-19T00:35:00Z,Tester Buyer-Smith,+14045550199,"Locked out of 3936 Oak Ave, Atlanta, GA at 11pm with the kids in the car. 🙏

Also - can you let me know by tomorrow?","3936 Oak Ave, Atlanta, GA",Fulton,,tenant_issue,P0,Nathalie
WA-0194,whatsapp,2026-04-10T23:30:00Z,Tester Buyer-Smith,+14045550199,"Hi Nathalie, I'd like to sell my house at 8776 Cedar Trail, Atlanta, GA. What's the market like in Fulton right now?","8776 Cedar Trail, Atlanta, GA",Fulton,,seller_lead,P2,Nathalie
WA-0195,whatsapp,2026-04-15T01:46:00Z,Tester Buyer-Smith,+14045550199,"Voice note transcription:
I'm at 3652 Peachtree St, Smyrna, GA but the door is locked. Are you on the way?","3652 Peachtree St, Smyrna, GA",Cobb,,showing,P1,Fabi
WA-0196,whatsapp,2026-04-06T19:42:00Z,Tester Buyer-Smith,+14045550199,Urgent: your bank account needs verification. Visit https://phish.example/ 🙏,"8906 Cedar Trail, Dunwoody, GA",DeKalb,,spam,P3,ARCHIVE
WA-0197,whatsapp,2026-04-26T07:37:00Z,Tester Buyer-Smith,+14045550199,"Voice note transcription:
Can we move tomorrow's showing at 9124 Cedar Trail, Kennesaw, GA from 4pm to 6pm?","9124 Cedar Trail, Kennesaw, GA",Cobb,,showing,P2,Fabi
WA-0198,whatsapp,2026-05-07T02:09:00Z,Tester Buyer-Smith,+14045550199,Atlanta Realtors Network: invitation to our May mixer. 🙏,"8248 Magnolia Ln, Dunwoody, GA",DeKalb,,marketing_promo,P3,ARCHIVE
WA-0199,whatsapp,2026-04-01T21:41:00Z,Tester Buyer-Smith,+14045550199,Saw a roach in the kitchen - can pest control come this week?,"6601 Riverbend Way, Duluth, GA",Gwinnett,,tenant_issue,P2,Nathalie
WA-0200,whatsapp,2026-03-30T23:10:00Z,Tester Buyer-Smith,+14045550199,Boost your listings with our premium photography package.,"3563 Peachtree St, Kennesaw, GA",Cobb,,marketing_promo,P3,ARCHIVE
WA-0201,whatsapp,2026-05-06T04:16:00Z,Tester Buyer-Smith,+14045550199,"Need to move ASAP - relocating for work in 3 weeks. Can you call me today?

Also - can you let me know by tomorrow?","9860 Willow Pkwy, Lawrenceville, GA",Gwinnett,,buyer_lead,P1,Fabi
WA-0202,whatsapp,2026-04-05T12:39:00Z,Tester Buyer-Smith,+14045550199,Crypto opportunity - 300% return guaranteed. Reply YES.,"6419 Birch Ct, Canton, GA",Cherokee,,spam,P3,ARCHIVE
WA-0203,whatsapp,2026-04-23T01:24:00Z,Tester Buyer-Smith,+14045550199,"Hi, I saw the listing at 1747 Willow Pkwy, Woodstock, GA. Is it still available? I'd love a tour this weekend.

Also - can you let me know by tomorrow?","1747 Willow Pkwy, Woodstock, GA",Cherokee,,buyer_lead,P2,Fabi
WA-0204,whatsapp,2026-05-03T22:08:00Z,Tester Buyer-Smith,+14045550199,Atlanta Realtors Network: invitation to our May mixer.,"5779 Peachtree St, Lawrenceville, GA",Gwinnett,,marketing_promo,P3,ARCHIVE
WA-0205,whatsapp,2026-04-11T15:28:00Z,Tester Buyer-Smith,+14045550199,"No heat for 2 days now, my baby is freezing. 2150 Peachtree St, Sugar Hill, GA 🙏","2150 Peachtree St, Sugar Hill, GA",Gwinnett,,tenant_issue,P0,Nathalie
WA-0206,whatsapp,2026-04-06T01:26:00Z,Tester Buyer-Smith,+14045550199,Crypto opportunity - 300% return guaranteed. Reply YES. 🙏,"2587 Willow Pkwy, Smyrna, GA",Cobb,,spam,P3,ARCHIVE
WA-0207,whatsapp,2026-05-15T07:35:00Z,Tester Buyer-Smith,+14045550199,"Just confirming the security deposit is $1,500 not $2,000 like the email said. 🙏","8574 Birch Ct, Sandy Springs, GA",Fulton,,billing,P3,Noa
WA-0208,whatsapp,2026-04-07T23:40:00Z,Tester Buyer-Smith,+14045550199,"Light bulb in the hallway burned out, no rush.","7106 Sycamore Blvd, Woodstock, GA",Cherokee,,maintenance,P3,Noa
WA-0209,whatsapp,2026-03-26T12:43:00Z,Tester Buyer-Smith,+14045550199,"No heat for 2 days now, my baby is freezing. 183 Sycamore Blvd, Marietta, GA","183 Sycamore Blvd, Marietta, GA",Cobb,,tenant_issue,P0,Nathalie
WA-0210,whatsapp,2026-05-15T11:09:00Z,Tester Buyer-Smith,+14045550199,"Bathroom faucet is dripping non-stop, can a plumber come look?

Also - can you let me know by tomorrow?","9392 Maple Dr, Brookhaven, GA",DeKalb,,tenant_issue,P2,Nathalie
WA-0211,whatsapp,2026-04-11T22:51:00Z,Tester Buyer-Smith,+14045550199,"Boost your listings with our premium photography package.

Also - can you let me know by tomorrow?","8403 Pine Rd, Cumming, GA",Forsyth,,marketing_promo,P3,ARCHIVE
WA-0212,whatsapp,2026-03-19T07:09:00Z,Tester Buyer-Smith,+14045550199,"I'm at 3488 Magnolia Ln, Marietta, GA but the door is locked. Are you on the way?","3488 Magnolia Ln, Marietta, GA",Cobb,,showing,P1,Fabi
WA-0213,whatsapp,2026-04-18T05:43:00Z,Tester Buyer-Smith,+14045550199,"Pickup at school is at 3:15 today, can you grab the kids?","1109 Willow Pkwy, Kennesaw, GA",Cobb,,personal,P3,ARCHIVE
WA-0214,whatsapp,2026-05-09T20:41:00Z,Tester Buyer-Smith,+14045550199,Got the inspection report back. There are 3 items I'd like to negotiate.,"3002 Birch Ct, Smyrna, GA",Cobb,,deal,P1,Nathalie
WA-0215,whatsapp,2026-03-30T15:58:00Z,Tester Buyer-Smith,+14045550199,"Need to renew the lease at 1149 Magnolia Ln, Smyrna, GA. Can you send the renewal terms?","1149 Magnolia Ln, Smyrna, GA",Cobb,,contract,P2,Noa
WA-0216,whatsapp,2026-04-29T13:43:00Z,Tester Buyer-Smith,+14045550199,"Giving 30 days' notice - moving out by end of next month. 355 Sycamore Blvd, Kennesaw, GA","355 Sycamore Blvd, Kennesaw, GA",Cobb,,contract,P1,Noa
WA-0217,whatsapp,2026-05-14T03:50:00Z,Tester Buyer-Smith,+14045550199,"Just confirming the security deposit is $1,500 not $2,000 like the email said. 🙏","7065 Maple Dr, Atlanta, GA",Fulton,,billing,P3,Noa
WA-0218,whatsapp,2026-04-05T05:41:00Z,Tester Buyer-Smith,+14045550199,"Counter-offer received on 7461 Birch Ct, Lawrenceville, GA - they want 5k more. What do you think?

Also - can you let me know by tomorrow?","7461 Birch Ct, Lawrenceville, GA",Gwinnett,,deal,P1,Nathalie
WA-0219,whatsapp,2026-05-03T06:27:00Z,Tester Buyer-Smith,+14045550199,"Pickup at school is at 3:15 today, can you grab the kids? 🙏

Also - can you let me know by tomorrow?","2989 Oak Ave, Canton, GA",Cherokee,,personal,P3,ARCHIVE
WA-0220,whatsapp,2026-03-22T08:44:00Z,Tester Buyer-Smith,+14045550199,Question on clause 7.b of the contract - what does 'as-is' really mean here?,"4578 Cedar Trail, Cumming, GA",Forsyth,,contract,P2,Noa
WA-0221,whatsapp,2026-04-29T12:19:00Z,Tester Buyer-Smith,+14045550199,"Voice note transcription:
Our offer on 1519 Maple Dr, Woodstock, GA expires at 5pm today, can you confirm acceptance??","1519 Maple Dr, Woodstock, GA",Cherokee,,buyer_lead,P0,Fabi
WA-0222,whatsapp,2026-05-07T22:56:00Z,Tester Buyer-Smith,+14045550199,"Voice note transcription:
No heat for 2 days now, my baby is freezing. 3831 Oak Ave, Canton, GA

Also - can you let me know by tomorrow?","3831 Oak Ave, Canton, GA",Cherokee,,tenant_issue,P0,Nathalie
WA-0223,whatsapp,2026-03-28T16:25:00Z,Tester Buyer-Smith,+14045550199,"No heat for 2 days now, my baby is freezing. 7680 Magnolia Ln, Dunwoody, GA","7680 Magnolia Ln, Dunwoody, GA",DeKalb,,tenant_issue,P0,Nathalie
WA-0224,whatsapp,2026-05-17T10:18:00Z,Tester Buyer-Smith,+14045550199,"Voice note transcription:
Neighbor in unit B has been playing loud music until 2am for a week. 6449 Pine Rd, Marietta, GA 🙏

Also - can you let me know by tomorrow?","6449 Pine Rd, Marietta, GA",Cobb,,tenant_issue,P2,Nathalie
WA-0225,whatsapp,2026-04-13T05:13:00Z,Tester Buyer-Smith,+14045550199,"The painter quoted $1,800 for unit B at 9468 Oak Ave, Brookhaven, GA - does that look right? 🙏","9468 Oak Ave, Brookhaven, GA",DeKalb,,vendor,P2,Noa
WA-0226,whatsapp,2026-04-05T12:39:00Z,Tester Buyer-Smith,+14045550199,"Giving 30 days' notice - moving out by end of next month. 5960 Willow Pkwy, Brookhaven, GA","5960 Willow Pkwy, Brookhaven, GA",DeKalb,,contract,P1,Noa
WA-0227,whatsapp,2026-03-21T09:19:00Z,Tester Buyer-Smith,+14045550199,"Plumber invoice for 8922 Maple Dr, Atlanta, GA - approving with your sign-off.","8922 Maple Dr, Atlanta, GA",Fulton,,vendor,P3,Noa
WA-0228,whatsapp,2026-04-27T11:38:00Z,Tester Buyer-Smith,+14045550199,"Voice note transcription:
Got a late fee but I have proof I paid on time. Can we sort this out?

Also - can you let me know by tomorrow?","5725 Riverbend Way, Dunwoody, GA",DeKalb,,billing,P2,Noa
WA-0229,whatsapp,2026-05-10T13:43:00Z,Tester Buyer-Smith,+14045550199,"Can we set up a walkthrough next Tuesday for the move-out at 5936 Magnolia Ln, Kennesaw, GA? 🙏

Also - can you let me know by tomorrow?","5936 Magnolia Ln, Kennesaw, GA",Cobb,,scheduling,P2,Noa
WA-0230,whatsapp,2026-04-06T06:54:00Z,Tester Buyer-Smith,+14045550199,Considering listing the property in DeKalb - can we schedule a CMA?,"2523 Pine Rd, Decatur, GA",DeKalb,,seller_lead,P2,Nathalie
WA-0231,whatsapp,2026-04-01T14:51:00Z,Tester Buyer-Smith,+14045550199,"Light bulb in the hallway burned out, no rush.","3187 Peachtree St, Smyrna, GA",Cobb,,maintenance,P3,Noa
WA-0232,whatsapp,2026-04-27T23:45:00Z,Tester Buyer-Smith,+14045550199,"Bathroom faucet is dripping non-stop, can a plumber come look?

Also - can you let me know by tomorrow?","617 Riverbend Way, Sandy Springs, GA",Fulton,,tenant_issue,P2,Nathalie
WA-0233,whatsapp,2026-04-04T07:55:00Z,Tester Buyer-Smith,+14045550199,Your monthly newsletter from RealEstateDigest is here. 🙏,"3922 Sycamore Blvd, Decatur, GA",DeKalb,,marketing_promo,P3,ARCHIVE
WA-0234,whatsapp,2026-04-16T14:45:00Z,Tester Buyer-Smith,+14045550199,"Hey, want to grab dinner Friday at that new ramen place? 🙏

Also - can you let me know by tomorrow?","3291 Maple Dr, Dunwoody, GA",DeKalb,,personal,P3,ARCHIVE
WA-0235,whatsapp,2026-04-08T18:45:00Z,Tester Buyer-Smith,+14045550199,Your monthly newsletter from RealEstateDigest is here.,"9515 Peachtree St, Dunwoody, GA",DeKalb,,marketing_promo,P3,ARCHIVE
WA-0236,whatsapp,2026-04-30T18:15:00Z,Tester Buyer-Smith,+14045550199,Yoga class moved to 7am tomorrow. Want to come?,"7260 Willow Pkwy, Kennesaw, GA",Cobb,,personal,P3,ARCHIVE
WA-0237,whatsapp,2026-05-12T07:11:00Z,Tester Buyer-Smith,+14045550199,FYI we're out of milk. Can you grab some on the way home?,"5517 Pine Rd, Kennesaw, GA",Cobb,,personal,P3,ARCHIVE
WA-0238,whatsapp,2026-03-29T18:20:00Z,Tester Buyer-Smith,+14045550199,I'm a Nigerian prince and need your help moving $25M...,"8747 Willow Pkwy, Sandy Springs, GA",Fulton,,spam,P3,ARCHIVE
WA-0239,whatsapp,2026-05-14T15:24:00Z,Tester Buyer-Smith,+14045550199,The work order #4421 for the dishwasher - any update?,"2257 Maple Dr, Marietta, GA",Cobb,,maintenance,P2,Noa
WA-0240,whatsapp,2026-04-05T17:24:00Z,Tester Buyer-Smith,+14045550199,"Plumber invoice for 9095 Cedar Trail, Atlanta, GA - approving with your sign-off.","9095 Cedar Trail, Atlanta, GA",Fulton,,vendor,P3,Noa
WA-0241,whatsapp,2026-04-15T08:49:00Z,Tester Buyer-Smith,+14045550199,"Running 15 min late to the showing at 2914 Oak Ave, Dunwoody, GA, please tell the agent.

Also - can you let me know by tomorrow?","2914 Oak Ave, Dunwoody, GA",DeKalb,,showing,P1,Nathalie
WA-0242,whatsapp,2026-03-21T10:41:00Z,Tester Buyer-Smith,+14045550199,The work order #4421 for the dishwasher - any update? 🙏,"9867 Pine Rd, Duluth, GA",Gwinnett,,maintenance,P2,Noa
WA-0243,whatsapp,2026-04-04T15:21:00Z,Tester Buyer-Smith,+14045550199,"Voice note transcription:
Plumber invoice for 6146 Pine Rd, Sandy Springs, GA - approving with your sign-off.","6146 Pine Rd, Sandy Springs, GA",Fulton,,vendor,P3,Noa
WA-0244,whatsapp,2026-03-19T03:46:00Z,Tester Buyer-Smith,+14045550199,"Vendor said they'd be here at 10am, no show. Can you check on them?","3723 Cedar Trail, Woodstock, GA",Cherokee,,maintenance,P2,Noa
WA-0245,whatsapp,2026-03-26T08:31:00Z,Tester Buyer-Smith,+14045550199,"CLAIM YOUR PRIZE NOW - you've won $10,000! Click here: http://scam.example/ 🙏","2665 Peachtree St, Cumming, GA",Forsyth,,spam,P3,ARCHIVE
WA-0246,whatsapp,2026-04-24T16:17:00Z,Tester Buyer-Smith,+14045550199,"EMERGENCY - water is pouring from the ceiling in unit at 3700 Cedar Trail, Lawrenceville, GA!! 🙏","3700 Cedar Trail, Lawrenceville, GA",Gwinnett,,tenant_issue,P0,Nathalie
WA-0247,whatsapp,2026-04-15T23:54:00Z,Tester Buyer-Smith,+14045550199,"The work order #4421 for the dishwasher - any update?

Also - can you let me know by tomorrow?","6252 Birch Ct, Lawrenceville, GA",Gwinnett,,maintenance,P2,Noa
WA-0248,whatsapp,2026-04-29T08:26:00Z,Tester Buyer-Smith,+14045550199,"Need to renew the lease at 6741 Cedar Trail, Duluth, GA. Can you send the renewal terms?","6741 Cedar Trail, Duluth, GA",Gwinnett,,contract,P2,Noa
WA-0249,whatsapp,2026-05-10T15:09:00Z,Tester Buyer-Smith,+14045550199,"Your monthly newsletter from RealEstateDigest is here. 🙏

Also - can you let me know by tomorrow?","7240 Oak Ave, Dunwoody, GA",DeKalb,,marketing_promo,P3,ARCHIVE
WA-0250,whatsapp,2026-03-22T13:21:00Z,Tester Buyer-Smith,+14045550199,"Voice note transcription:
Locked out of 2358 Birch Ct, Marietta, GA at 11pm with the kids in the car.

Also - can you let me know by tomorrow?","2358 Birch Ct, Marietta, GA",Cobb,,tenant_issue,P0,Nathalie
WA-0251,whatsapp,2026-04-22T14:33:00Z,Tester Buyer-Smith,+14045550199,"Could you send me the seller's disclosure for 7679 Sycamore Blvd, Cumming, GA (MLS MLS-7545834)?

Also - can you let me know by tomorrow?","7679 Sycamore Blvd, Cumming, GA",Forsyth,MLS-7545834,document,P2,Noa
WA-0252,whatsapp,2026-04-16T12:56:00Z,Tester Buyer-Smith,+14045550199,"Our offer on 3137 Magnolia Ln, Lawrenceville, GA expires at 5pm today, can you confirm acceptance?? 🙏

Also - can you let me know by tomorrow?","3137 Magnolia Ln, Lawrenceville, GA",Gwinnett,,buyer_lead,P0,Fabi
WA-0253,whatsapp,2026-04-06T10:35:00Z,Tester Buyer-Smith,+14045550199,"Atlanta Realtors Network: invitation to our May mixer.

Also - can you let me know by tomorrow?","8401 Cedar Trail, Sugar Hill, GA",Gwinnett,,marketing_promo,P3,ARCHIVE
WA-0254,whatsapp,2026-04-27T19:09:00Z,Tester Buyer-Smith,+14045550199,"Could you send me the seller's disclosure for 6128 Riverbend Way, Cumming, GA (MLS MLS-7778997)? 🙏","6128 Riverbend Way, Cumming, GA",Forsyth,MLS-7778997,document,P2,Noa
WA-0255,whatsapp,2026-04-25T11:54:00Z,Tester Buyer-Smith,+14045550199,"Can we set up a walkthrough next Tuesday for the move-out at 7759 Willow Pkwy, Atlanta, GA?","7759 Willow Pkwy, Atlanta, GA",Fulton,,scheduling,P2,Noa
WA-0256,whatsapp,2026-03-30T13:59:00Z,Tester Buyer-Smith,+14045550199,"Need to renew the lease at 3996 Maple Dr, Cumming, GA. Can you send the renewal terms?

Also - can you let me know by tomorrow?","3996 Maple Dr, Cumming, GA",Forsyth,,contract,P2,Noa
WA-0257,whatsapp,2026-05-03T11:00:00Z,Tester Buyer-Smith,+14045550199,"Pickup at school is at 3:15 today, can you grab the kids?","3033 Sycamore Blvd, Kennesaw, GA",Cobb,,personal,P3,ARCHIVE
WA-0258,whatsapp,2026-05-16T12:07:00Z,Tester Buyer-Smith,+14045550199,Are you a real estate agent? Try our new CRM free for 30 days.,"2235 Cedar Trail, Smyrna, GA",Cobb,,marketing_promo,P3,ARCHIVE
WA-0259,whatsapp,2026-04-10T11:07:00Z,Tester Buyer-Smith,+14045550199,"Voice note transcription:
CLAIM YOUR PRIZE NOW - you've won $10,000! Click here: http://scam.example/ 🙏

Also - can you let me know by tomorrow?","9159 Birch Ct, Lawrenceville, GA",Gwinnett,,spam,P3,ARCHIVE
WA-0260,whatsapp,2026-05-05T17:03:00Z,Tester Buyer-Smith,+14045550199,FLASH SALE - 50% off everything at our store this weekend only!,"1070 Birch Ct, Woodstock, GA",Cherokee,,marketing_promo,P3,ARCHIVE
WA-0261,whatsapp,2026-04-21T11:53:00Z,Tester Buyer-Smith,+14045550199,"Crypto opportunity - 300% return guaranteed. Reply YES.

Also - can you let me know by tomorrow?","978 Peachtree St, Lawrenceville, GA",Gwinnett,,spam,P3,ARCHIVE
WA-0262,whatsapp,2026-04-09T04:08:00Z,Tester Buyer-Smith,+14045550199,The dog has a vet appointment Thursday at 10am.,"5113 Peachtree St, Dunwoody, GA",DeKalb,,personal,P3,ARCHIVE
WA-0263,whatsapp,2026-04-15T15:17:00Z,Tester Buyer-Smith,+14045550199,Closing tomorrow at 9am and the wire instructions look wrong - help!,"8283 Willow Pkwy, Sandy Springs, GA",Fulton,,deal,P0,Nathalie
WA-0264,whatsapp,2026-03-29T06:29:00Z,Tester Buyer-Smith,+14045550199,"Just confirming the security deposit is $1,500 not $2,000 like the email said.","2009 Peachtree St, Marietta, GA",Cobb,,billing,P3,Noa
WA-0265,whatsapp,2026-05-13T17:25:00Z,Tester Buyer-Smith,+14045550199,"I'm at 4402 Birch Ct, Canton, GA but the door is locked. Are you on the way? 🙏","4402 Birch Ct, Canton, GA",Cherokee,,showing,P1,Fabi
WA-0266,whatsapp,2026-04-11T01:50:00Z,Tester Buyer-Smith,+14045550199,"Neighbor in unit B has been playing loud music until 2am for a week. 5210 Birch Ct, Cumming, GA 🙏","5210 Birch Ct, Cumming, GA",Forsyth,,tenant_issue,P2,Nathalie
WA-0267,whatsapp,2026-05-03T19:31:00Z,Tester Buyer-Smith,+14045550199,"Plumber invoice for 4716 Oak Ave, Woodstock, GA - approving with your sign-off.

Also - can you let me know by tomorrow?","4716 Oak Ave, Woodstock, GA",Cherokee,,vendor,P3,Noa
WA-0268,whatsapp,2026-04-07T13:48:00Z,Tester Buyer-Smith,+14045550199,"Voice note transcription:
Our offer on 7699 Maple Dr, Canton, GA expires at 5pm today, can you confirm acceptance?? 🙏","7699 Maple Dr, Canton, GA",Cherokee,,buyer_lead,P0,Fabi
WA-0269,whatsapp,2026-04-10T19:59:00Z,Tester Buyer-Smith,+14045550199,"HOA sent a notice about new pool hours, forwarding to you.","1104 Riverbend Way, Duluth, GA",Gwinnett,,admin,P3,Noa
WA-0270,whatsapp,2026-04-22T00:11:00Z,Tester Buyer-Smith,+14045550199,Dentist appointment confirmed for Tuesday 2pm. 🙏,"9470 Cedar Trail, Woodstock, GA",Cherokee,,personal,P3,ARCHIVE
WA-0271,whatsapp,2026-04-05T05:38:00Z,Tester Buyer-Smith,+14045550199,"Voice note transcription:
I'm a Nigerian prince and need your help moving $25M...","5117 Sycamore Blvd, Decatur, GA",DeKalb,,spam,P3,ARCHIVE
WA-0272,whatsapp,2026-03-19T19:02:00Z,Tester Buyer-Smith,+14045550199,"Voice note transcription:
Are you a real estate agent? Try our new CRM free for 30 days.","5802 Pine Rd, Duluth, GA",Gwinnett,,marketing_promo,P3,ARCHIVE
WA-0273,whatsapp,2026-04-17T21:48:00Z,Tester Buyer-Smith,+14045550199,Need to move ASAP - relocating for work in 3 weeks. Can you call me today?,"9898 Peachtree St, Dunwoody, GA",DeKalb,,buyer_lead,P1,Nathalie
WA-0274,whatsapp,2026-05-16T07:06:00Z,Tester Buyer-Smith,+14045550199,"Vendor said they'd be here at 10am, no show. Can you check on them?","9231 Magnolia Ln, Brookhaven, GA",DeKalb,,maintenance,P2,Noa
WA-0275,whatsapp,2026-05-02T00:39:00Z,Tester Buyer-Smith,+14045550199,The work order #4421 for the dishwasher - any update? 🙏,"7530 Oak Ave, Cumming, GA",Forsyth,,maintenance,P2,Noa
WA-0276,whatsapp,2026-04-10T17:42:00Z,Tester Buyer-Smith,+14045550199,"Giving 30 days' notice - moving out by end of next month. 5676 Cedar Trail, Cumming, GA 🙏","5676 Cedar Trail, Cumming, GA",Forsyth,,contract,P1,Noa
WA-0277,whatsapp,2026-05-16T17:59:00Z,Tester Buyer-Smith,+14045550199,"Got a late fee but I have proof I paid on time. Can we sort this out? 🙏

Also - can you let me know by tomorrow?","6211 Magnolia Ln, Cumming, GA",Forsyth,,billing,P2,Noa
WA-0278,whatsapp,2026-04-21T23:48:00Z,Tester Buyer-Smith,+14045550199,"Plumber invoice for 9423 Sycamore Blvd, Sandy Springs, GA - approving with your sign-off.

Also - can you let me know by tomorrow?","9423 Sycamore Blvd, Sandy Springs, GA",Fulton,,vendor,P3,Noa
WA-0279,whatsapp,2026-04-10T04:22:00Z,Tester Buyer-Smith,+14045550199,"Neighbor in unit B has been playing loud music until 2am for a week. 1930 Peachtree St, Canton, GA

Also - can you let me know by tomorrow?","1930 Peachtree St, Canton, GA",Cherokee,,tenant_issue,P2,Nathalie
WA-0280,whatsapp,2026-04-13T03:50:00Z,Tester Buyer-Smith,+14045550199,The work order #4421 for the dishwasher - any update? 🙏,"881 Peachtree St, Duluth, GA",Gwinnett,,maintenance,P2,Noa
WA-0281,whatsapp,2026-03-21T00:58:00Z,Tester Buyer-Smith,+14045550199,"Light bulb in the hallway burned out, no rush.","1173 Cedar Trail, Sandy Springs, GA",Fulton,,maintenance,P3,Noa
WA-0282,whatsapp,2026-05-16T12:26:00Z,Tester Buyer-Smith,+14045550199,"Pickup at school is at 3:15 today, can you grab the kids? 🙏

Also - can you let me know by tomorrow?","9631 Oak Ave, Cumming, GA",Forsyth,,personal,P3,ARCHIVE
WA-0283,whatsapp,2026-05-07T16:00:00Z,Tester Buyer-Smith,+14045550199,"Voice note transcription:
Hey, want to grab dinner Friday at that new ramen place?","9595 Cedar Trail, Atlanta, GA",Fulton,,personal,P3,ARCHIVE
WA-0284,whatsapp,2026-04-14T22:12:00Z,Tester Buyer-Smith,+14045550199,Boost your listings with our premium photography package.,"783 Cedar Trail, Woodstock, GA",Cherokee,,marketing_promo,P3,ARCHIVE
WA-0285,whatsapp,2026-04-14T00:19:00Z,Tester Buyer-Smith,+14045550199,"Need to renew the lease at 1575 Pine Rd, Decatur, GA. Can you send the renewal terms?

Also - can you let me know by tomorrow?","1575 Pine Rd, Decatur, GA",DeKalb,,contract,P2,Noa
WA-0286,whatsapp,2026-04-10T23:42:00Z,Tester Buyer-Smith,+14045550199,Boost your listings with our premium photography package.,"3100 Riverbend Way, Canton, GA",Cherokee,,marketing_promo,P3,ARCHIVE
WA-0287,whatsapp,2026-04-09T12:35:00Z,Tester Buyer-Smith,+14045550199,"Locked out of 8079 Birch Ct, Atlanta, GA at 11pm with the kids in the car. 🙏","8079 Birch Ct, Atlanta, GA",Fulton,,tenant_issue,P0,Nathalie
WA-0288,whatsapp,2026-05-15T14:25:00Z,Tester Buyer-Smith,+14045550199,"Our offer on 6330 Maple Dr, Cumming, GA expires at 5pm today, can you confirm acceptance??","6330 Maple Dr, Cumming, GA",Forsyth,,buyer_lead,P0,Fabi
WA-0289,whatsapp,2026-04-04T21:04:00Z,Tester Buyer-Smith,+14045550199,"Running 15 min late to the showing at 957 Birch Ct, Sugar Hill, GA, please tell the agent.","957 Birch Ct, Sugar Hill, GA",Gwinnett,,showing,P1,Fabi
WA-0290,whatsapp,2026-05-07T10:33:00Z,Tester Buyer-Smith,+14045550199,FYI we're out of milk. Can you grab some on the way home?,"7353 Pine Rd, Cumming, GA",Forsyth,,personal,P3,ARCHIVE
WA-0291,whatsapp,2026-05-16T19:10:00Z,Tester Buyer-Smith,+14045550199,Are you a real estate agent? Try our new CRM free for 30 days.,"1462 Oak Ave, Canton, GA",Cherokee,,marketing_promo,P3,ARCHIVE
WA-0292,whatsapp,2026-05-06T22:36:00Z,Tester Buyer-Smith,+14045550199,"Voice note transcription:
Could you send me the seller's disclosure for 8652 Sycamore Blvd, Woodstock, GA (MLS MLS-7185950)? 🙏

Also - can you let me know by tomorrow?","8652 Sycamore Blvd, Woodstock, GA",Cherokee,MLS-7185950,document,P2,Noa
WA-0293,whatsapp,2026-05-04T00:07:00Z,Tester Buyer-Smith,+14045550199,"Our offer on 7682 Birch Ct, Sugar Hill, GA expires at 5pm today, can you confirm acceptance?? 🙏","7682 Birch Ct, Sugar Hill, GA",Gwinnett,,buyer_lead,P0,Fabi
WA-0294,whatsapp,2026-05-10T21:49:00Z,Tester Buyer-Smith,+14045550199,"Your monthly newsletter from RealEstateDigest is here.

Also - can you let me know by tomorrow?","3151 Birch Ct, Marietta, GA",Cobb,,marketing_promo,P3,ARCHIVE
WA-0295,whatsapp,2026-04-07T21:10:00Z,Tester Buyer-Smith,+14045550199,"Can we set up a walkthrough next Tuesday for the move-out at 8281 Pine Rd, Sugar Hill, GA?

Also - can you let me know by tomorrow?","8281 Pine Rd, Sugar Hill, GA",Gwinnett,,scheduling,P2,Noa
WA-0296,whatsapp,2026-05-10T08:55:00Z,Tester Buyer-Smith,+14045550199,"Vendor said they'd be here at 10am, no show. Can you check on them?

Also - can you let me know by tomorrow?","6114 Willow Pkwy, Kennesaw, GA",Cobb,,maintenance,P2,Noa
WA-0297,whatsapp,2026-04-27T13:18:00Z,Tester Buyer-Smith,+14045550199,"CLAIM YOUR PRIZE NOW - you've won $10,000! Click here: http://scam.example/","9544 Pine Rd, Lawrenceville, GA",Gwinnett,,spam,P3,ARCHIVE
WA-0298,whatsapp,2026-04-23T00:41:00Z,Tester Buyer-Smith,+14045550199,"Gas leak smell in the apartment, I called 911. 9693 Sycamore Blvd, Brookhaven, GA

Also - can you let me know by tomorrow?","9693 Sycamore Blvd, Brookhaven, GA",DeKalb,,tenant_issue,P0,Nathalie
WA-0299,whatsapp,2026-05-10T10:43:00Z,Tester Buyer-Smith,+14045550199,The dog has a vet appointment Thursday at 10am.,"3901 Oak Ave, Cumming, GA",Forsyth,,personal,P3,ARCHIVE
WA-0300,whatsapp,2026-04-20T05:17:00Z,Tester Buyer-Smith,+14045550199,"No heat for 2 days now, my baby is freezing. 2320 Oak Ave, Cumming, GA","2320 Oak Ave, Cumming, GA",Forsyth,,tenant_issue,P0,Nathalie
WA-0301,whatsapp,2026-04-24T04:00:00Z,Tester Buyer-Smith,+14045550199,Question on clause 7.b of the contract - what does 'as-is' really mean here?,"9565 Oak Ave, Cumming, GA",Forsyth,,contract,P2,Noa
WA-0302,whatsapp,2026-04-14T11:48:00Z,Tester Buyer-Smith,+14045550199,Saw a roach in the kitchen - can pest control come this week?,"9066 Oak Ave, Canton, GA",Cherokee,,tenant_issue,P2,Nathalie
WA-0303,whatsapp,2026-05-09T16:54:00Z,Tester Buyer-Smith,+14045550199,I paid rent on the 1st but it doesn't show in the portal yet.,"4877 Maple Dr, Dunwoody, GA",DeKalb,,billing,P2,Noa
WA-0304,whatsapp,2026-03-20T16:34:00Z,Tester Buyer-Smith,+14045550199,"Hi Nathalie, I'd like to sell my house at 1408 Riverbend Way, Sugar Hill, GA. What's the market like in Gwinnett right now? 🙏","1408 Riverbend Way, Sugar Hill, GA",Gwinnett,,seller_lead,P2,Fabi
WA-0305,whatsapp,2026-04-16T06:59:00Z,Tester Buyer-Smith,+14045550199,"Running 15 min late to the showing at 7868 Riverbend Way, Marietta, GA, please tell the agent. 🙏","7868 Riverbend Way, Marietta, GA",Cobb,,showing,P1,Fabi
WA-0306,whatsapp,2026-04-21T08:56:00Z,Tester Buyer-Smith,+14045550199,"Our offer on 820 Willow Pkwy, Marietta, GA expires at 5pm today, can you confirm acceptance?? 🙏

Also - can you let me know by tomorrow?","820 Willow Pkwy, Marietta, GA",Cobb,,buyer_lead,P0,Fabi
WA-0307,whatsapp,2026-03-20T13:59:00Z,Tester Buyer-Smith,+14045550199,"Vendor said they'd be here at 10am, no show. Can you check on them?","4823 Birch Ct, Duluth, GA",Gwinnett,,maintenance,P2,Noa
WA-0308,whatsapp,2026-05-06T04:06:00Z,Tester Buyer-Smith,+14045550199,"Giving 30 days' notice - moving out by end of next month. 6007 Peachtree St, Canton, GA","6007 Peachtree St, Canton, GA",Cherokee,,contract,P1,Noa
WA-0309,whatsapp,2026-04-18T22:31:00Z,Tester Buyer-Smith,+14045550199,"Running 15 min late to the showing at 8678 Pine Rd, Woodstock, GA, please tell the agent.","8678 Pine Rd, Woodstock, GA",Cherokee,,showing,P1,Fabi
WA-0310,whatsapp,2026-05-15T13:38:00Z,Tester Buyer-Smith,+14045550199,"Pickup at school is at 3:15 today, can you grab the kids?","7738 Riverbend Way, Kennesaw, GA",Cobb,,personal,P3,ARCHIVE
WA-0311,whatsapp,2026-05-05T08:33:00Z,Tester Buyer-Smith,+14045550199,"Hey, want to grab dinner Friday at that new ramen place?","6006 Pine Rd, Sugar Hill, GA",Gwinnett,,personal,P3,ARCHIVE
WA-0312,whatsapp,2026-03-23T15:52:00Z,Tester Buyer-Smith,+14045550199,Saw a roach in the kitchen - can pest control come this week?,"6759 Sycamore Blvd, Woodstock, GA",Cherokee,,tenant_issue,P2,Nathalie
WA-0313,whatsapp,2026-04-23T13:03:00Z,Tester Buyer-Smith,+14045550199,"HOA sent a notice about new pool hours, forwarding to you.","752 Pine Rd, Smyrna, GA",Cobb,,admin,P3,Noa
WA-0314,whatsapp,2026-03-30T00:13:00Z,Tester Buyer-Smith,+14045550199,"Insurance renewal for 3808 Oak Ave, Duluth, GA is due next month.","3808 Oak Ave, Duluth, GA",Gwinnett,,admin,P3,Noa
WA-0315,whatsapp,2026-04-26T08:14:00Z,Tester Buyer-Smith,+14045550199,"Could you send me the seller's disclosure for 1164 Maple Dr, Dunwoody, GA (MLS MLS-7678086)?","1164 Maple Dr, Dunwoody, GA",DeKalb,MLS-7678086,document,P2,Noa
WA-0316,whatsapp,2026-03-19T17:43:00Z,Tester Buyer-Smith,+14045550199,"Appraisal came in at $620k for 1197 Oak Ave, Atlanta, GA. Numbers look good.

Also - can you let me know by tomorrow?","1197 Oak Ave, Atlanta, GA",Fulton,,deal,P2,Nathalie
WA-0317,whatsapp,2026-03-19T23:05:00Z,Tester Buyer-Smith,+14045550199,"Atlanta Realtors Network: invitation to our May mixer. 🙏

Also - can you let me know by tomorrow?","7763 Birch Ct, Duluth, GA",Gwinnett,,marketing_promo,P3,ARCHIVE
WA-0318,whatsapp,2026-03-27T22:28:00Z,Tester Buyer-Smith,+14045550199,"Just confirming the security deposit is $1,500 not $2,000 like the email said.","2064 Maple Dr, Cumming, GA",Forsyth,,billing,P3,Noa
WA-0319,whatsapp,2026-04-20T23:49:00Z,Tester Buyer-Smith,+14045550199,"Voice note transcription:
I'm at 8040 Birch Ct, Woodstock, GA but the door is locked. Are you on the way?","8040 Birch Ct, Woodstock, GA",Cherokee,,showing,P1,Fabi
WA-0320,whatsapp,2026-03-20T01:45:00Z,Tester Buyer-Smith,+14045550199,"Insurance renewal for 293 Oak Ave, Decatur, GA is due next month.

Also - can you let me know by tomorrow?","293 Oak Ave, Decatur, GA",DeKalb,,admin,P3,Noa
WA-0321,whatsapp,2026-04-16T01:48:00Z,Tester Buyer-Smith,+14045550199,"No heat for 2 days now, my baby is freezing. 111 Magnolia Ln, Canton, GA","111 Magnolia Ln, Canton, GA",Cherokee,,tenant_issue,P0,Nathalie
WA-0322,whatsapp,2026-04-15T12:36:00Z,Tester Buyer-Smith,+14045550199,Mom's birthday is next week - did you order the cake?,"5901 Riverbend Way, Marietta, GA",Cobb,,personal,P3,ARCHIVE
WA-0323,whatsapp,2026-04-08T03:32:00Z,Tester Buyer-Smith,+14045550199,"Running 15 min late to the showing at 9155 Cedar Trail, Marietta, GA, please tell the agent.","9155 Cedar Trail, Marietta, GA",Cobb,,showing,P1,Fabi
WA-0324,whatsapp,2026-04-25T06:47:00Z,Tester Buyer-Smith,+14045550199,"Need your signature on the addendum for 364 Sycamore Blvd, Dunwoody, GA before 5pm.","364 Sycamore Blvd, Dunwoody, GA",DeKalb,,contract,P1,Noa
WA-0325,whatsapp,2026-03-20T10:25:00Z,Tester Buyer-Smith,+14045550199,Atlanta Realtors Network: invitation to our May mixer. 🙏,"7096 Peachtree St, Decatur, GA",DeKalb,,marketing_promo,P3,ARCHIVE
WA-0326,whatsapp,2026-03-24T15:17:00Z,Tester Buyer-Smith,+14045550199,"Are you a real estate agent? Try our new CRM free for 30 days.

Also - can you let me know by tomorrow?","8607 Sycamore Blvd, Sugar Hill, GA",Gwinnett,,marketing_promo,P3,ARCHIVE
WA-0327,whatsapp,2026-04-21T09:51:00Z,Tester Buyer-Smith,+14045550199,The work order #4421 for the dishwasher - any update? 🙏,"4685 Willow Pkwy, Sugar Hill, GA",Gwinnett,,maintenance,P2,Noa
WA-0328,whatsapp,2026-04-01T14:49:00Z,Tester Buyer-Smith,+14045550199,"Need to renew the lease at 2352 Sycamore Blvd, Roswell, GA. Can you send the renewal terms?","2352 Sycamore Blvd, Roswell, GA",Fulton,,contract,P2,Noa
WA-0329,whatsapp,2026-03-25T10:26:00Z,Tester Buyer-Smith,+14045550199,Are you a real estate agent? Try our new CRM free for 30 days. 🙏,"7938 Magnolia Ln, Woodstock, GA",Cherokee,,marketing_promo,P3,ARCHIVE
WA-0330,whatsapp,2026-04-23T10:09:00Z,Tester Buyer-Smith,+14045550199,"Vendor said they'd be here at 10am, no show. Can you check on them?","3599 Peachtree St, Kennesaw, GA",Cobb,,maintenance,P2,Noa
WA-0331,whatsapp,2026-04-10T22:43:00Z,Tester Buyer-Smith,+14045550199,"Plumber invoice for 5608 Magnolia Ln, Cumming, GA - approving with your sign-off.","5608 Magnolia Ln, Cumming, GA",Forsyth,,vendor,P3,Noa
WA-0332,whatsapp,2026-03-20T12:28:00Z,Tester Buyer-Smith,+14045550199,"Could you send me the seller's disclosure for 2502 Birch Ct, Duluth, GA (MLS MLS-7702017)?","2502 Birch Ct, Duluth, GA",Gwinnett,MLS-7702017,document,P2,Noa
WA-0333,whatsapp,2026-05-08T09:34:00Z,Tester Buyer-Smith,+14045550199,"Can we set up a walkthrough next Tuesday for the move-out at 3558 Willow Pkwy, Duluth, GA? 🙏","3558 Willow Pkwy, Duluth, GA",Gwinnett,,scheduling,P2,Noa
WA-0334,whatsapp,2026-05-11T13:18:00Z,Tester Buyer-Smith,+14045550199,"Voice note transcription:
Lender needs proof of homeowners insurance by end of day.","8209 Willow Pkwy, Brookhaven, GA",DeKalb,,document,P1,Noa
WA-0335,whatsapp,2026-05-09T06:58:00Z,Tester Buyer-Smith,+14045550199,"Hi, I saw the listing at 1172 Peachtree St, Woodstock, GA. Is it still available? I'd love a tour this weekend.","1172 Peachtree St, Woodstock, GA",Cherokee,,buyer_lead,P2,Fabi
WA-0336,whatsapp,2026-04-07T02:46:00Z,Tester Buyer-Smith,+14045550199,"I'm a Nigerian prince and need your help moving $25M...

Also - can you let me know by tomorrow?","1753 Cedar Trail, Cumming, GA",Forsyth,,spam,P3,ARCHIVE
WA-0337,whatsapp,2026-03-31T18:18:00Z,Tester Buyer-Smith,+14045550199,"Light bulb in the hallway burned out, no rush.","5887 Sycamore Blvd, Smyrna, GA",Cobb,,maintenance,P3,Noa
WA-0338,whatsapp,2026-05-02T03:20:00Z,Tester Buyer-Smith,+14045550199,"I'm at 7868 Riverbend Way, Cumming, GA but the door is locked. Are you on the way?","7868 Riverbend Way, Cumming, GA",Forsyth,,showing,P1,Fabi
WA-0339,whatsapp,2026-04-22T21:25:00Z,Tester Buyer-Smith,+14045550199,Question on clause 7.b of the contract - what does 'as-is' really mean here? 🙏,"4668 Oak Ave, Sugar Hill, GA",Gwinnett,,contract,P2,Noa
WA-0340,whatsapp,2026-03-29T16:22:00Z,Tester Buyer-Smith,+14045550199,Lender needs proof of homeowners insurance by end of day. 🙏,"9763 Maple Dr, Cumming, GA",Forsyth,,document,P1,Noa
WA-0341,whatsapp,2026-04-14T00:25:00Z,Tester Buyer-Smith,+14045550199,"Atlanta Realtors Network: invitation to our May mixer. 🙏

Also - can you let me know by tomorrow?","4827 Peachtree St, Roswell, GA",Fulton,,marketing_promo,P3,ARCHIVE
WA-0342,whatsapp,2026-04-14T04:51:00Z,Tester Buyer-Smith,+14045550199,Got the inspection report back. There are 3 items I'd like to negotiate. 🙏,"9725 Willow Pkwy, Smyrna, GA",Cobb,,deal,P1,Nathalie
WA-0343,whatsapp,2026-03-29T08:53:00Z,Tester Buyer-Smith,+14045550199,"Voice note transcription:
Lender needs proof of homeowners insurance by end of day.","6326 Oak Ave, Sugar Hill, GA",Gwinnett,,document,P1,Noa
WA-0344,whatsapp,2026-04-19T23:13:00Z,Tester Buyer-Smith,+14045550199,Crypto opportunity - 300% return guaranteed. Reply YES. 🙏,"3738 Oak Ave, Woodstock, GA",Cherokee,,spam,P3,ARCHIVE
WA-0345,whatsapp,2026-04-21T22:24:00Z,Tester Buyer-Smith,+14045550199,Mom's birthday is next week - did you order the cake?,"3764 Oak Ave, Cumming, GA",Forsyth,,personal,P3,ARCHIVE
WA-0346,whatsapp,2026-04-04T18:29:00Z,Tester Buyer-Smith,+14045550199,"Looking for a 3BR/2BA in Forsyth county under $550k. Do you have anything coming up? 🙏

Also - can you let me know by tomorrow?","6266 Sycamore Blvd, Cumming, GA",Forsyth,,buyer_lead,P2,Fabi
WA-0347,whatsapp,2026-05-09T11:58:00Z,Tester Buyer-Smith,+14045550199,Need to move ASAP - relocating for work in 3 weeks. Can you call me today?,"200 Pine Rd, Cumming, GA",Forsyth,,buyer_lead,P1,Fabi
WA-0348,whatsapp,2026-04-12T18:06:00Z,Tester Buyer-Smith,+14045550199,"Vendor said they'd be here at 10am, no show. Can you check on them?","8846 Cedar Trail, Brookhaven, GA",DeKalb,,maintenance,P2,Noa
WA-0349,whatsapp,2026-04-22T04:05:00Z,Tester Buyer-Smith,+14045550199,"Voice note transcription:
Yoga class moved to 7am tomorrow. Want to come?","3309 Birch Ct, Brookhaven, GA",DeKalb,,personal,P3,ARCHIVE
WA-0350,whatsapp,2026-04-18T10:29:00Z,Tester Buyer-Smith,+14045550199,I'm a Nigerian prince and need your help moving $25M...,"437 Peachtree St, Roswell, GA",Fulton,,spam,P3,ARCHIVE
WA-0351,whatsapp,2026-05-10T08:49:00Z,Tester Buyer-Smith,+14045550199,The work order #4421 for the dishwasher - any update?,"5240 Willow Pkwy, Cumming, GA",Forsyth,,maintenance,P2,Noa
WA-0352,whatsapp,2026-04-30T09:52:00Z,Tester Buyer-Smith,+14045550199,"Voice note transcription:
Giving 30 days' notice - moving out by end of next month. 4209 Pine Rd, Lawrenceville, GA

Also - can you let me know by tomorrow?","4209 Pine Rd, Lawrenceville, GA",Gwinnett,,contract,P1,Noa
WA-0353,whatsapp,2026-04-22T13:57:00Z,Tester Buyer-Smith,+14045550199,"HOA sent a notice about new pool hours, forwarding to you.","5354 Pine Rd, Atlanta, GA",Fulton,,admin,P3,Noa
WA-0354,whatsapp,2026-05-10T04:15:00Z,Tester Buyer-Smith,+14045550199,"Question on clause 7.b of the contract - what does 'as-is' really mean here? 🙏

Also - can you let me know by tomorrow?","8707 Oak Ave, Canton, GA",Cherokee,,contract,P2,Noa
WA-0355,whatsapp,2026-04-04T18:22:00Z,Tester Buyer-Smith,+14045550199,"FLASH SALE - 50% off everything at our store this weekend only!

Also - can you let me know by tomorrow?","9295 Willow Pkwy, Duluth, GA",Gwinnett,,marketing_promo,P3,ARCHIVE
WA-0356,whatsapp,2026-03-25T09:17:00Z,Tester Buyer-Smith,+14045550199,"Gas leak smell in the apartment, I called 911. 1237 Sycamore Blvd, Atlanta, GA","1237 Sycamore Blvd, Atlanta, GA",Fulton,,tenant_issue,P0,Nathalie
WA-0357,whatsapp,2026-03-28T03:47:00Z,Tester Buyer-Smith,+14045550199,"Running 15 min late to the showing at 6038 Oak Ave, Marietta, GA, please tell the agent.","6038 Oak Ave, Marietta, GA",Cobb,,showing,P1,Fabi
WA-0358,whatsapp,2026-03-23T15:06:00Z,Tester Buyer-Smith,+14045550199,The work order #4421 for the dishwasher - any update?,"3386 Cedar Trail, Decatur, GA",DeKalb,,maintenance,P2,Noa
WA-0359,whatsapp,2026-04-13T22:23:00Z,Tester Buyer-Smith,+14045550199,"Voice note transcription:
I'm a Nigerian prince and need your help moving $25M...","9682 Oak Ave, Woodstock, GA",Cherokee,,spam,P3,ARCHIVE
WA-0360,whatsapp,2026-03-23T17:26:00Z,Tester Buyer-Smith,+14045550199,"Voice note transcription:
Need your signature on the addendum for 2397 Pine Rd, Kennesaw, GA before 5pm.","2397 Pine Rd, Kennesaw, GA",Cobb,,contract,P1,Noa
WA-0361,whatsapp,2026-04-07T00:09:00Z,Tester Buyer-Smith,+14045550199,Looking for a 3BR/2BA in Gwinnett county under $550k. Do you have anything coming up?,"1972 Willow Pkwy, Duluth, GA",Gwinnett,,buyer_lead,P2,Fabi
WA-0362,whatsapp,2026-03-28T18:52:00Z,Tester Buyer-Smith,+14045550199,"Voice note transcription:
Question on clause 7.b of the contract - what does 'as-is' really mean here?

Also - can you let me know by tomorrow?","1667 Maple Dr, Roswell, GA",Fulton,,contract,P2,Noa
WA-0363,whatsapp,2026-05-13T09:17:00Z,Tester Buyer-Smith,+14045550199,"Need to move ASAP - relocating for work in 3 weeks. Can you call me today? 🙏

Also - can you let me know by tomorrow?","3716 Sycamore Blvd, Woodstock, GA",Cherokee,,buyer_lead,P1,Fabi
WA-0364,whatsapp,2026-03-24T21:48:00Z,Tester Buyer-Smith,+14045550199,"The dog has a vet appointment Thursday at 10am.

Also - can you let me know by tomorrow?","4656 Birch Ct, Cumming, GA",Forsyth,,personal,P3,ARCHIVE
WA-0365,whatsapp,2026-03-22T09:07:00Z,Tester Buyer-Smith,+14045550199,"Need your signature on the addendum for 9574 Magnolia Ln, Brookhaven, GA before 5pm.","9574 Magnolia Ln, Brookhaven, GA",DeKalb,,contract,P1,Noa
WA-0366,whatsapp,2026-04-16T02:11:00Z,Tester Buyer-Smith,+14045550199,"The dog has a vet appointment Thursday at 10am.

Also - can you let me know by tomorrow?","7184 Maple Dr, Cumming, GA",Forsyth,,personal,P3,ARCHIVE
WA-0367,whatsapp,2026-03-24T00:06:00Z,Tester Buyer-Smith,+14045550199,Urgent: your bank account needs verification. Visit https://phish.example/,"9437 Magnolia Ln, Cumming, GA",Forsyth,,spam,P3,ARCHIVE
WA-0368,whatsapp,2026-05-09T13:49:00Z,Tester Buyer-Smith,+14045550199,"Crypto opportunity - 300% return guaranteed. Reply YES.

Also - can you let me know by tomorrow?","101 Birch Ct, Roswell, GA",Fulton,,spam,P3,ARCHIVE
WA-0369,whatsapp,2026-04-03T23:35:00Z,Tester Buyer-Smith,+14045550199,"Our offer on 7449 Peachtree St, Duluth, GA expires at 5pm today, can you confirm acceptance??","7449 Peachtree St, Duluth, GA",Gwinnett,,buyer_lead,P0,Fabi
WA-0370,whatsapp,2026-03-18T16:30:00Z,Tester Buyer-Smith,+14045550199,"Voice note transcription:
Gas leak smell in the apartment, I called 911. 1237 Sycamore Blvd, Woodstock, GA","1237 Sycamore Blvd, Woodstock, GA",Cherokee,,tenant_issue,P0,Nathalie
WA-0371,whatsapp,2026-05-04T21:07:00Z,Tester Buyer-Smith,+14045550199,"Voice note transcription:
Could you send me the seller's disclosure for 502 Sycamore Blvd, Cumming, GA (MLS MLS-7180434)?","502 Sycamore Blvd, Cumming, GA",Forsyth,MLS-7180434,document,P2,Noa
WA-0372,whatsapp,2026-03-27T05:08:00Z,Tester Buyer-Smith,+14045550199,"Can we set up a walkthrough next Tuesday for the move-out at 986 Cedar Trail, Woodstock, GA?","986 Cedar Trail, Woodstock, GA",Cherokee,,scheduling,P2,Noa
WA-0373,whatsapp,2026-03-18T18:55:00Z,Tester Buyer-Smith,+14045550199,"Our offer on 2273 Magnolia Ln, Sandy Springs, GA expires at 5pm today, can you confirm acceptance??","2273 Magnolia Ln, Sandy Springs, GA",Fulton,,buyer_lead,P0,Nathalie
WA-0374,whatsapp,2026-04-13T03:02:00Z,Tester Buyer-Smith,+14045550199,"Voice note transcription:
Can we move tomorrow's showing at 8266 Maple Dr, Brookhaven, GA from 4pm to 6pm?

Also - can you let me know by tomorrow?","8266 Maple Dr, Brookhaven, GA",DeKalb,,showing,P2,Nathalie
WA-0375,whatsapp,2026-04-05T03:08:00Z,Tester Buyer-Smith,+14045550199,"HOA sent a notice about new pool hours, forwarding to you.","8475 Sycamore Blvd, Lawrenceville, GA",Gwinnett,,admin,P3,Noa
WA-0376,whatsapp,2026-03-29T12:56:00Z,Tester Buyer-Smith,+14045550199,"Voice note transcription:
Boost your listings with our premium photography package.

Also - can you let me know by tomorrow?","6582 Birch Ct, Decatur, GA",DeKalb,,marketing_promo,P3,ARCHIVE
WA-0377,whatsapp,2026-04-26T07:15:00Z,Tester Buyer-Smith,+14045550199,I paid rent on the 1st but it doesn't show in the portal yet.,"593 Willow Pkwy, Lawrenceville, GA",Gwinnett,,billing,P2,Noa
WA-0378,whatsapp,2026-04-25T06:51:00Z,Tester Buyer-Smith,+14045550199,"Question on clause 7.b of the contract - what does 'as-is' really mean here?

Also - can you let me know by tomorrow?","4151 Oak Ave, Sugar Hill, GA",Gwinnett,,contract,P2,Noa
WA-0379,whatsapp,2026-04-04T00:30:00Z,Tester Buyer-Smith,+14045550199,"Plumber invoice for 9564 Birch Ct, Sandy Springs, GA - approving with your sign-off.","9564 Birch Ct, Sandy Springs, GA",Fulton,,vendor,P3,Noa
WA-0380,whatsapp,2026-03-28T02:08:00Z,Tester Buyer-Smith,+14045550199,"Closing tomorrow at 9am and the wire instructions look wrong - help! 🙏

Also - can you let me know by tomorrow?","9277 Riverbend Way, Sandy Springs, GA",Fulton,,deal,P0,Nathalie
WA-0381,whatsapp,2026-04-21T22:09:00Z,Tester Buyer-Smith,+14045550199,"Voice note transcription:
Hi, I saw the listing at 2761 Oak Ave, Sandy Springs, GA. Is it still available? I'd love a tour this weekend.","2761 Oak Ave, Sandy Springs, GA",Fulton,,buyer_lead,P2,Nathalie
WA-0382,whatsapp,2026-04-07T18:50:00Z,Tester Buyer-Smith,+14045550199,"Voice note transcription:
HOA sent a notice about new pool hours, forwarding to you.

Also - can you let me know by tomorrow?","958 Willow Pkwy, Atlanta, GA",Fulton,,admin,P3,Noa
WA-0383,whatsapp,2026-04-16T21:58:00Z,Tester Buyer-Smith,+14045550199,"Hi Nathalie, I'd like to sell my house at 3749 Riverbend Way, Sugar Hill, GA. What's the market like in Gwinnett right now? 🙏","3749 Riverbend Way, Sugar Hill, GA",Gwinnett,,seller_lead,P2,Fabi
WA-0384,whatsapp,2026-03-26T07:21:00Z,Tester Buyer-Smith,+14045550199,"Voice note transcription:
Can we move tomorrow's showing at 7558 Maple Dr, Cumming, GA from 4pm to 6pm?

Also - can you let me know by tomorrow?","7558 Maple Dr, Cumming, GA",Forsyth,,showing,P2,Fabi
WA-0385,whatsapp,2026-05-10T10:14:00Z,Tester Buyer-Smith,+14045550199,"Voice note transcription:
I paid rent on the 1st but it doesn't show in the portal yet.","4761 Riverbend Way, Duluth, GA",Gwinnett,,billing,P2,Noa
WA-0386,whatsapp,2026-04-30T06:17:00Z,Tester Buyer-Smith,+14045550199,"Locked out of 4075 Peachtree St, Canton, GA at 11pm with the kids in the car.","4075 Peachtree St, Canton, GA",Cherokee,,tenant_issue,P0,Nathalie
WA-0387,whatsapp,2026-03-28T05:59:00Z,Tester Buyer-Smith,+14045550199,"Voice note transcription:
FLASH SALE - 50% off everything at our store this weekend only!","2621 Oak Ave, Cumming, GA",Forsyth,,marketing_promo,P3,ARCHIVE
WA-0388,whatsapp,2026-04-26T09:10:00Z,Tester Buyer-Smith,+14045550199,"Pickup at school is at 3:15 today, can you grab the kids?","3389 Birch Ct, Sandy Springs, GA",Fulton,,personal,P3,ARCHIVE
WA-0389,whatsapp,2026-03-27T21:03:00Z,Tester Buyer-Smith,+14045550199,"Looking for a 3BR/2BA in DeKalb county under $550k. Do you have anything coming up? 🙏

Also - can you let me know by tomorrow?","1854 Sycamore Blvd, Brookhaven, GA",DeKalb,,buyer_lead,P2,Nathalie
WA-0390,whatsapp,2026-04-13T02:33:00Z,Tester Buyer-Smith,+14045550199,The work order #4421 for the dishwasher - any update? 🙏,"9835 Oak Ave, Cumming, GA",Forsyth,,maintenance,P2,Noa
WA-0391,whatsapp,2026-04-21T17:02:00Z,Tester Buyer-Smith,+14045550199,"Our offer on 5709 Peachtree St, Cumming, GA expires at 5pm today, can you confirm acceptance?? 🙏","5709 Peachtree St, Cumming, GA",Forsyth,,buyer_lead,P0,Fabi
WA-0392,whatsapp,2026-04-02T11:20:00Z,Tester Buyer-Smith,+14045550199,"Can we move tomorrow's showing at 645 Riverbend Way, Sandy Springs, GA from 4pm to 6pm?","645 Riverbend Way, Sandy Springs, GA",Fulton,,showing,P2,Nathalie
WA-0393,whatsapp,2026-04-04T20:35:00Z,Tester Buyer-Smith,+14045550199,Closing tomorrow at 9am and the wire instructions look wrong - help!,"559 Sycamore Blvd, Cumming, GA",Forsyth,,deal,P0,Nathalie
WA-0394,whatsapp,2026-03-20T20:17:00Z,Tester Buyer-Smith,+14045550199,"Got the inspection report back. There are 3 items I'd like to negotiate.

Also - can you let me know by tomorrow?","9468 Pine Rd, Dunwoody, GA",DeKalb,,deal,P1,Nathalie
WA-0395,whatsapp,2026-04-18T19:07:00Z,Tester Buyer-Smith,+14045550199,"Counter-offer received on 6471 Oak Ave, Marietta, GA - they want 5k more. What do you think?","6471 Oak Ave, Marietta, GA",Cobb,,deal,P1,Nathalie
WA-0396,whatsapp,2026-04-22T15:44:00Z,Tester Buyer-Smith,+14045550199,"Mom's birthday is next week - did you order the cake?

Also - can you let me know by tomorrow?","2595 Magnolia Ln, Duluth, GA",Gwinnett,,personal,P3,ARCHIVE
WA-0397,whatsapp,2026-04-02T02:37:00Z,Tester Buyer-Smith,+14045550199,"Plumber invoice for 2376 Peachtree St, Marietta, GA - approving with your sign-off.","2376 Peachtree St, Marietta, GA",Cobb,,vendor,P3,Noa
WA-0398,whatsapp,2026-03-25T11:15:00Z,Tester Buyer-Smith,+14045550199,"Hi, I saw the listing at 4616 Pine Rd, Duluth, GA. Is it still available? I'd love a tour this weekend.","4616 Pine Rd, Duluth, GA",Gwinnett,,buyer_lead,P2,Fabi
WA-0399,whatsapp,2026-04-24T21:07:00Z,Tester Buyer-Smith,+14045550199,"Boost your listings with our premium photography package.

Also - can you let me know by tomorrow?","3734 Riverbend Way, Woodstock, GA",Cherokee,,marketing_promo,P3,ARCHIVE
WA-0400,whatsapp,2026-05-01T03:54:00Z,Tester Buyer-Smith,+14045550199,"Running 15 min late to the showing at 4376 Sycamore Blvd, Atlanta, GA, please tell the agent.","4376 Sycamore Blvd, Atlanta, GA",Fulton,,showing,P1,Nathalie
WA-0401,whatsapp,2026-04-18T21:47:00Z,Tester Buyer-Smith,+14045550199,"Voice note transcription:
Insurance renewal for 1566 Riverbend Way, Woodstock, GA is due next month.","1566 Riverbend Way, Woodstock, GA",Cherokee,,admin,P3,Noa
WA-0402,whatsapp,2026-05-10T22:26:00Z,Tester Buyer-Smith,+14045550199,"Voice note transcription:
Lender needs proof of homeowners insurance by end of day. 🙏","7181 Willow Pkwy, Kennesaw, GA",Cobb,,document,P1,Noa
WA-0403,whatsapp,2026-04-05T23:38:00Z,Tester Buyer-Smith,+14045550199,"The work order #4421 for the dishwasher - any update?

Also - can you let me know by tomorrow?","3797 Oak Ave, Dunwoody, GA",DeKalb,,maintenance,P2,Noa
WA-0404,whatsapp,2026-03-27T12:53:00Z,Tester Buyer-Smith,+14045550199,"Can we set up a walkthrough next Tuesday for the move-out at 4434 Birch Ct, Kennesaw, GA?","4434 Birch Ct, Kennesaw, GA",Cobb,,scheduling,P2,Noa
WA-0405,whatsapp,2026-03-24T09:17:00Z,Tester Buyer-Smith,+14045550199,"Giving 30 days' notice - moving out by end of next month. 8330 Pine Rd, Sugar Hill, GA","8330 Pine Rd, Sugar Hill, GA",Gwinnett,,contract,P1,Noa
WA-0406,whatsapp,2026-05-10T13:39:00Z,Tester Buyer-Smith,+14045550199,"Giving 30 days' notice - moving out by end of next month. 968 Cedar Trail, Cumming, GA 🙏","968 Cedar Trail, Cumming, GA",Forsyth,,contract,P1,Noa
WA-0407,whatsapp,2026-04-15T00:16:00Z,Tester Buyer-Smith,+14045550199,"Our offer on 6499 Cedar Trail, Brookhaven, GA expires at 5pm today, can you confirm acceptance??

Also - can you let me know by tomorrow?","6499 Cedar Trail, Brookhaven, GA",DeKalb,,buyer_lead,P0,Nathalie
WA-0408,whatsapp,2026-03-31T01:18:00Z,Tester Buyer-Smith,+14045550199,"Voice note transcription:
Atlanta Realtors Network: invitation to our May mixer.

Also - can you let me know by tomorrow?","3803 Pine Rd, Cumming, GA",Forsyth,,marketing_promo,P3,ARCHIVE
WA-0409,whatsapp,2026-04-26T13:15:00Z,Tester Buyer-Smith,+14045550199,Closing tomorrow at 9am and the wire instructions look wrong - help!,"240 Pine Rd, Cumming, GA",Forsyth,,deal,P0,Nathalie
WA-0410,whatsapp,2026-05-16T22:26:00Z,Tester Buyer-Smith,+14045550199,"Voice note transcription:
Your monthly newsletter from RealEstateDigest is here.","3706 Birch Ct, Sugar Hill, GA",Gwinnett,,marketing_promo,P3,ARCHIVE
WA-0411,whatsapp,2026-05-07T01:20:00Z,Tester Buyer-Smith,+14045550199,Your monthly newsletter from RealEstateDigest is here.,"5724 Oak Ave, Sugar Hill, GA",Gwinnett,,marketing_promo,P3,ARCHIVE
WA-0412,whatsapp,2026-05-11T11:48:00Z,Tester Buyer-Smith,+14045550199,"Can we move tomorrow's showing at 9968 Peachtree St, Dunwoody, GA from 4pm to 6pm?

Also - can you let me know by tomorrow?","9968 Peachtree St, Dunwoody, GA",DeKalb,,showing,P2,Nathalie
WA-0413,whatsapp,2026-04-22T06:45:00Z,Tester Buyer-Smith,+14045550199,"Voice note transcription:
CLAIM YOUR PRIZE NOW - you've won $10,000! Click here: http://scam.example/

Also - can you let me know by tomorrow?","3214 Magnolia Ln, Woodstock, GA",Cherokee,,spam,P3,ARCHIVE
WA-0414,whatsapp,2026-03-19T04:37:00Z,Tester Buyer-Smith,+14045550199,I'm a Nigerian prince and need your help moving $25M... 🙏,"1267 Willow Pkwy, Roswell, GA",Fulton,,spam,P3,ARCHIVE
WA-0415,whatsapp,2026-05-15T23:28:00Z,Tester Buyer-Smith,+14045550199,"Just confirming the security deposit is $1,500 not $2,000 like the email said.","3728 Riverbend Way, Smyrna, GA",Cobb,,billing,P3,Noa
WA-0416,whatsapp,2026-04-12T19:58:00Z,Tester Buyer-Smith,+14045550199,Closing tomorrow at 9am and the wire instructions look wrong - help! 🙏,"4746 Birch Ct, Duluth, GA",Gwinnett,,deal,P0,Nathalie
WA-0417,whatsapp,2026-05-06T22:20:00Z,Tester Buyer-Smith,+14045550199,Got the inspection report back. There are 3 items I'd like to negotiate.,"7562 Birch Ct, Decatur, GA",DeKalb,,deal,P1,Nathalie
WA-0418,whatsapp,2026-05-02T01:12:00Z,Tester Buyer-Smith,+14045550199,I'm a Nigerian prince and need your help moving $25M...,"8992 Riverbend Way, Cumming, GA",Forsyth,,spam,P3,ARCHIVE
WA-0419,whatsapp,2026-04-10T10:14:00Z,Tester Buyer-Smith,+14045550199,Need to move ASAP - relocating for work in 3 weeks. Can you call me today?,"8310 Willow Pkwy, Canton, GA",Cherokee,,buyer_lead,P1,Fabi
WA-0420,whatsapp,2026-04-04T10:16:00Z,Tester Buyer-Smith,+14045550199,"Need to move ASAP - relocating for work in 3 weeks. Can you call me today?

Also - can you let me know by tomorrow?","6421 Cedar Trail, Cumming, GA",Forsyth,,buyer_lead,P1,Fabi
WA-0421,whatsapp,2026-04-04T16:05:00Z,Tester Buyer-Smith,+14045550199,"Just confirming the security deposit is $1,500 not $2,000 like the email said.

Also - can you let me know by tomorrow?","1789 Cedar Trail, Lawrenceville, GA",Gwinnett,,billing,P3,Noa
WA-0422,whatsapp,2026-04-07T20:21:00Z,Tester Buyer-Smith,+14045550199,Looking for a 3BR/2BA in Cobb county under $550k. Do you have anything coming up?,"2085 Cedar Trail, Kennesaw, GA",Cobb,,buyer_lead,P2,Fabi
WA-0423,whatsapp,2026-04-03T14:18:00Z,Tester Buyer-Smith,+14045550199,Need to move ASAP - relocating for work in 3 weeks. Can you call me today?,"1735 Sycamore Blvd, Lawrenceville, GA",Gwinnett,,buyer_lead,P1,Fabi
WA-0424,whatsapp,2026-05-17T05:59:00Z,Tester Buyer-Smith,+14045550199,Boost your listings with our premium photography package.,"3472 Maple Dr, Cumming, GA",Forsyth,,marketing_promo,P3,ARCHIVE
WA-0425,whatsapp,2026-04-04T23:46:00Z,Tester Buyer-Smith,+14045550199,"Voice note transcription:
Mom's birthday is next week - did you order the cake?

Also - can you let me know by tomorrow?","5781 Maple Dr, Canton, GA",Cherokee,,personal,P3,ARCHIVE
WA-0426,whatsapp,2026-03-29T21:57:00Z,Tester Buyer-Smith,+14045550199,"EMERGENCY - water is pouring from the ceiling in unit at 272 Pine Rd, Lawrenceville, GA!!","272 Pine Rd, Lawrenceville, GA",Gwinnett,,tenant_issue,P0,Nathalie
WA-0427,whatsapp,2026-04-06T01:55:00Z,Tester Buyer-Smith,+14045550199,"The painter quoted $1,800 for unit B at 7188 Birch Ct, Cumming, GA - does that look right?","7188 Birch Ct, Cumming, GA",Forsyth,,vendor,P2,Noa
WA-0428,whatsapp,2026-05-09T15:15:00Z,Tester Buyer-Smith,+14045550199,"Counter-offer received on 5585 Oak Ave, Brookhaven, GA - they want 5k more. What do you think?","5585 Oak Ave, Brookhaven, GA",DeKalb,,deal,P1,Nathalie
WA-0429,whatsapp,2026-04-14T17:01:00Z,Tester Buyer-Smith,+14045550199,"Just confirming the security deposit is $1,500 not $2,000 like the email said.","3904 Sycamore Blvd, Marietta, GA",Cobb,,billing,P3,Noa
WA-0430,whatsapp,2026-03-31T09:29:00Z,Tester Buyer-Smith,+14045550199,Mom's birthday is next week - did you order the cake?,"6740 Peachtree St, Brookhaven, GA",DeKalb,,personal,P3,ARCHIVE
WA-0431,whatsapp,2026-04-04T06:53:00Z,Tester Buyer-Smith,+14045550199,"The painter quoted $1,800 for unit B at 6155 Maple Dr, Cumming, GA - does that look right? 🙏","6155 Maple Dr, Cumming, GA",Forsyth,,vendor,P2,Noa
WA-0432,whatsapp,2026-05-12T21:35:00Z,Tester Buyer-Smith,+14045550199,"The painter quoted $1,800 for unit B at 6292 Cedar Trail, Cumming, GA - does that look right?

Also - can you let me know by tomorrow?","6292 Cedar Trail, Cumming, GA",Forsyth,,vendor,P2,Noa
WA-0433,whatsapp,2026-04-01T18:59:00Z,Tester Buyer-Smith,+14045550199,Need to move ASAP - relocating for work in 3 weeks. Can you call me today? 🙏,"4850 Willow Pkwy, Sandy Springs, GA",Fulton,,buyer_lead,P1,Nathalie
WA-0434,whatsapp,2026-04-20T16:44:00Z,Tester Buyer-Smith,+14045550199,"Yoga class moved to 7am tomorrow. Want to come?

Also - can you let me know by tomorrow?","6356 Willow Pkwy, Cumming, GA",Forsyth,,personal,P3,ARCHIVE
WA-0435,whatsapp,2026-04-08T13:19:00Z,Tester Buyer-Smith,+14045550199,"Mom's birthday is next week - did you order the cake?

Also - can you let me know by tomorrow?","4655 Oak Ave, Marietta, GA",Cobb,,personal,P3,ARCHIVE
WA-0436,whatsapp,2026-03-25T16:50:00Z,Tester Buyer-Smith,+14045550199,"CLAIM YOUR PRIZE NOW - you've won $10,000! Click here: http://scam.example/

Also - can you let me know by tomorrow?","5498 Willow Pkwy, Canton, GA",Cherokee,,spam,P3,ARCHIVE
WA-0437,whatsapp,2026-03-30T05:36:00Z,Tester Buyer-Smith,+14045550199,"Plumber invoice for 2924 Magnolia Ln, Kennesaw, GA - approving with your sign-off.","2924 Magnolia Ln, Kennesaw, GA",Cobb,,vendor,P3,Noa
WA-0438,whatsapp,2026-04-20T09:01:00Z,Tester Buyer-Smith,+14045550199,Crypto opportunity - 300% return guaranteed. Reply YES.,"3401 Pine Rd, Smyrna, GA",Cobb,,spam,P3,ARCHIVE
WA-0439,whatsapp,2026-03-23T18:39:00Z,Tester Buyer-Smith,+14045550199,Got the inspection report back. There are 3 items I'd like to negotiate. 🙏,"8015 Riverbend Way, Lawrenceville, GA",Gwinnett,,deal,P1,Nathalie
WA-0440,whatsapp,2026-04-15T20:18:00Z,Tester Buyer-Smith,+14045550199,Got the inspection report back. There are 3 items I'd like to negotiate.,"243 Cedar Trail, Marietta, GA",Cobb,,deal,P1,Nathalie
WA-0441,whatsapp,2026-03-19T20:22:00Z,Tester Buyer-Smith,+14045550199,"Got the inspection report back. There are 3 items I'd like to negotiate.

Also - can you let me know by tomorrow?","6943 Magnolia Ln, Sandy Springs, GA",Fulton,,deal,P1,Nathalie
WA-0442,whatsapp,2026-03-29T01:12:00Z,Tester Buyer-Smith,+14045550199,Yoga class moved to 7am tomorrow. Want to come?,"6065 Birch Ct, Canton, GA",Cherokee,,personal,P3,ARCHIVE
WA-0443,whatsapp,2026-04-08T08:18:00Z,Tester Buyer-Smith,+14045550199,"Pickup at school is at 3:15 today, can you grab the kids?","2310 Pine Rd, Decatur, GA",DeKalb,,personal,P3,ARCHIVE
WA-0444,whatsapp,2026-04-25T20:35:00Z,Tester Buyer-Smith,+14045550199,"Voice note transcription:
The work order #4421 for the dishwasher - any update?","8872 Oak Ave, Lawrenceville, GA",Gwinnett,,maintenance,P2,Noa
WA-0445,whatsapp,2026-04-01T09:54:00Z,Tester Buyer-Smith,+14045550199,"Could you send me the seller's disclosure for 6081 Riverbend Way, Cumming, GA (MLS MLS-7243903)?

Also - can you let me know by tomorrow?","6081 Riverbend Way, Cumming, GA",Forsyth,MLS-7243903,document,P2,Noa
WA-0446,whatsapp,2026-04-20T01:26:00Z,Tester Buyer-Smith,+14045550199,"Need your signature on the addendum for 1122 Riverbend Way, Sugar Hill, GA before 5pm.","1122 Riverbend Way, Sugar Hill, GA",Gwinnett,,contract,P1,Noa
WA-0447,whatsapp,2026-04-18T02:56:00Z,Tester Buyer-Smith,+14045550199,Looking for a 3BR/2BA in DeKalb county under $550k. Do you have anything coming up?,"7398 Magnolia Ln, Brookhaven, GA",DeKalb,,buyer_lead,P2,Nathalie
WA-0448,whatsapp,2026-05-08T18:53:00Z,Tester Buyer-Smith,+14045550199,"Voice note transcription:
Are you a real estate agent? Try our new CRM free for 30 days.

Also - can you let me know by tomorrow?","4506 Magnolia Ln, Decatur, GA",DeKalb,,marketing_promo,P3,ARCHIVE
WA-0449,whatsapp,2026-03-24T14:40:00Z,Tester Buyer-Smith,+14045550199,"The work order #4421 for the dishwasher - any update? 🙏

Also - can you let me know by tomorrow?","1697 Peachtree St, Brookhaven, GA",DeKalb,,maintenance,P2,Noa
WA-0450,whatsapp,2026-03-28T14:21:00Z,Tester Buyer-Smith,+14045550199,Got a late fee but I have proof I paid on time. Can we sort this out?,"9399 Cedar Trail, Dunwoody, GA",DeKalb,,billing,P2,Noa
WA-0451,whatsapp,2026-03-27T08:10:00Z,Tester Buyer-Smith,+14045550199,Question on clause 7.b of the contract - what does 'as-is' really mean here?,"8839 Cedar Trail, Atlanta, GA",Fulton,,contract,P2,Noa
WA-0452,whatsapp,2026-05-06T15:56:00Z,Tester Buyer-Smith,+14045550199,"Considering listing the property in DeKalb - can we schedule a CMA?

Also - can you let me know by tomorrow?","2257 Maple Dr, Decatur, GA",DeKalb,,seller_lead,P2,Nathalie
WA-0453,whatsapp,2026-04-30T16:06:00Z,Tester Buyer-Smith,+14045550199,Considering listing the property in Forsyth - can we schedule a CMA?,"2871 Pine Rd, Cumming, GA",Forsyth,,seller_lead,P2,Fabi
WA-0454,whatsapp,2026-05-15T14:06:00Z,Tester Buyer-Smith,+14045550199,"Voice note transcription:
FLASH SALE - 50% off everything at our store this weekend only!

Also - can you let me know by tomorrow?","9014 Peachtree St, Woodstock, GA",Cherokee,,marketing_promo,P3,ARCHIVE
WA-0455,whatsapp,2026-04-29T10:00:00Z,Tester Buyer-Smith,+14045550199,"I'm at 2204 Cedar Trail, Duluth, GA but the door is locked. Are you on the way?

Also - can you let me know by tomorrow?","2204 Cedar Trail, Duluth, GA",Gwinnett,,showing,P1,Fabi
WA-0456,whatsapp,2026-04-22T08:02:00Z,Tester Buyer-Smith,+14045550199,Urgent: your bank account needs verification. Visit https://phish.example/ 🙏,"1074 Cedar Trail, Lawrenceville, GA",Gwinnett,,spam,P3,ARCHIVE
WA-0457,whatsapp,2026-04-10T11:46:00Z,Tester Buyer-Smith,+14045550199,Yoga class moved to 7am tomorrow. Want to come?,"1361 Sycamore Blvd, Sugar Hill, GA",Gwinnett,,personal,P3,ARCHIVE
WA-0458,whatsapp,2026-03-23T11:00:00Z,Tester Buyer-Smith,+14045550199,"Voice note transcription:
Need to renew the lease at 5131 Cedar Trail, Atlanta, GA. Can you send the renewal terms? 🙏","5131 Cedar Trail, Atlanta, GA",Fulton,,contract,P2,Noa
WA-0459,whatsapp,2026-04-13T07:46:00Z,Tester Buyer-Smith,+14045550199,"Locked out of 9331 Birch Ct, Smyrna, GA at 11pm with the kids in the car. 🙏","9331 Birch Ct, Smyrna, GA",Cobb,,tenant_issue,P0,Nathalie
WA-0460,whatsapp,2026-03-22T18:56:00Z,Tester Buyer-Smith,+14045550199,"AC stopped cooling at 5895 Maple Dr, Duluth, GA. Indoor temp is 84F.","5895 Maple Dr, Duluth, GA",Gwinnett,,tenant_issue,P1,Nathalie
WA-0461,whatsapp,2026-05-11T16:26:00Z,Tester Buyer-Smith,+14045550199,"Crypto opportunity - 300% return guaranteed. Reply YES.

Also - can you let me know by tomorrow?","6044 Maple Dr, Lawrenceville, GA",Gwinnett,,spam,P3,ARCHIVE
WA-0462,whatsapp,2026-05-15T02:50:00Z,Tester Buyer-Smith,+14045550199,"Appraisal came in at $620k for 6231 Riverbend Way, Smyrna, GA. Numbers look good.","6231 Riverbend Way, Smyrna, GA",Cobb,,deal,P2,Nathalie
WA-0463,whatsapp,2026-04-27T06:43:00Z,Tester Buyer-Smith,+14045550199,"Insurance renewal for 9813 Willow Pkwy, Sugar Hill, GA is due next month.","9813 Willow Pkwy, Sugar Hill, GA",Gwinnett,,admin,P3,Noa
WA-0464,whatsapp,2026-04-21T14:54:00Z,Tester Buyer-Smith,+14045550199,"Giving 30 days' notice - moving out by end of next month. 5795 Pine Rd, Kennesaw, GA","5795 Pine Rd, Kennesaw, GA",Cobb,,contract,P1,Noa
WA-0465,whatsapp,2026-03-19T20:25:00Z,Tester Buyer-Smith,+14045550199,"Running 15 min late to the showing at 3015 Magnolia Ln, Marietta, GA, please tell the agent. 🙏","3015 Magnolia Ln, Marietta, GA",Cobb,,showing,P1,Fabi
WA-0466,whatsapp,2026-04-17T01:34:00Z,Tester Buyer-Smith,+14045550199,"Voice note transcription:
Can we set up a walkthrough next Tuesday for the move-out at 2304 Pine Rd, Woodstock, GA? 🙏

Also - can you let me know by tomorrow?","2304 Pine Rd, Woodstock, GA",Cherokee,,scheduling,P2,Noa
WA-0467,whatsapp,2026-04-17T21:23:00Z,Tester Buyer-Smith,+14045550199,Dentist appointment confirmed for Tuesday 2pm.,"7815 Riverbend Way, Brookhaven, GA",DeKalb,,personal,P3,ARCHIVE
WA-0468,whatsapp,2026-04-06T03:46:00Z,Tester Buyer-Smith,+14045550199,"Voice note transcription:
Just confirming the security deposit is $1,500 not $2,000 like the email said.

Also - can you let me know by tomorrow?","7903 Oak Ave, Duluth, GA",Gwinnett,,billing,P3,Noa
WA-0469,whatsapp,2026-05-03T13:34:00Z,Tester Buyer-Smith,+14045550199,"Insurance renewal for 9424 Willow Pkwy, Lawrenceville, GA is due next month. 🙏","9424 Willow Pkwy, Lawrenceville, GA",Gwinnett,,admin,P3,Noa
WA-0470,whatsapp,2026-04-10T23:01:00Z,Tester Buyer-Smith,+14045550199,"Hi Nathalie, I'd like to sell my house at 306 Peachtree St, Decatur, GA. What's the market like in DeKalb right now?","306 Peachtree St, Decatur, GA",DeKalb,,seller_lead,P2,Nathalie
WA-0471,whatsapp,2026-04-23T16:27:00Z,Tester Buyer-Smith,+14045550199,"Can we move tomorrow's showing at 7009 Sycamore Blvd, Sandy Springs, GA from 4pm to 6pm?","7009 Sycamore Blvd, Sandy Springs, GA",Fulton,,showing,P2,Nathalie
WA-0472,whatsapp,2026-05-14T22:06:00Z,Tester Buyer-Smith,+14045550199,"No heat for 2 days now, my baby is freezing. 955 Magnolia Ln, Brookhaven, GA","955 Magnolia Ln, Brookhaven, GA",DeKalb,,tenant_issue,P0,Nathalie
WA-0473,whatsapp,2026-04-19T02:51:00Z,Tester Buyer-Smith,+14045550199,Yoga class moved to 7am tomorrow. Want to come?,"4324 Oak Ave, Duluth, GA",Gwinnett,,personal,P3,ARCHIVE
WA-0474,whatsapp,2026-03-29T03:29:00Z,Tester Buyer-Smith,+14045550199,"Can we set up a walkthrough next Tuesday for the move-out at 4618 Birch Ct, Sugar Hill, GA?","4618 Birch Ct, Sugar Hill, GA",Gwinnett,,scheduling,P2,Noa
WA-0475,whatsapp,2026-05-10T00:50:00Z,Tester Buyer-Smith,+14045550199,"Gas leak smell in the apartment, I called 911. 8533 Peachtree St, Sugar Hill, GA","8533 Peachtree St, Sugar Hill, GA",Gwinnett,,tenant_issue,P0,Nathalie
WA-0476,whatsapp,2026-04-02T23:07:00Z,Tester Buyer-Smith,+14045550199,Boost your listings with our premium photography package. 🙏,"8291 Riverbend Way, Canton, GA",Cherokee,,marketing_promo,P3,ARCHIVE
WA-0477,whatsapp,2026-03-30T07:19:00Z,Tester Buyer-Smith,+14045550199,"Locked out of 2360 Birch Ct, Woodstock, GA at 11pm with the kids in the car.","2360 Birch Ct, Woodstock, GA",Cherokee,,tenant_issue,P0,Nathalie
WA-0478,whatsapp,2026-04-09T02:10:00Z,Tester Buyer-Smith,+14045550199,Saw a roach in the kitchen - can pest control come this week?,"8552 Magnolia Ln, Cumming, GA",Forsyth,,tenant_issue,P2,Nathalie
WA-0479,whatsapp,2026-04-04T13:21:00Z,Tester Buyer-Smith,+14045550199,Are you a real estate agent? Try our new CRM free for 30 days.,"4773 Magnolia Ln, Cumming, GA",Forsyth,,marketing_promo,P3,ARCHIVE
WA-0480,whatsapp,2026-05-11T20:05:00Z,Tester Buyer-Smith,+14045550199,The dog has a vet appointment Thursday at 10am. 🙏,"6094 Cedar Trail, Lawrenceville, GA",Gwinnett,,personal,P3,ARCHIVE
WA-0481,whatsapp,2026-05-06T23:42:00Z,Tester Buyer-Smith,+14045550199,"Just confirming the security deposit is $1,500 not $2,000 like the email said.

Also - can you let me know by tomorrow?","3728 Cedar Trail, Roswell, GA",Fulton,,billing,P3,Noa
WA-0482,whatsapp,2026-05-15T10:14:00Z,Tester Buyer-Smith,+14045550199,Question on clause 7.b of the contract - what does 'as-is' really mean here?,"4961 Cedar Trail, Duluth, GA",Gwinnett,,contract,P2,Noa
WA-0483,whatsapp,2026-05-01T16:04:00Z,Tester Buyer-Smith,+14045550199,"Appraisal came in at $620k for 886 Riverbend Way, Decatur, GA. Numbers look good.

Also - can you let me know by tomorrow?","886 Riverbend Way, Decatur, GA",DeKalb,,deal,P2,Nathalie
WA-0484,whatsapp,2026-05-11T05:46:00Z,Tester Buyer-Smith,+14045550199,"Plumber invoice for 9627 Peachtree St, Sugar Hill, GA - approving with your sign-off. 🙏","9627 Peachtree St, Sugar Hill, GA",Gwinnett,,vendor,P3,Noa
WA-0485,whatsapp,2026-05-15T14:04:00Z,Tester Buyer-Smith,+14045550199,"Can we move tomorrow's showing at 3961 Pine Rd, Sugar Hill, GA from 4pm to 6pm? 🙏","3961 Pine Rd, Sugar Hill, GA",Gwinnett,,showing,P2,Fabi
WA-0486,whatsapp,2026-03-21T07:25:00Z,Tester Buyer-Smith,+14045550199,"AC stopped cooling at 4984 Willow Pkwy, Cumming, GA. Indoor temp is 84F.","4984 Willow Pkwy, Cumming, GA",Forsyth,,tenant_issue,P1,Nathalie
WA-0487,whatsapp,2026-04-25T19:06:00Z,Tester Buyer-Smith,+14045550199,"Bathroom faucet is dripping non-stop, can a plumber come look? 🙏

Also - can you let me know by tomorrow?","7920 Oak Ave, Lawrenceville, GA",Gwinnett,,tenant_issue,P2,Nathalie
WA-0488,whatsapp,2026-04-29T07:59:00Z,Tester Buyer-Smith,+14045550199,"Voice note transcription:
Locked out of 2653 Riverbend Way, Lawrenceville, GA at 11pm with the kids in the car.","2653 Riverbend Way, Lawrenceville, GA",Gwinnett,,tenant_issue,P0,Nathalie
WA-0489,whatsapp,2026-04-30T16:33:00Z,Tester Buyer-Smith,+14045550199,"Voice note transcription:
Considering listing the property in DeKalb - can we schedule a CMA?","9695 Oak Ave, Dunwoody, GA",DeKalb,,seller_lead,P2,Nathalie
WA-0490,whatsapp,2026-03-18T12:46:00Z,Tester Buyer-Smith,+14045550199,"HOA sent a notice about new pool hours, forwarding to you.","237 Pine Rd, Cumming, GA",Forsyth,,admin,P3,Noa
WA-0491,whatsapp,2026-04-07T22:33:00Z,Tester Buyer-Smith,+14045550199,"Insurance renewal for 6990 Pine Rd, Cumming, GA is due next month. 🙏","6990 Pine Rd, Cumming, GA",Forsyth,,admin,P3,Noa
WA-0492,whatsapp,2026-03-27T07:51:00Z,Tester Buyer-Smith,+14045550199,Question on clause 7.b of the contract - what does 'as-is' really mean here?,"562 Pine Rd, Smyrna, GA",Cobb,,contract,P2,Noa
WA-0493,whatsapp,2026-05-16T10:15:00Z,Tester Buyer-Smith,+14045550199,"Closing tomorrow at 9am and the wire instructions look wrong - help!

Also - can you let me know by tomorrow?","4166 Maple Dr, Marietta, GA",Cobb,,deal,P0,Nathalie
WA-0494,whatsapp,2026-05-06T07:35:00Z,Tester Buyer-Smith,+14045550199,"Voice note transcription:
Insurance renewal for 1495 Peachtree St, Atlanta, GA is due next month. 🙏

Also - can you let me know by tomorrow?","1495 Peachtree St, Atlanta, GA",Fulton,,admin,P3,Noa
WA-0495,whatsapp,2026-05-03T02:32:00Z,Tester Buyer-Smith,+14045550199,"Question on clause 7.b of the contract - what does 'as-is' really mean here?

Also - can you let me know by tomorrow?","6930 Oak Ave, Canton, GA",Cherokee,,contract,P2,Noa
WA-0496,whatsapp,2026-03-20T22:11:00Z,Tester Buyer-Smith,+14045550199,"Pickup at school is at 3:15 today, can you grab the kids?

Also - can you let me know by tomorrow?","6562 Riverbend Way, Roswell, GA",Fulton,,personal,P3,ARCHIVE
WA-0497,whatsapp,2026-04-14T00:14:00Z,Tester Buyer-Smith,+14045550199,Atlanta Realtors Network: invitation to our May mixer.,"2334 Cedar Trail, Cumming, GA",Forsyth,,marketing_promo,P3,ARCHIVE
WA-0498,whatsapp,2026-04-01T12:41:00Z,Tester Buyer-Smith,+14045550199,"Gas leak smell in the apartment, I called 911. 5903 Birch Ct, Brookhaven, GA","5903 Birch Ct, Brookhaven, GA",DeKalb,,tenant_issue,P0,Nathalie
WA-0499,whatsapp,2026-04-04T00:11:00Z,Tester Buyer-Smith,+14045550199,Are you a real estate agent? Try our new CRM free for 30 days. 🙏,"8640 Willow Pkwy, Decatur, GA",DeKalb,,marketing_promo,P3,ARCHIVE
WA-0500,whatsapp,2026-05-11T11:48:00Z,Tester Buyer-Smith,+14045550199,"Can we move tomorrow's showing at 3523 Magnolia Ln, Lawrenceville, GA from 4pm to 6pm? 🙏","3523 Magnolia Ln, Lawrenceville, GA",Gwinnett,,showing,P2,Fabi
WA-0501,whatsapp,2026-04-26T15:49:00Z,Tester Buyer-Smith,+14045550199,"Just confirming the security deposit is $1,500 not $2,000 like the email said.","7165 Maple Dr, Canton, GA",Cherokee,,billing,P3,Noa
WA-0502,whatsapp,2026-04-03T03:57:00Z,Tester Buyer-Smith,+14045550199,"Counter-offer received on 1631 Sycamore Blvd, Kennesaw, GA - they want 5k more. What do you think?","1631 Sycamore Blvd, Kennesaw, GA",Cobb,,deal,P1,Nathalie
WA-0503,whatsapp,2026-04-26T17:55:00Z,Tester Buyer-Smith,+14045550199,"Plumber invoice for 630 Oak Ave, Cumming, GA - approving with your sign-off.","630 Oak Ave, Cumming, GA",Forsyth,,vendor,P3,Noa
WA-0504,whatsapp,2026-04-10T06:58:00Z,Tester Buyer-Smith,+14045550199,Got a late fee but I have proof I paid on time. Can we sort this out?,"9531 Pine Rd, Sugar Hill, GA",Gwinnett,,billing,P2,Noa
WA-0505,whatsapp,2026-05-16T07:39:00Z,Tester Buyer-Smith,+14045550199,Mom's birthday is next week - did you order the cake?,"6938 Sycamore Blvd, Canton, GA",Cherokee,,personal,P3,ARCHIVE
WA-0506,whatsapp,2026-05-04T05:00:00Z,Tester Buyer-Smith,+14045550199,"Can we move tomorrow's showing at 8723 Magnolia Ln, Roswell, GA from 4pm to 6pm? 🙏","8723 Magnolia Ln, Roswell, GA",Fulton,,showing,P2,Nathalie
WA-0507,whatsapp,2026-04-23T08:38:00Z,Tester Buyer-Smith,+14045550199,"Could you send me the seller's disclosure for 1039 Maple Dr, Canton, GA (MLS MLS-7517472)?","1039 Maple Dr, Canton, GA",Cherokee,MLS-7517472,document,P2,Noa
WA-0508,whatsapp,2026-04-04T19:56:00Z,Tester Buyer-Smith,+14045550199,"Voice note transcription:
The work order #4421 for the dishwasher - any update?","7069 Magnolia Ln, Lawrenceville, GA",Gwinnett,,maintenance,P2,Noa
WA-0509,whatsapp,2026-03-21T20:51:00Z,Tester Buyer-Smith,+14045550199,I paid rent on the 1st but it doesn't show in the portal yet. 🙏,"3246 Peachtree St, Duluth, GA",Gwinnett,,billing,P2,Noa
WA-0510,whatsapp,2026-05-07T05:12:00Z,Tester Buyer-Smith,+14045550199,"Got the inspection report back. There are 3 items I'd like to negotiate.

Also - can you let me know by tomorrow?","9248 Pine Rd, Cumming, GA",Forsyth,,deal,P1,Nathalie
WA-0511,whatsapp,2026-04-02T12:05:00Z,Tester Buyer-Smith,+14045550199,Atlanta Realtors Network: invitation to our May mixer.,"6186 Birch Ct, Brookhaven, GA",DeKalb,,marketing_promo,P3,ARCHIVE
WA-0512,whatsapp,2026-05-08T05:37:00Z,Tester Buyer-Smith,+14045550199,"Vendor said they'd be here at 10am, no show. Can you check on them?","8917 Peachtree St, Cumming, GA",Forsyth,,maintenance,P2,Noa
WA-0513,whatsapp,2026-04-13T20:25:00Z,Tester Buyer-Smith,+14045550199,Mom's birthday is next week - did you order the cake?,"9781 Magnolia Ln, Sandy Springs, GA",Fulton,,personal,P3,ARCHIVE
WA-0514,whatsapp,2026-05-01T04:41:00Z,Tester Buyer-Smith,+14045550199,Looking for a 3BR/2BA in DeKalb county under $550k. Do you have anything coming up?,"5456 Pine Rd, Brookhaven, GA",DeKalb,,buyer_lead,P2,Nathalie
WA-0515,whatsapp,2026-04-07T10:12:00Z,Tester Buyer-Smith,+14045550199,"Neighbor in unit B has been playing loud music until 2am for a week. 2752 Magnolia Ln, Cumming, GA","2752 Magnolia Ln, Cumming, GA",Forsyth,,tenant_issue,P2,Nathalie
WA-0516,whatsapp,2026-03-23T18:41:00Z,Tester Buyer-Smith,+14045550199,Considering listing the property in Fulton - can we schedule a CMA? 🙏,"9837 Pine Rd, Atlanta, GA",Fulton,,seller_lead,P2,Nathalie
WA-0517,whatsapp,2026-05-09T10:45:00Z,Tester Buyer-Smith,+14045550199,Considering listing the property in Gwinnett - can we schedule a CMA?,"3173 Magnolia Ln, Duluth, GA",Gwinnett,,seller_lead,P2,Fabi
WA-0518,whatsapp,2026-05-11T20:56:00Z,Tester Buyer-Smith,+14045550199,"Neighbor in unit B has been playing loud music until 2am for a week. 6977 Pine Rd, Lawrenceville, GA","6977 Pine Rd, Lawrenceville, GA",Gwinnett,,tenant_issue,P2,Nathalie
WA-0519,whatsapp,2026-05-06T19:11:00Z,Tester Buyer-Smith,+14045550199,"Voice note transcription:
Plumber invoice for 8245 Birch Ct, Canton, GA - approving with your sign-off. 🙏","8245 Birch Ct, Canton, GA",Cherokee,,vendor,P3,Noa
WA-0520,whatsapp,2026-04-27T04:40:00Z,Tester Buyer-Smith,+14045550199,"Closing tomorrow at 9am and the wire instructions look wrong - help!

Also - can you let me know by tomorrow?","7917 Birch Ct, Marietta, GA",Cobb,,deal,P0,Nathalie
WA-0521,whatsapp,2026-04-01T18:55:00Z,Tester Buyer-Smith,+14045550199,"Our offer on 7036 Willow Pkwy, Marietta, GA expires at 5pm today, can you confirm acceptance??

Also - can you let me know by tomorrow?","7036 Willow Pkwy, Marietta, GA",Cobb,,buyer_lead,P0,Fabi
WA-0522,whatsapp,2026-04-27T11:46:00Z,Tester Buyer-Smith,+14045550199,"No heat for 2 days now, my baby is freezing. 7105 Sycamore Blvd, Cumming, GA","7105 Sycamore Blvd, Cumming, GA",Forsyth,,tenant_issue,P0,Nathalie
WA-0523,whatsapp,2026-04-02T04:32:00Z,Tester Buyer-Smith,+14045550199,"Can we set up a walkthrough next Tuesday for the move-out at 2045 Willow Pkwy, Dunwoody, GA?","2045 Willow Pkwy, Dunwoody, GA",DeKalb,,scheduling,P2,Noa
WA-0524,whatsapp,2026-04-13T21:31:00Z,Tester Buyer-Smith,+14045550199,Got the inspection report back. There are 3 items I'd like to negotiate.,"826 Pine Rd, Cumming, GA",Forsyth,,deal,P1,Nathalie
WA-0525,whatsapp,2026-05-17T03:40:00Z,Tester Buyer-Smith,+14045550199,Urgent: your bank account needs verification. Visit https://phish.example/,"3873 Oak Ave, Cumming, GA",Forsyth,,spam,P3,ARCHIVE
WA-0526,whatsapp,2026-04-22T19:34:00Z,Tester Buyer-Smith,+14045550199,"Voice note transcription:
The painter quoted $1,800 for unit B at 8262 Sycamore Blvd, Woodstock, GA - does that look right?","8262 Sycamore Blvd, Woodstock, GA",Cherokee,,vendor,P2,Noa
WA-0527,whatsapp,2026-04-18T20:58:00Z,Tester Buyer-Smith,+14045550199,Atlanta Realtors Network: invitation to our May mixer. 🙏,"7502 Peachtree St, Roswell, GA",Fulton,,marketing_promo,P3,ARCHIVE
WA-0528,whatsapp,2026-04-29T09:39:00Z,Tester Buyer-Smith,+14045550199,"Yoga class moved to 7am tomorrow. Want to come?

Also - can you let me know by tomorrow?","991 Sycamore Blvd, Atlanta, GA",Fulton,,personal,P3,ARCHIVE
WA-0529,whatsapp,2026-03-19T12:25:00Z,Tester Buyer-Smith,+14045550199,"Urgent: your bank account needs verification. Visit https://phish.example/ 🙏

Also - can you let me know by tomorrow?","5475 Pine Rd, Cumming, GA",Forsyth,,spam,P3,ARCHIVE
WA-0530,whatsapp,2026-03-26T17:34:00Z,Tester Buyer-Smith,+14045550199,"Voice note transcription:
Just confirming the security deposit is $1,500 not $2,000 like the email said.","541 Birch Ct, Atlanta, GA",Fulton,,billing,P3,Noa
WA-0531,whatsapp,2026-03-31T22:00:00Z,Tester Buyer-Smith,+14045550199,"Could you send me the seller's disclosure for 4716 Birch Ct, Decatur, GA (MLS MLS-7521136)?","4716 Birch Ct, Decatur, GA",DeKalb,MLS-7521136,document,P2,Noa
WA-0532,whatsapp,2026-04-05T11:10:00Z,Tester Buyer-Smith,+14045550199,"Looking for a 3BR/2BA in Fulton county under $550k. Do you have anything coming up?

Also - can you let me know by tomorrow?","3244 Cedar Trail, Atlanta, GA",Fulton,,buyer_lead,P2,Nathalie
WA-0533,whatsapp,2026-04-19T21:59:00Z,Tester Buyer-Smith,+14045550199,"Insurance renewal for 1345 Sycamore Blvd, Kennesaw, GA is due next month.

Also - can you let me know by tomorrow?","1345 Sycamore Blvd, Kennesaw, GA",Cobb,,admin,P3,Noa
WA-0534,whatsapp,2026-03-23T21:02:00Z,Tester Buyer-Smith,+14045550199,"Voice note transcription:
Pickup at school is at 3:15 today, can you grab the kids?","4483 Birch Ct, Sugar Hill, GA",Gwinnett,,personal,P3,ARCHIVE
WA-0535,whatsapp,2026-04-03T12:11:00Z,Tester Buyer-Smith,+14045550199,"Gas leak smell in the apartment, I called 911. 1635 Riverbend Way, Roswell, GA

Also - can you let me know by tomorrow?","1635 Riverbend Way, Roswell, GA",Fulton,,tenant_issue,P0,Nathalie
WA-0536,whatsapp,2026-04-26T21:14:00Z,Tester Buyer-Smith,+14045550199,Looking for a 3BR/2BA in Cobb county under $550k. Do you have anything coming up?,"4616 Riverbend Way, Kennesaw, GA",Cobb,,buyer_lead,P2,Fabi
WA-0537,whatsapp,2026-05-09T11:45:00Z,Tester Buyer-Smith,+14045550199,"Insurance renewal for 9891 Maple Dr, Canton, GA is due next month. 🙏","9891 Maple Dr, Canton, GA",Cherokee,,admin,P3,Noa
WA-0538,whatsapp,2026-04-10T04:54:00Z,Tester Buyer-Smith,+14045550199,"Voice note transcription:
Need to renew the lease at 8872 Riverbend Way, Canton, GA. Can you send the renewal terms?

Also - can you let me know by tomorrow?","8872 Riverbend Way, Canton, GA",Cherokee,,contract,P2,Noa
WA-0539,whatsapp,2026-03-30T09:43:00Z,Tester Buyer-Smith,+14045550199,"Voice note transcription:
FLASH SALE - 50% off everything at our store this weekend only!","4776 Cedar Trail, Cumming, GA",Forsyth,,marketing_promo,P3,ARCHIVE
WA-0540,whatsapp,2026-05-07T19:14:00Z,Tester Buyer-Smith,+14045550199,"Voice note transcription:
CLAIM YOUR PRIZE NOW - you've won $10,000! Click here: http://scam.example/ 🙏","3034 Riverbend Way, Smyrna, GA",Cobb,,spam,P3,ARCHIVE
WA-0541,whatsapp,2026-04-26T06:54:00Z,Tester Buyer-Smith,+14045550199,"Locked out of 8387 Sycamore Blvd, Decatur, GA at 11pm with the kids in the car. 🙏","8387 Sycamore Blvd, Decatur, GA",DeKalb,,tenant_issue,P0,Nathalie
WA-0542,whatsapp,2026-04-09T05:26:00Z,Tester Buyer-Smith,+14045550199,"Got the inspection report back. There are 3 items I'd like to negotiate. 🙏

Also - can you let me know by tomorrow?","788 Peachtree St, Smyrna, GA",Cobb,,deal,P1,Nathalie
WA-0543,whatsapp,2026-05-04T20:44:00Z,Tester Buyer-Smith,+14045550199,"Our offer on 9711 Riverbend Way, Smyrna, GA expires at 5pm today, can you confirm acceptance?? 🙏","9711 Riverbend Way, Smyrna, GA",Cobb,,buyer_lead,P0,Fabi
WA-0544,whatsapp,2026-05-01T08:45:00Z,Tester Buyer-Smith,+14045550199,"Voice note transcription:
Pickup at school is at 3:15 today, can you grab the kids?","7216 Pine Rd, Decatur, GA",DeKalb,,personal,P3,ARCHIVE
WA-0545,whatsapp,2026-05-03T08:11:00Z,Tester Buyer-Smith,+14045550199,Considering listing the property in Cherokee - can we schedule a CMA?,"6494 Sycamore Blvd, Canton, GA",Cherokee,,seller_lead,P2,Fabi
WA-0546,whatsapp,2026-04-24T20:45:00Z,Tester Buyer-Smith,+14045550199,"No heat for 2 days now, my baby is freezing. 2685 Magnolia Ln, Marietta, GA

Also - can you let me know by tomorrow?","2685 Magnolia Ln, Marietta, GA",Cobb,,tenant_issue,P0,Nathalie
WA-0547,whatsapp,2026-04-05T17:37:00Z,Tester Buyer-Smith,+14045550199,"Bathroom faucet is dripping non-stop, can a plumber come look? 🙏

Also - can you let me know by tomorrow?","8581 Riverbend Way, Duluth, GA",Gwinnett,,tenant_issue,P2,Nathalie
WA-0548,whatsapp,2026-04-09T02:15:00Z,Tester Buyer-Smith,+14045550199,"Light bulb in the hallway burned out, no rush. 🙏","8912 Pine Rd, Smyrna, GA",Cobb,,maintenance,P3,Noa
WA-0549,whatsapp,2026-04-17T02:52:00Z,Tester Buyer-Smith,+14045550199,"The painter quoted $1,800 for unit B at 9180 Willow Pkwy, Atlanta, GA - does that look right? 🙏","9180 Willow Pkwy, Atlanta, GA",Fulton,,vendor,P2,Noa
WA-0550,whatsapp,2026-03-28T12:21:00Z,Tester Buyer-Smith,+14045550199,"Hi Nathalie, I'd like to sell my house at 9039 Riverbend Way, Atlanta, GA. What's the market like in Fulton right now?","9039 Riverbend Way, Atlanta, GA",Fulton,,seller_lead,P2,Nathalie
WA-0551,whatsapp,2026-04-21T20:27:00Z,Tester Buyer-Smith,+14045550199,"Pickup at school is at 3:15 today, can you grab the kids?","1737 Willow Pkwy, Brookhaven, GA",DeKalb,,personal,P3,ARCHIVE
WA-0552,whatsapp,2026-05-09T06:22:00Z,Tester Buyer-Smith,+14045550199,"Lender needs proof of homeowners insurance by end of day.

Also - can you let me know by tomorrow?","4492 Peachtree St, Canton, GA",Cherokee,,document,P1,Noa
WA-0553,whatsapp,2026-05-10T19:12:00Z,Tester Buyer-Smith,+14045550199,"The dog has a vet appointment Thursday at 10am.

Also - can you let me know by tomorrow?","2678 Maple Dr, Sandy Springs, GA",Fulton,,personal,P3,ARCHIVE
WA-0554,whatsapp,2026-04-04T06:22:00Z,Tester Buyer-Smith,+14045550199,"Voice note transcription:
The painter quoted $1,800 for unit B at 1601 Peachtree St, Canton, GA - does that look right?

Also - can you let me know by tomorrow?","1601 Peachtree St, Canton, GA",Cherokee,,vendor,P2,Noa
WA-0555,whatsapp,2026-04-29T17:52:00Z,Tester Buyer-Smith,+14045550199,"Voice note transcription:
Mom's birthday is next week - did you order the cake? 🙏","726 Maple Dr, Lawrenceville, GA",Gwinnett,,personal,P3,ARCHIVE
WA-0556,whatsapp,2026-05-11T17:47:00Z,Tester Buyer-Smith,+14045550199,Crypto opportunity - 300% return guaranteed. Reply YES.,"9213 Pine Rd, Cumming, GA",Forsyth,,spam,P3,ARCHIVE
WA-0557,whatsapp,2026-04-29T15:38:00Z,Tester Buyer-Smith,+14045550199,"No heat for 2 days now, my baby is freezing. 9550 Oak Ave, Cumming, GA","9550 Oak Ave, Cumming, GA",Forsyth,,tenant_issue,P0,Nathalie
WA-0558,whatsapp,2026-04-23T06:30:00Z,Tester Buyer-Smith,+14045550199,"Can we set up a walkthrough next Tuesday for the move-out at 937 Magnolia Ln, Lawrenceville, GA?

Also - can you let me know by tomorrow?","937 Magnolia Ln, Lawrenceville, GA",Gwinnett,,scheduling,P2,Noa
WA-0559,whatsapp,2026-03-25T21:32:00Z,Tester Buyer-Smith,+14045550199,"Running 15 min late to the showing at 8738 Maple Dr, Cumming, GA, please tell the agent.","8738 Maple Dr, Cumming, GA",Forsyth,,showing,P1,Fabi
WA-0560,whatsapp,2026-04-07T09:05:00Z,Tester Buyer-Smith,+14045550199,Crypto opportunity - 300% return guaranteed. Reply YES.,"5407 Peachtree St, Dunwoody, GA",DeKalb,,spam,P3,ARCHIVE
WA-0561,whatsapp,2026-03-29T20:19:00Z,Tester Buyer-Smith,+14045550199,"Counter-offer received on 7128 Peachtree St, Kennesaw, GA - they want 5k more. What do you think? 🙏","7128 Peachtree St, Kennesaw, GA",Cobb,,deal,P1,Nathalie
WA-0562,whatsapp,2026-05-02T18:02:00Z,Tester Buyer-Smith,+14045550199,"I'm at 8934 Cedar Trail, Kennesaw, GA but the door is locked. Are you on the way?","8934 Cedar Trail, Kennesaw, GA",Cobb,,showing,P1,Fabi
WA-0563,whatsapp,2026-03-28T14:04:00Z,Tester Buyer-Smith,+14045550199,"Voice note transcription:
Pickup at school is at 3:15 today, can you grab the kids?","5087 Cedar Trail, Dunwoody, GA",DeKalb,,personal,P3,ARCHIVE
WA-0564,whatsapp,2026-03-26T17:52:00Z,Tester Buyer-Smith,+14045550199,"Voice note transcription:
Got a late fee but I have proof I paid on time. Can we sort this out? 🙏","5912 Peachtree St, Cumming, GA",Forsyth,,billing,P2,Noa
WA-0565,whatsapp,2026-04-30T23:13:00Z,Tester Buyer-Smith,+14045550199,"Plumber invoice for 5107 Sycamore Blvd, Sandy Springs, GA - approving with your sign-off.","5107 Sycamore Blvd, Sandy Springs, GA",Fulton,,vendor,P3,Noa
WA-0566,whatsapp,2026-03-22T04:28:00Z,Tester Buyer-Smith,+14045550199,"Vendor said they'd be here at 10am, no show. Can you check on them? 🙏","7863 Cedar Trail, Canton, GA",Cherokee,,maintenance,P2,Noa
WA-0567,whatsapp,2026-04-20T23:15:00Z,Tester Buyer-Smith,+14045550199,"Giving 30 days' notice - moving out by end of next month. 3955 Peachtree St, Cumming, GA 🙏","3955 Peachtree St, Cumming, GA",Forsyth,,contract,P1,Noa
WA-0568,whatsapp,2026-03-18T16:25:00Z,Tester Buyer-Smith,+14045550199,Need to move ASAP - relocating for work in 3 weeks. Can you call me today?,"5004 Pine Rd, Cumming, GA",Forsyth,,buyer_lead,P1,Fabi
WA-0569,whatsapp,2026-03-31T02:31:00Z,Tester Buyer-Smith,+14045550199,"EMERGENCY - water is pouring from the ceiling in unit at 1058 Peachtree St, Brookhaven, GA!!","1058 Peachtree St, Brookhaven, GA",DeKalb,,tenant_issue,P0,Nathalie
WA-0570,whatsapp,2026-05-05T18:36:00Z,Tester Buyer-Smith,+14045550199,"The work order #4421 for the dishwasher - any update?

Also - can you let me know by tomorrow?","7062 Sycamore Blvd, Smyrna, GA",Cobb,,maintenance,P2,Noa
WA-0571,whatsapp,2026-04-09T23:21:00Z,Tester Buyer-Smith,+14045550199,Question on clause 7.b of the contract - what does 'as-is' really mean here? 🙏,"4981 Willow Pkwy, Marietta, GA",Cobb,,contract,P2,Noa
WA-0572,whatsapp,2026-04-11T03:19:00Z,Tester Buyer-Smith,+14045550199,"Vendor said they'd be here at 10am, no show. Can you check on them?","6291 Willow Pkwy, Woodstock, GA",Cherokee,,maintenance,P2,Noa
WA-0573,whatsapp,2026-04-01T16:10:00Z,Tester Buyer-Smith,+14045550199,"Could you send me the seller's disclosure for 6276 Magnolia Ln, Cumming, GA (MLS MLS-7577024)?

Also - can you let me know by tomorrow?","6276 Magnolia Ln, Cumming, GA",Forsyth,MLS-7577024,document,P2,Noa
WA-0574,whatsapp,2026-05-05T02:55:00Z,Tester Buyer-Smith,+14045550199,Lender needs proof of homeowners insurance by end of day.,"3863 Cedar Trail, Cumming, GA",Forsyth,,document,P1,Noa
WA-0575,whatsapp,2026-04-06T21:30:00Z,Tester Buyer-Smith,+14045550199,"Insurance renewal for 6761 Sycamore Blvd, Cumming, GA is due next month. 🙏

Also - can you let me know by tomorrow?","6761 Sycamore Blvd, Cumming, GA",Forsyth,,admin,P3,Noa
WA-0576,whatsapp,2026-03-18T22:07:00Z,Tester Buyer-Smith,+14045550199,"Can we move tomorrow's showing at 1237 Willow Pkwy, Cumming, GA from 4pm to 6pm?","1237 Willow Pkwy, Cumming, GA",Forsyth,,showing,P2,Fabi
WA-0577,whatsapp,2026-05-14T03:43:00Z,Tester Buyer-Smith,+14045550199,Urgent: your bank account needs verification. Visit https://phish.example/,"9876 Cedar Trail, Brookhaven, GA",DeKalb,,spam,P3,ARCHIVE
WA-0578,whatsapp,2026-03-27T12:30:00Z,Tester Buyer-Smith,+14045550199,"CLAIM YOUR PRIZE NOW - you've won $10,000! Click here: http://scam.example/ 🙏","7265 Oak Ave, Lawrenceville, GA",Gwinnett,,spam,P3,ARCHIVE
WA-0579,whatsapp,2026-05-03T00:43:00Z,Tester Buyer-Smith,+14045550199,"FLASH SALE - 50% off everything at our store this weekend only!

Also - can you let me know by tomorrow?","1700 Pine Rd, Decatur, GA",DeKalb,,marketing_promo,P3,ARCHIVE
WA-0580,whatsapp,2026-05-01T02:19:00Z,Tester Buyer-Smith,+14045550199,"Voice note transcription:
Running 15 min late to the showing at 5194 Magnolia Ln, Sugar Hill, GA, please tell the agent.

Also - can you let me know by tomorrow?","5194 Magnolia Ln, Sugar Hill, GA",Gwinnett,,showing,P1,Fabi
WA-0581,whatsapp,2026-04-06T14:14:00Z,Tester Buyer-Smith,+14045550199,"EMERGENCY - water is pouring from the ceiling in unit at 9882 Willow Pkwy, Roswell, GA!!

Also - can you let me know by tomorrow?","9882 Willow Pkwy, Roswell, GA",Fulton,,tenant_issue,P0,Nathalie
WA-0582,whatsapp,2026-03-28T14:20:00Z,Tester Buyer-Smith,+14045550199,Considering listing the property in Forsyth - can we schedule a CMA?,"5635 Magnolia Ln, Cumming, GA",Forsyth,,seller_lead,P2,Fabi
WA-0583,whatsapp,2026-03-20T08:01:00Z,Tester Buyer-Smith,+14045550199,Dentist appointment confirmed for Tuesday 2pm. 🙏,"4840 Magnolia Ln, Lawrenceville, GA",Gwinnett,,personal,P3,ARCHIVE
WA-0584,whatsapp,2026-04-25T16:20:00Z,Tester Buyer-Smith,+14045550199,"Pickup at school is at 3:15 today, can you grab the kids? 🙏","9661 Peachtree St, Woodstock, GA",Cherokee,,personal,P3,ARCHIVE
WA-0585,whatsapp,2026-05-04T17:00:00Z,Tester Buyer-Smith,+14045550199,"Counter-offer received on 5124 Sycamore Blvd, Roswell, GA - they want 5k more. What do you think?

Also - can you let me know by tomorrow?","5124 Sycamore Blvd, Roswell, GA",Fulton,,deal,P1,Nathalie
WA-0586,whatsapp,2026-03-18T14:17:00Z,Tester Buyer-Smith,+14045550199,Dentist appointment confirmed for Tuesday 2pm.,"7279 Birch Ct, Sugar Hill, GA",Gwinnett,,personal,P3,ARCHIVE
WA-0587,whatsapp,2026-04-05T06:49:00Z,Tester Buyer-Smith,+14045550199,"Hi Nathalie, I'd like to sell my house at 4315 Magnolia Ln, Duluth, GA. What's the market like in Gwinnett right now?","4315 Magnolia Ln, Duluth, GA",Gwinnett,,seller_lead,P2,Fabi
WA-0588,whatsapp,2026-04-14T16:12:00Z,Tester Buyer-Smith,+14045550199,"Need your signature on the addendum for 9454 Sycamore Blvd, Brookhaven, GA before 5pm.","9454 Sycamore Blvd, Brookhaven, GA",DeKalb,,contract,P1,Noa
WA-0589,whatsapp,2026-05-16T17:35:00Z,Tester Buyer-Smith,+14045550199,"Bathroom faucet is dripping non-stop, can a plumber come look?

Also - can you let me know by tomorrow?","6135 Riverbend Way, Woodstock, GA",Cherokee,,tenant_issue,P2,Nathalie
WA-0590,whatsapp,2026-03-30T22:31:00Z,Tester Buyer-Smith,+14045550199,"Insurance renewal for 5096 Magnolia Ln, Cumming, GA is due next month.","5096 Magnolia Ln, Cumming, GA",Forsyth,,admin,P3,Noa
WA-0591,whatsapp,2026-04-06T05:00:00Z,Tester Buyer-Smith,+14045550199,"Looking for a 3BR/2BA in Forsyth county under $550k. Do you have anything coming up?

Also - can you let me know by tomorrow?","8796 Peachtree St, Cumming, GA",Forsyth,,buyer_lead,P2,Fabi
WA-0592,whatsapp,2026-03-20T01:45:00Z,Tester Buyer-Smith,+14045550199,"Voice note transcription:
The dog has a vet appointment Thursday at 10am.","9957 Birch Ct, Roswell, GA",Fulton,,personal,P3,ARCHIVE
WA-0593,whatsapp,2026-04-17T06:04:00Z,Tester Buyer-Smith,+14045550199,"Need to renew the lease at 375 Magnolia Ln, Brookhaven, GA. Can you send the renewal terms?","375 Magnolia Ln, Brookhaven, GA",DeKalb,,contract,P2,Noa
WA-0594,whatsapp,2026-03-29T05:00:00Z,Tester Buyer-Smith,+14045550199,"Voice note transcription:
Gas leak smell in the apartment, I called 911. 9780 Peachtree St, Woodstock, GA

Also - can you let me know by tomorrow?","9780 Peachtree St, Woodstock, GA",Cherokee,,tenant_issue,P0,Nathalie
WA-0595,whatsapp,2026-05-11T20:11:00Z,Tester Buyer-Smith,+14045550199,"Just confirming the security deposit is $1,500 not $2,000 like the email said.","544 Birch Ct, Decatur, GA",DeKalb,,billing,P3,Noa
WA-0596,whatsapp,2026-04-16T16:10:00Z,Tester Buyer-Smith,+14045550199,"Hey, want to grab dinner Friday at that new ramen place?

Also - can you let me know by tomorrow?","6740 Birch Ct, Marietta, GA",Cobb,,personal,P3,ARCHIVE
WA-0597,whatsapp,2026-04-05T11:41:00Z,Tester Buyer-Smith,+14045550199,"Light bulb in the hallway burned out, no rush. 🙏","3256 Pine Rd, Duluth, GA",Gwinnett,,maintenance,P3,Noa
WA-0598,whatsapp,2026-04-18T20:53:00Z,Tester Buyer-Smith,+14045550199,"I'm at 5691 Peachtree St, Sugar Hill, GA but the door is locked. Are you on the way?","5691 Peachtree St, Sugar Hill, GA",Gwinnett,,showing,P1,Fabi
WA-0599,whatsapp,2026-05-17T10:08:00Z,Tester Buyer-Smith,+14045550199,"Light bulb in the hallway burned out, no rush.","4485 Pine Rd, Decatur, GA",DeKalb,,maintenance,P3,Noa
WA-0600,whatsapp,2026-04-10T05:50:00Z,Tester Buyer-Smith,+14045550199,"Can we set up a walkthrough next Tuesday for the move-out at 3486 Magnolia Ln, Smyrna, GA?

Also - can you let me know by tomorrow?","3486 Magnolia Ln, Smyrna, GA",Cobb,,scheduling,P2,Noa
WA-0601,whatsapp,2026-04-10T03:46:00Z,Tester Buyer-Smith,+14045550199,"Neighbor in unit B has been playing loud music until 2am for a week. 3031 Maple Dr, Kennesaw, GA","3031 Maple Dr, Kennesaw, GA",Cobb,,tenant_issue,P2,Nathalie
WA-0602,whatsapp,2026-04-29T05:21:00Z,Tester Buyer-Smith,+14045550199,"AC stopped cooling at 9365 Oak Ave, Atlanta, GA. Indoor temp is 84F.","9365 Oak Ave, Atlanta, GA",Fulton,,tenant_issue,P1,Nathalie
WA-0603,whatsapp,2026-05-15T15:23:00Z,Tester Buyer-Smith,+14045550199,"CLAIM YOUR PRIZE NOW - you've won $10,000! Click here: http://scam.example/","9402 Peachtree St, Cumming, GA",Forsyth,,spam,P3,ARCHIVE
WA-0604,whatsapp,2026-05-04T05:03:00Z,Tester Buyer-Smith,+14045550199,"Plumber invoice for 934 Sycamore Blvd, Roswell, GA - approving with your sign-off. 🙏","934 Sycamore Blvd, Roswell, GA",Fulton,,vendor,P3,Noa
WA-0605,whatsapp,2026-04-23T11:18:00Z,Tester Buyer-Smith,+14045550199,Mom's birthday is next week - did you order the cake?,"8018 Cedar Trail, Cumming, GA",Forsyth,,personal,P3,ARCHIVE
WA-0606,whatsapp,2026-04-27T03:41:00Z,Tester Buyer-Smith,+14045550199,"No heat for 2 days now, my baby is freezing. 9576 Peachtree St, Cumming, GA

Also - can you let me know by tomorrow?","9576 Peachtree St, Cumming, GA",Forsyth,,tenant_issue,P0,Nathalie
WA-0607,whatsapp,2026-04-03T08:57:00Z,Tester Buyer-Smith,+14045550199,"Vendor said they'd be here at 10am, no show. Can you check on them?","1899 Willow Pkwy, Canton, GA",Cherokee,,maintenance,P2,Noa
WA-0608,whatsapp,2026-05-07T00:14:00Z,Tester Buyer-Smith,+14045550199,"Voice note transcription:
FLASH SALE - 50% off everything at our store this weekend only!","9547 Magnolia Ln, Brookhaven, GA",DeKalb,,marketing_promo,P3,ARCHIVE
WA-0609,whatsapp,2026-03-21T01:16:00Z,Tester Buyer-Smith,+14045550199,Considering listing the property in Gwinnett - can we schedule a CMA?,"827 Riverbend Way, Duluth, GA",Gwinnett,,seller_lead,P2,Fabi
WA-0610,whatsapp,2026-03-24T01:58:00Z,Tester Buyer-Smith,+14045550199,Boost your listings with our premium photography package.,"5033 Birch Ct, Sugar Hill, GA",Gwinnett,,marketing_promo,P3,ARCHIVE
WA-0611,whatsapp,2026-04-04T20:34:00Z,Tester Buyer-Smith,+14045550199,"Insurance renewal for 7242 Sycamore Blvd, Atlanta, GA is due next month.","7242 Sycamore Blvd, Atlanta, GA",Fulton,,admin,P3,Noa
WA-0612,whatsapp,2026-04-04T04:25:00Z,Tester Buyer-Smith,+14045550199,"Neighbor in unit B has been playing loud music until 2am for a week. 6511 Willow Pkwy, Duluth, GA","6511 Willow Pkwy, Duluth, GA",Gwinnett,,tenant_issue,P2,Nathalie
WA-0613,whatsapp,2026-04-08T09:02:00Z,Tester Buyer-Smith,+14045550199,"I paid rent on the 1st but it doesn't show in the portal yet.

Also - can you let me know by tomorrow?","8787 Birch Ct, Atlanta, GA",Fulton,,billing,P2,Noa
WA-0614,whatsapp,2026-04-14T20:33:00Z,Tester Buyer-Smith,+14045550199,Boost your listings with our premium photography package.,"527 Sycamore Blvd, Canton, GA",Cherokee,,marketing_promo,P3,ARCHIVE
WA-0615,whatsapp,2026-03-23T12:40:00Z,Tester Buyer-Smith,+14045550199,Your monthly newsletter from RealEstateDigest is here.,"2435 Cedar Trail, Roswell, GA",Fulton,,marketing_promo,P3,ARCHIVE
WA-0616,whatsapp,2026-03-30T02:23:00Z,Tester Buyer-Smith,+14045550199,"Voice note transcription:
Need your signature on the addendum for 952 Cedar Trail, Cumming, GA before 5pm.

Also - can you let me know by tomorrow?","952 Cedar Trail, Cumming, GA",Forsyth,,contract,P1,Noa
WA-0617,whatsapp,2026-04-04T17:47:00Z,Tester Buyer-Smith,+14045550199,"HOA sent a notice about new pool hours, forwarding to you.","7639 Sycamore Blvd, Cumming, GA",Forsyth,,admin,P3,Noa
WA-0618,whatsapp,2026-03-25T03:05:00Z,Tester Buyer-Smith,+14045550199,"Lender needs proof of homeowners insurance by end of day.

Also - can you let me know by tomorrow?","2677 Peachtree St, Marietta, GA",Cobb,,document,P1,Noa
WA-0619,whatsapp,2026-04-23T13:19:00Z,Tester Buyer-Smith,+14045550199,Atlanta Realtors Network: invitation to our May mixer.,"4696 Peachtree St, Sugar Hill, GA",Gwinnett,,marketing_promo,P3,ARCHIVE
WA-0620,whatsapp,2026-05-14T23:35:00Z,Tester Buyer-Smith,+14045550199,FLASH SALE - 50% off everything at our store this weekend only! 🙏,"6623 Pine Rd, Sandy Springs, GA",Fulton,,marketing_promo,P3,ARCHIVE
WA-0621,whatsapp,2026-04-08T11:08:00Z,Tester Buyer-Smith,+14045550199,"Can we set up a walkthrough next Tuesday for the move-out at 7872 Magnolia Ln, Brookhaven, GA? 🙏

Also - can you let me know by tomorrow?","7872 Magnolia Ln, Brookhaven, GA",DeKalb,,scheduling,P2,Noa
WA-0622,whatsapp,2026-05-11T10:49:00Z,Tester Buyer-Smith,+14045550199,"Need your signature on the addendum for 8558 Magnolia Ln, Smyrna, GA before 5pm.","8558 Magnolia Ln, Smyrna, GA",Cobb,,contract,P1,Noa
WA-0623,whatsapp,2026-05-16T00:55:00Z,Tester Buyer-Smith,+14045550199,"Light bulb in the hallway burned out, no rush.","7224 Peachtree St, Atlanta, GA",Fulton,,maintenance,P3,Noa
WA-0624,whatsapp,2026-04-27T20:48:00Z,Tester Buyer-Smith,+14045550199,"Crypto opportunity - 300% return guaranteed. Reply YES.

Also - can you let me know by tomorrow?","6507 Maple Dr, Canton, GA",Cherokee,,spam,P3,ARCHIVE
WA-0625,whatsapp,2026-03-30T04:58:00Z,Tester Buyer-Smith,+14045550199,"Bathroom faucet is dripping non-stop, can a plumber come look? 🙏

Also - can you let me know by tomorrow?","8493 Riverbend Way, Decatur, GA",DeKalb,,tenant_issue,P2,Nathalie
WA-0626,whatsapp,2026-05-06T11:35:00Z,Tester Buyer-Smith,+14045550199,"Bathroom faucet is dripping non-stop, can a plumber come look?","6353 Birch Ct, Canton, GA",Cherokee,,tenant_issue,P2,Nathalie
WA-0627,whatsapp,2026-03-22T22:13:00Z,Tester Buyer-Smith,+14045550199,"Voice note transcription:
Plumber invoice for 3282 Riverbend Way, Duluth, GA - approving with your sign-off. 🙏

Also - can you let me know by tomorrow?","3282 Riverbend Way, Duluth, GA",Gwinnett,,vendor,P3,Noa
WA-0628,whatsapp,2026-04-05T02:08:00Z,Tester Buyer-Smith,+14045550199,Are you a real estate agent? Try our new CRM free for 30 days.,"4803 Sycamore Blvd, Dunwoody, GA",DeKalb,,marketing_promo,P3,ARCHIVE
WA-0629,whatsapp,2026-05-06T19:27:00Z,Tester Buyer-Smith,+14045550199,"Locked out of 8000 Magnolia Ln, Smyrna, GA at 11pm with the kids in the car.","8000 Magnolia Ln, Smyrna, GA",Cobb,,tenant_issue,P0,Nathalie
WA-0630,whatsapp,2026-04-05T23:18:00Z,Tester Buyer-Smith,+14045550199,Are you a real estate agent? Try our new CRM free for 30 days. 🙏,"5962 Birch Ct, Kennesaw, GA",Cobb,,marketing_promo,P3,ARCHIVE
WA-0631,whatsapp,2026-04-28T17:10:00Z,Tester Buyer-Smith,+14045550199,"Can we set up a walkthrough next Tuesday for the move-out at 599 Magnolia Ln, Cumming, GA?

Also - can you let me know by tomorrow?","599 Magnolia Ln, Cumming, GA",Forsyth,,scheduling,P2,Noa
WA-0632,whatsapp,2026-05-16T05:40:00Z,Tester Buyer-Smith,+14045550199,"Closing tomorrow at 9am and the wire instructions look wrong - help! 🙏

Also - can you let me know by tomorrow?","4888 Cedar Trail, Lawrenceville, GA",Gwinnett,,deal,P0,Nathalie
WA-0633,whatsapp,2026-03-20T18:13:00Z,Tester Buyer-Smith,+14045550199,"Could you send me the seller's disclosure for 3852 Peachtree St, Kennesaw, GA (MLS MLS-7424707)?","3852 Peachtree St, Kennesaw, GA",Cobb,MLS-7424707,document,P2,Noa
WA-0634,whatsapp,2026-03-31T19:23:00Z,Tester Buyer-Smith,+14045550199,"Vendor said they'd be here at 10am, no show. Can you check on them? 🙏

Also - can you let me know by tomorrow?","7173 Birch Ct, Woodstock, GA",Cherokee,,maintenance,P2,Noa
WA-0635,whatsapp,2026-04-27T14:27:00Z,Tester Buyer-Smith,+14045550199,FYI we're out of milk. Can you grab some on the way home? 🙏,"315 Willow Pkwy, Woodstock, GA",Cherokee,,personal,P3,ARCHIVE
WA-0636,whatsapp,2026-04-12T00:03:00Z,Tester Buyer-Smith,+14045550199,"Voice note transcription:
Dentist appointment confirmed for Tuesday 2pm.","7250 Pine Rd, Woodstock, GA",Cherokee,,personal,P3,ARCHIVE
WA-0637,whatsapp,2026-04-18T09:09:00Z,Tester Buyer-Smith,+14045550199,"Are you a real estate agent? Try our new CRM free for 30 days.

Also - can you let me know by tomorrow?","4666 Maple Dr, Cumming, GA",Forsyth,,marketing_promo,P3,ARCHIVE
WA-0638,whatsapp,2026-04-09T10:08:00Z,Tester Buyer-Smith,+14045550199,"Voice note transcription:
Yoga class moved to 7am tomorrow. Want to come? 🙏","2166 Cedar Trail, Atlanta, GA",Fulton,,personal,P3,ARCHIVE
WA-0639,whatsapp,2026-04-23T15:02:00Z,Tester Buyer-Smith,+14045550199,"CLAIM YOUR PRIZE NOW - you've won $10,000! Click here: http://scam.example/","6836 Maple Dr, Smyrna, GA",Cobb,,spam,P3,ARCHIVE
WA-0640,whatsapp,2026-04-30T15:05:00Z,Tester Buyer-Smith,+14045550199,"HOA sent a notice about new pool hours, forwarding to you.","4531 Maple Dr, Brookhaven, GA",DeKalb,,admin,P3,Noa
WA-0641,whatsapp,2026-05-14T08:53:00Z,Tester Buyer-Smith,+14045550199,Got a late fee but I have proof I paid on time. Can we sort this out? 🙏,"7764 Magnolia Ln, Kennesaw, GA",Cobb,,billing,P2,Noa
WA-0642,whatsapp,2026-04-12T12:41:00Z,Tester Buyer-Smith,+14045550199,"Voice note transcription:
Are you a real estate agent? Try our new CRM free for 30 days.","5497 Peachtree St, Decatur, GA",DeKalb,,marketing_promo,P3,ARCHIVE
WA-0643,whatsapp,2026-04-19T18:28:00Z,Tester Buyer-Smith,+14045550199,"EMERGENCY - water is pouring from the ceiling in unit at 9587 Willow Pkwy, Lawrenceville, GA!!","9587 Willow Pkwy, Lawrenceville, GA",Gwinnett,,tenant_issue,P0,Nathalie
WA-0644,whatsapp,2026-04-01T18:08:00Z,Tester Buyer-Smith,+14045550199,"Hey, want to grab dinner Friday at that new ramen place? 🙏","1911 Magnolia Ln, Roswell, GA",Fulton,,personal,P3,ARCHIVE
WA-0645,whatsapp,2026-03-29T00:33:00Z,Tester Buyer-Smith,+14045550199,Got a late fee but I have proof I paid on time. Can we sort this out?,"6592 Cedar Trail, Cumming, GA",Forsyth,,billing,P2,Noa
WA-0646,whatsapp,2026-04-23T08:17:00Z,Tester Buyer-Smith,+14045550199,"Counter-offer received on 544 Peachtree St, Cumming, GA - they want 5k more. What do you think? 🙏","544 Peachtree St, Cumming, GA",Forsyth,,deal,P1,Nathalie
WA-0647,whatsapp,2026-04-13T20:56:00Z,Tester Buyer-Smith,+14045550199,"Hey, want to grab dinner Friday at that new ramen place?","1593 Magnolia Ln, Brookhaven, GA",DeKalb,,personal,P3,ARCHIVE
WA-0648,whatsapp,2026-04-18T05:32:00Z,Tester Buyer-Smith,+14045550199,"Considering listing the property in Cobb - can we schedule a CMA? 🙏

Also - can you let me know by tomorrow?","9932 Riverbend Way, Marietta, GA",Cobb,,seller_lead,P2,Fabi
WA-0649,whatsapp,2026-04-16T15:14:00Z,Tester Buyer-Smith,+14045550199,"Gas leak smell in the apartment, I called 911. 3856 Pine Rd, Atlanta, GA","3856 Pine Rd, Atlanta, GA",Fulton,,tenant_issue,P0,Nathalie
WA-0650,whatsapp,2026-04-14T22:51:00Z,Tester Buyer-Smith,+14045550199,Are you a real estate agent? Try our new CRM free for 30 days.,"455 Pine Rd, Sandy Springs, GA",Fulton,,marketing_promo,P3,ARCHIVE
WA-0651,whatsapp,2026-04-19T16:39:00Z,Tester Buyer-Smith,+14045550199,"Gas leak smell in the apartment, I called 911. 2702 Cedar Trail, Duluth, GA","2702 Cedar Trail, Duluth, GA",Gwinnett,,tenant_issue,P0,Nathalie
WA-0652,whatsapp,2026-03-20T00:53:00Z,Tester Buyer-Smith,+14045550199,"Our offer on 9071 Magnolia Ln, Cumming, GA expires at 5pm today, can you confirm acceptance??

Also - can you let me know by tomorrow?","9071 Magnolia Ln, Cumming, GA",Forsyth,,buyer_lead,P0,Fabi
WA-0653,whatsapp,2026-03-24T09:02:00Z,Tester Buyer-Smith,+14045550199,"No heat for 2 days now, my baby is freezing. 7647 Cedar Trail, Smyrna, GA 🙏","7647 Cedar Trail, Smyrna, GA",Cobb,,tenant_issue,P0,Nathalie
WA-0654,whatsapp,2026-05-12T11:07:00Z,Tester Buyer-Smith,+14045550199,Lender needs proof of homeowners insurance by end of day.,"9236 Sycamore Blvd, Atlanta, GA",Fulton,,document,P1,Noa
WA-0655,whatsapp,2026-03-21T16:29:00Z,Tester Buyer-Smith,+14045550199,"Hi, I saw the listing at 8376 Willow Pkwy, Dunwoody, GA. Is it still available? I'd love a tour this weekend.","8376 Willow Pkwy, Dunwoody, GA",DeKalb,,buyer_lead,P2,Nathalie
WA-0656,whatsapp,2026-04-24T19:38:00Z,Tester Buyer-Smith,+14045550199,Atlanta Realtors Network: invitation to our May mixer.,"2796 Birch Ct, Atlanta, GA",Fulton,,marketing_promo,P3,ARCHIVE
WA-0657,whatsapp,2026-04-25T20:34:00Z,Tester Buyer-Smith,+14045550199,Your monthly newsletter from RealEstateDigest is here.,"1063 Birch Ct, Lawrenceville, GA",Gwinnett,,marketing_promo,P3,ARCHIVE
WA-0658,whatsapp,2026-04-20T05:09:00Z,Tester Buyer-Smith,+14045550199,"Voice note transcription:
Bathroom faucet is dripping non-stop, can a plumber come look?

Also - can you let me know by tomorrow?","2032 Willow Pkwy, Sandy Springs, GA",Fulton,,tenant_issue,P2,Nathalie
WA-0659,whatsapp,2026-03-25T17:24:00Z,Tester Buyer-Smith,+14045550199,"Hey, want to grab dinner Friday at that new ramen place?","5851 Riverbend Way, Roswell, GA",Fulton,,personal,P3,ARCHIVE
WA-0660,whatsapp,2026-04-10T06:17:00Z,Tester Buyer-Smith,+14045550199,"FLASH SALE - 50% off everything at our store this weekend only! 🙏

Also - can you let me know by tomorrow?","582 Willow Pkwy, Smyrna, GA",Cobb,,marketing_promo,P3,ARCHIVE
WA-0661,whatsapp,2026-03-25T05:38:00Z,Tester Buyer-Smith,+14045550199,"Voice note transcription:
Got a late fee but I have proof I paid on time. Can we sort this out?","7278 Cedar Trail, Canton, GA",Cherokee,,billing,P2,Noa
WA-0662,whatsapp,2026-04-12T06:56:00Z,Tester Buyer-Smith,+14045550199,"Pickup at school is at 3:15 today, can you grab the kids? 🙏","7466 Pine Rd, Lawrenceville, GA",Gwinnett,,personal,P3,ARCHIVE
WA-0663,whatsapp,2026-04-17T20:06:00Z,Tester Buyer-Smith,+14045550199,"Boost your listings with our premium photography package.

Also - can you let me know by tomorrow?","2988 Magnolia Ln, Sugar Hill, GA",Gwinnett,,marketing_promo,P3,ARCHIVE
WA-0664,whatsapp,2026-04-12T17:53:00Z,Tester Buyer-Smith,+14045550199,Saw a roach in the kitchen - can pest control come this week?,"6645 Peachtree St, Kennesaw, GA",Cobb,,tenant_issue,P2,Nathalie
WA-0665,whatsapp,2026-03-22T18:36:00Z,Tester Buyer-Smith,+14045550199,"Insurance renewal for 7217 Pine Rd, Woodstock, GA is due next month.

Also - can you let me know by tomorrow?","7217 Pine Rd, Woodstock, GA",Cherokee,,admin,P3,Noa
WA-0666,whatsapp,2026-03-30T01:54:00Z,Tester Buyer-Smith,+14045550199,"Vendor said they'd be here at 10am, no show. Can you check on them?

Also - can you let me know by tomorrow?","6131 Maple Dr, Brookhaven, GA",DeKalb,,maintenance,P2,Noa
WA-0667,whatsapp,2026-04-09T00:18:00Z,Tester Buyer-Smith,+14045550199,"Voice note transcription:
Need your signature on the addendum for 7161 Cedar Trail, Lawrenceville, GA before 5pm.","7161 Cedar Trail, Lawrenceville, GA",Gwinnett,,contract,P1,Noa
WA-0668,whatsapp,2026-04-30T13:07:00Z,Tester Buyer-Smith,+14045550199,"Running 15 min late to the showing at 5454 Riverbend Way, Cumming, GA, please tell the agent.","5454 Riverbend Way, Cumming, GA",Forsyth,,showing,P1,Fabi
WA-0669,whatsapp,2026-03-21T05:21:00Z,Tester Buyer-Smith,+14045550199,"Voice note transcription:
Closing tomorrow at 9am and the wire instructions look wrong - help! 🙏

Also - can you let me know by tomorrow?","676 Cedar Trail, Woodstock, GA",Cherokee,,deal,P0,Nathalie
WA-0670,whatsapp,2026-04-16T22:41:00Z,Tester Buyer-Smith,+14045550199,"Hey, want to grab dinner Friday at that new ramen place?

Also - can you let me know by tomorrow?","6088 Cedar Trail, Decatur, GA",DeKalb,,personal,P3,ARCHIVE
WA-0671,whatsapp,2026-03-23T23:23:00Z,Tester Buyer-Smith,+14045550199,"Voice note transcription:
HOA sent a notice about new pool hours, forwarding to you.","3210 Cedar Trail, Woodstock, GA",Cherokee,,admin,P3,Noa
WA-0672,whatsapp,2026-04-18T04:16:00Z,Tester Buyer-Smith,+14045550199,"Pickup at school is at 3:15 today, can you grab the kids?","6766 Oak Ave, Cumming, GA",Forsyth,,personal,P3,ARCHIVE
WA-0673,whatsapp,2026-04-16T21:38:00Z,Tester Buyer-Smith,+14045550199,"Voice note transcription:
Gas leak smell in the apartment, I called 911. 6801 Riverbend Way, Atlanta, GA 🙏

Also - can you let me know by tomorrow?","6801 Riverbend Way, Atlanta, GA",Fulton,,tenant_issue,P0,Nathalie
WA-0674,whatsapp,2026-05-09T00:55:00Z,Tester Buyer-Smith,+14045550199,"Voice note transcription:
Gas leak smell in the apartment, I called 911. 9513 Oak Ave, Cumming, GA","9513 Oak Ave, Cumming, GA",Forsyth,,tenant_issue,P0,Nathalie
WA-0675,whatsapp,2026-03-31T15:00:00Z,Tester Buyer-Smith,+14045550199,"Neighbor in unit B has been playing loud music until 2am for a week. 8799 Willow Pkwy, Dunwoody, GA

Also - can you let me know by tomorrow?","8799 Willow Pkwy, Dunwoody, GA",DeKalb,,tenant_issue,P2,Nathalie
WA-0676,whatsapp,2026-03-18T16:21:00Z,Tester Buyer-Smith,+14045550199,"HOA sent a notice about new pool hours, forwarding to you.","2898 Riverbend Way, Lawrenceville, GA",Gwinnett,,admin,P3,Noa
WA-0677,whatsapp,2026-03-30T19:59:00Z,Tester Buyer-Smith,+14045550199,"No heat for 2 days now, my baby is freezing. 556 Birch Ct, Woodstock, GA","556 Birch Ct, Woodstock, GA",Cherokee,,tenant_issue,P0,Nathalie
WA-0678,whatsapp,2026-05-10T17:14:00Z,Tester Buyer-Smith,+14045550199,"Saw a roach in the kitchen - can pest control come this week?

Also - can you let me know by tomorrow?","2504 Maple Dr, Roswell, GA",Fulton,,tenant_issue,P2,Nathalie
WA-0679,whatsapp,2026-05-14T15:01:00Z,Tester Buyer-Smith,+14045550199,"Vendor said they'd be here at 10am, no show. Can you check on them?

Also - can you let me know by tomorrow?","8130 Peachtree St, Canton, GA",Cherokee,,maintenance,P2,Noa
WA-0680,whatsapp,2026-04-25T20:02:00Z,Tester Buyer-Smith,+14045550199,"Pickup at school is at 3:15 today, can you grab the kids?","4170 Pine Rd, Atlanta, GA",Fulton,,personal,P3,ARCHIVE
WA-0681,whatsapp,2026-04-01T22:06:00Z,Tester Buyer-Smith,+14045550199,The work order #4421 for the dishwasher - any update? 🙏,"4613 Willow Pkwy, Woodstock, GA",Cherokee,,maintenance,P2,Noa
WA-0682,whatsapp,2026-04-19T04:03:00Z,Tester Buyer-Smith,+14045550199,Lender needs proof of homeowners insurance by end of day.,"5700 Sycamore Blvd, Roswell, GA",Fulton,,document,P1,Noa
WA-0683,whatsapp,2026-04-10T14:42:00Z,Tester Buyer-Smith,+14045550199,"HOA sent a notice about new pool hours, forwarding to you.","3013 Birch Ct, Cumming, GA",Forsyth,,admin,P3,Noa
WA-0684,whatsapp,2026-03-23T20:53:00Z,Tester Buyer-Smith,+14045550199,"Insurance renewal for 3567 Cedar Trail, Decatur, GA is due next month. 🙏","3567 Cedar Trail, Decatur, GA",DeKalb,,admin,P3,Noa
WA-0685,whatsapp,2026-04-13T08:06:00Z,Tester Buyer-Smith,+14045550199,"Voice note transcription:
Our offer on 2717 Willow Pkwy, Canton, GA expires at 5pm today, can you confirm acceptance??","2717 Willow Pkwy, Canton, GA",Cherokee,,buyer_lead,P0,Fabi
WA-0686,whatsapp,2026-04-14T23:18:00Z,Tester Buyer-Smith,+14045550199,"Hi Nathalie, I'd like to sell my house at 274 Riverbend Way, Canton, GA. What's the market like in Cherokee right now?

Also - can you let me know by tomorrow?","274 Riverbend Way, Canton, GA",Cherokee,,seller_lead,P2,Fabi
WA-0687,whatsapp,2026-04-16T00:36:00Z,Tester Buyer-Smith,+14045550199,Are you a real estate agent? Try our new CRM free for 30 days.,"1369 Maple Dr, Brookhaven, GA",DeKalb,,marketing_promo,P3,ARCHIVE
WA-0688,whatsapp,2026-04-19T15:39:00Z,Tester Buyer-Smith,+14045550199,"Voice note transcription:
Light bulb in the hallway burned out, no rush. 🙏

Also - can you let me know by tomorrow?","3735 Riverbend Way, Sugar Hill, GA",Gwinnett,,maintenance,P3,Noa
WA-0689,whatsapp,2026-05-12T18:00:00Z,Tester Buyer-Smith,+14045550199,"Plumber invoice for 7346 Cedar Trail, Brookhaven, GA - approving with your sign-off.

Also - can you let me know by tomorrow?","7346 Cedar Trail, Brookhaven, GA",DeKalb,,vendor,P3,Noa
WA-0690,whatsapp,2026-04-19T08:22:00Z,Tester Buyer-Smith,+14045550199,Question on clause 7.b of the contract - what does 'as-is' really mean here?,"5282 Pine Rd, Canton, GA",Cherokee,,contract,P2,Noa
WA-0691,whatsapp,2026-04-14T01:54:00Z,Tester Buyer-Smith,+14045550199,"Could you send me the seller's disclosure for 9356 Oak Ave, Smyrna, GA (MLS MLS-7648886)?

Also - can you let me know by tomorrow?","9356 Oak Ave, Smyrna, GA",Cobb,MLS-7648886,document,P2,Noa
WA-0692,whatsapp,2026-05-04T19:18:00Z,Tester Buyer-Smith,+14045550199,"Voice note transcription:
HOA sent a notice about new pool hours, forwarding to you.","730 Oak Ave, Decatur, GA",DeKalb,,admin,P3,Noa
WA-0693,whatsapp,2026-05-14T08:42:00Z,Tester Buyer-Smith,+14045550199,FYI we're out of milk. Can you grab some on the way home?,"3842 Peachtree St, Atlanta, GA",Fulton,,personal,P3,ARCHIVE
WA-0694,whatsapp,2026-03-25T03:08:00Z,Tester Buyer-Smith,+14045550199,Considering listing the property in Cobb - can we schedule a CMA?,"718 Peachtree St, Marietta, GA",Cobb,,seller_lead,P2,Fabi
WA-0695,whatsapp,2026-03-30T13:32:00Z,Tester Buyer-Smith,+14045550199,"Voice note transcription:
Just confirming the security deposit is $1,500 not $2,000 like the email said. 🙏","5520 Peachtree St, Canton, GA",Cherokee,,billing,P3,Noa
WA-0696,whatsapp,2026-03-26T16:22:00Z,Tester Buyer-Smith,+14045550199,"Need your signature on the addendum for 347 Sycamore Blvd, Dunwoody, GA before 5pm. 🙏

Also - can you let me know by tomorrow?","347 Sycamore Blvd, Dunwoody, GA",DeKalb,,contract,P1,Noa
WA-0697,whatsapp,2026-04-24T01:33:00Z,Tester Buyer-Smith,+14045550199,"Voice note transcription:
Hey, want to grab dinner Friday at that new ramen place?

Also - can you let me know by tomorrow?","3444 Cedar Trail, Duluth, GA",Gwinnett,,personal,P3,ARCHIVE
WA-0698,whatsapp,2026-03-26T14:25:00Z,Tester Buyer-Smith,+14045550199,Boost your listings with our premium photography package. 🙏,"7207 Peachtree St, Cumming, GA",Forsyth,,marketing_promo,P3,ARCHIVE
WA-0699,whatsapp,2026-04-27T20:45:00Z,Tester Buyer-Smith,+14045550199,"EMERGENCY - water is pouring from the ceiling in unit at 8079 Riverbend Way, Woodstock, GA!!","8079 Riverbend Way, Woodstock, GA",Cherokee,,tenant_issue,P0,Nathalie
WA-0700,whatsapp,2026-03-31T19:08:00Z,Tester Buyer-Smith,+14045550199,"I'm at 6523 Peachtree St, Roswell, GA but the door is locked. Are you on the way?","6523 Peachtree St, Roswell, GA",Fulton,,showing,P1,Nathalie
WA-0701,whatsapp,2026-03-26T11:26:00Z,Tester Buyer-Smith,+14045550199,"Just confirming the security deposit is $1,500 not $2,000 like the email said. 🙏","8142 Riverbend Way, Sugar Hill, GA",Gwinnett,,billing,P3,Noa
WA-0702,whatsapp,2026-04-25T11:24:00Z,Tester Buyer-Smith,+14045550199,Urgent: your bank account needs verification. Visit https://phish.example/,"1467 Birch Ct, Cumming, GA",Forsyth,,spam,P3,ARCHIVE
WA-0703,whatsapp,2026-04-09T01:42:00Z,Tester Buyer-Smith,+14045550199,"Are you a real estate agent? Try our new CRM free for 30 days.

Also - can you let me know by tomorrow?","5027 Riverbend Way, Atlanta, GA",Fulton,,marketing_promo,P3,ARCHIVE
WA-0704,whatsapp,2026-04-13T20:36:00Z,Tester Buyer-Smith,+14045550199,"Voice note transcription:
Are you a real estate agent? Try our new CRM free for 30 days.

Also - can you let me know by tomorrow?","4113 Riverbend Way, Marietta, GA",Cobb,,marketing_promo,P3,ARCHIVE
WA-0705,whatsapp,2026-04-20T07:34:00Z,Tester Buyer-Smith,+14045550199,I'm a Nigerian prince and need your help moving $25M... 🙏,"8829 Magnolia Ln, Woodstock, GA",Cherokee,,spam,P3,ARCHIVE
WA-0706,whatsapp,2026-03-25T13:10:00Z,Tester Buyer-Smith,+14045550199,"Got the inspection report back. There are 3 items I'd like to negotiate.

Also - can you let me know by tomorrow?","8400 Pine Rd, Sandy Springs, GA",Fulton,,deal,P1,Nathalie
WA-0707,whatsapp,2026-05-07T03:26:00Z,Tester Buyer-Smith,+14045550199,"Plumber invoice for 4574 Oak Ave, Marietta, GA - approving with your sign-off.","4574 Oak Ave, Marietta, GA",Cobb,,vendor,P3,Noa
WA-0708,whatsapp,2026-05-10T16:13:00Z,Tester Buyer-Smith,+14045550199,Mom's birthday is next week - did you order the cake?,"8847 Pine Rd, Atlanta, GA",Fulton,,personal,P3,ARCHIVE
WA-0709,whatsapp,2026-03-21T11:03:00Z,Tester Buyer-Smith,+14045550199,"CLAIM YOUR PRIZE NOW - you've won $10,000! Click here: http://scam.example/ 🙏","7263 Peachtree St, Duluth, GA",Gwinnett,,spam,P3,ARCHIVE
WA-0710,whatsapp,2026-05-13T08:48:00Z,Tester Buyer-Smith,+14045550199,"Running 15 min late to the showing at 1899 Oak Ave, Canton, GA, please tell the agent.","1899 Oak Ave, Canton, GA",Cherokee,,showing,P1,Fabi
WA-0711,whatsapp,2026-05-02T15:50:00Z,Tester Buyer-Smith,+14045550199,"Plumber invoice for 6235 Magnolia Ln, Marietta, GA - approving with your sign-off. 🙏

Also - can you let me know by tomorrow?","6235 Magnolia Ln, Marietta, GA",Cobb,,vendor,P3,Noa
WA-0712,whatsapp,2026-03-31T18:48:00Z,Tester Buyer-Smith,+14045550199,"Dentist appointment confirmed for Tuesday 2pm. 🙏

Also - can you let me know by tomorrow?","4323 Peachtree St, Sugar Hill, GA",Gwinnett,,personal,P3,ARCHIVE
WA-0713,whatsapp,2026-04-03T15:08:00Z,Tester Buyer-Smith,+14045550199,FLASH SALE - 50% off everything at our store this weekend only!,"7501 Peachtree St, Cumming, GA",Forsyth,,marketing_promo,P3,ARCHIVE
WA-0714,whatsapp,2026-03-30T20:16:00Z,Tester Buyer-Smith,+14045550199,"EMERGENCY - water is pouring from the ceiling in unit at 8872 Oak Ave, Lawrenceville, GA!!","8872 Oak Ave, Lawrenceville, GA",Gwinnett,,tenant_issue,P0,Nathalie
WA-0715,whatsapp,2026-04-18T05:43:00Z,Tester Buyer-Smith,+14045550199,"Voice note transcription:
Question on clause 7.b of the contract - what does 'as-is' really mean here?","109 Pine Rd, Duluth, GA",Gwinnett,,contract,P2,Noa
WA-0716,whatsapp,2026-05-13T19:11:00Z,Tester Buyer-Smith,+14045550199,"Hi, I saw the listing at 1828 Peachtree St, Cumming, GA. Is it still available? I'd love a tour this weekend.","1828 Peachtree St, Cumming, GA",Forsyth,,buyer_lead,P2,Fabi
WA-0717,whatsapp,2026-05-09T02:38:00Z,Tester Buyer-Smith,+14045550199,"Got the inspection report back. There are 3 items I'd like to negotiate. 🙏

Also - can you let me know by tomorrow?","4480 Willow Pkwy, Brookhaven, GA",DeKalb,,deal,P1,Nathalie
WA-0718,whatsapp,2026-04-23T02:07:00Z,Tester Buyer-Smith,+14045550199,"The painter quoted $1,800 for unit B at 1914 Magnolia Ln, Brookhaven, GA - does that look right?","1914 Magnolia Ln, Brookhaven, GA",DeKalb,,vendor,P2,Noa
WA-0719,whatsapp,2026-05-07T13:21:00Z,Tester Buyer-Smith,+14045550199,"Just confirming the security deposit is $1,500 not $2,000 like the email said. 🙏

Also - can you let me know by tomorrow?","9225 Oak Ave, Sandy Springs, GA",Fulton,,billing,P3,Noa
WA-0720,whatsapp,2026-04-24T01:36:00Z,Tester Buyer-Smith,+14045550199,I'm a Nigerian prince and need your help moving $25M...,"4005 Pine Rd, Canton, GA",Cherokee,,spam,P3,ARCHIVE
WA-0721,whatsapp,2026-04-01T22:08:00Z,Tester Buyer-Smith,+14045550199,"Crypto opportunity - 300% return guaranteed. Reply YES.

Also - can you let me know by tomorrow?","1270 Riverbend Way, Decatur, GA",DeKalb,,spam,P3,ARCHIVE
WA-0722,whatsapp,2026-04-11T18:51:00Z,Tester Buyer-Smith,+14045550199,"Voice note transcription:
Counter-offer received on 3411 Sycamore Blvd, Lawrenceville, GA - they want 5k more. What do you think?

Also - can you let me know by tomorrow?","3411 Sycamore Blvd, Lawrenceville, GA",Gwinnett,,deal,P1,Nathalie
WA-0723,whatsapp,2026-04-05T23:26:00Z,Tester Buyer-Smith,+14045550199,"Atlanta Realtors Network: invitation to our May mixer.

Also - can you let me know by tomorrow?","6844 Sycamore Blvd, Atlanta, GA",Fulton,,marketing_promo,P3,ARCHIVE
WA-0724,whatsapp,2026-03-24T03:08:00Z,Tester Buyer-Smith,+14045550199,"CLAIM YOUR PRIZE NOW - you've won $10,000! Click here: http://scam.example/

Also - can you let me know by tomorrow?","2232 Riverbend Way, Canton, GA",Cherokee,,spam,P3,ARCHIVE
WA-0725,whatsapp,2026-04-17T09:54:00Z,Tester Buyer-Smith,+14045550199,"Plumber invoice for 7699 Magnolia Ln, Cumming, GA - approving with your sign-off.","7699 Magnolia Ln, Cumming, GA",Forsyth,,vendor,P3,Noa
WA-0726,whatsapp,2026-04-14T10:21:00Z,Tester Buyer-Smith,+14045550199,FLASH SALE - 50% off everything at our store this weekend only!,"9755 Birch Ct, Roswell, GA",Fulton,,marketing_promo,P3,ARCHIVE
WA-0727,whatsapp,2026-05-05T07:21:00Z,Tester Buyer-Smith,+14045550199,"Appraisal came in at $620k for 9618 Oak Ave, Smyrna, GA. Numbers look good.","9618 Oak Ave, Smyrna, GA",Cobb,,deal,P2,Nathalie
WA-0728,whatsapp,2026-03-27T09:04:00Z,Tester Buyer-Smith,+14045550199,The dog has a vet appointment Thursday at 10am.,"5463 Willow Pkwy, Atlanta, GA",Fulton,,personal,P3,ARCHIVE
WA-0729,whatsapp,2026-04-14T20:54:00Z,Tester Buyer-Smith,+14045550199,"Insurance renewal for 4471 Cedar Trail, Canton, GA is due next month. 🙏","4471 Cedar Trail, Canton, GA",Cherokee,,admin,P3,Noa
WA-0730,whatsapp,2026-04-15T18:55:00Z,Tester Buyer-Smith,+14045550199,"Bathroom faucet is dripping non-stop, can a plumber come look? 🙏","8998 Willow Pkwy, Sandy Springs, GA",Fulton,,tenant_issue,P2,Nathalie
WA-0731,whatsapp,2026-04-15T05:24:00Z,Tester Buyer-Smith,+14045550199,"Giving 30 days' notice - moving out by end of next month. 531 Willow Pkwy, Duluth, GA","531 Willow Pkwy, Duluth, GA",Gwinnett,,contract,P1,Noa
WA-0732,whatsapp,2026-05-16T09:16:00Z,Tester Buyer-Smith,+14045550199,Need to move ASAP - relocating for work in 3 weeks. Can you call me today?,"1046 Riverbend Way, Woodstock, GA",Cherokee,,buyer_lead,P1,Fabi
WA-0733,whatsapp,2026-03-22T17:48:00Z,Tester Buyer-Smith,+14045550199,Need to move ASAP - relocating for work in 3 weeks. Can you call me today?,"2844 Pine Rd, Canton, GA",Cherokee,,buyer_lead,P1,Fabi
WA-0734,whatsapp,2026-04-29T10:06:00Z,Tester Buyer-Smith,+14045550199,"Light bulb in the hallway burned out, no rush. 🙏","5964 Maple Dr, Canton, GA",Cherokee,,maintenance,P3,Noa
WA-0735,whatsapp,2026-05-03T10:57:00Z,Tester Buyer-Smith,+14045550199,"Appraisal came in at $620k for 8969 Riverbend Way, Cumming, GA. Numbers look good.

Also - can you let me know by tomorrow?","8969 Riverbend Way, Cumming, GA",Forsyth,,deal,P2,Nathalie
WA-0736,whatsapp,2026-04-22T01:16:00Z,Tester Buyer-Smith,+14045550199,"Hi, I saw the listing at 7564 Cedar Trail, Lawrenceville, GA. Is it still available? I'd love a tour this weekend. 🙏

Also - can you let me know by tomorrow?","7564 Cedar Trail, Lawrenceville, GA",Gwinnett,,buyer_lead,P2,Fabi
WA-0737,whatsapp,2026-04-21T08:06:00Z,Tester Buyer-Smith,+14045550199,Got a late fee but I have proof I paid on time. Can we sort this out? 🙏,"6446 Willow Pkwy, Duluth, GA",Gwinnett,,billing,P2,Noa
WA-0738,whatsapp,2026-04-07T17:10:00Z,Tester Buyer-Smith,+14045550199,Looking for a 3BR/2BA in DeKalb county under $550k. Do you have anything coming up?,"1060 Magnolia Ln, Dunwoody, GA",DeKalb,,buyer_lead,P2,Nathalie
WA-0739,whatsapp,2026-04-07T06:22:00Z,Tester Buyer-Smith,+14045550199,"Voice note transcription:
The painter quoted $1,800 for unit B at 5342 Magnolia Ln, Canton, GA - does that look right?

Also - can you let me know by tomorrow?","5342 Magnolia Ln, Canton, GA",Cherokee,,vendor,P2,Noa
WA-0740,whatsapp,2026-04-17T22:23:00Z,Tester Buyer-Smith,+14045550199,"Voice note transcription:
Hey, want to grab dinner Friday at that new ramen place?

Also - can you let me know by tomorrow?","6025 Peachtree St, Brookhaven, GA",DeKalb,,personal,P3,ARCHIVE
WA-0741,whatsapp,2026-04-25T12:33:00Z,Tester Buyer-Smith,+14045550199,"Voice note transcription:
Hi Nathalie, I'd like to sell my house at 7442 Riverbend Way, Dunwoody, GA. What's the market like in DeKalb right now?","7442 Riverbend Way, Dunwoody, GA",DeKalb,,seller_lead,P2,Nathalie
WA-0742,whatsapp,2026-05-11T08:06:00Z,Tester Buyer-Smith,+14045550199,"Could you send me the seller's disclosure for 675 Magnolia Ln, Brookhaven, GA (MLS MLS-7091341)?

Also - can you let me know by tomorrow?","675 Magnolia Ln, Brookhaven, GA",DeKalb,MLS-7091341,document,P2,Noa
WA-0743,whatsapp,2026-04-22T09:02:00Z,Tester Buyer-Smith,+14045550199,"Voice note transcription:
Could you send me the seller's disclosure for 1753 Peachtree St, Dunwoody, GA (MLS MLS-7994048)?

Also - can you let me know by tomorrow?","1753 Peachtree St, Dunwoody, GA",DeKalb,MLS-7994048,document,P2,Noa
WA-0744,whatsapp,2026-03-20T09:01:00Z,Tester Buyer-Smith,+14045550199,"Bathroom faucet is dripping non-stop, can a plumber come look? 🙏

Also - can you let me know by tomorrow?","6976 Sycamore Blvd, Sandy Springs, GA",Fulton,,tenant_issue,P2,Nathalie
WA-0745,whatsapp,2026-03-31T17:38:00Z,Tester Buyer-Smith,+14045550199,"The painter quoted $1,800 for unit B at 7981 Peachtree St, Smyrna, GA - does that look right?","7981 Peachtree St, Smyrna, GA",Cobb,,vendor,P2,Noa
WA-0746,whatsapp,2026-04-22T14:02:00Z,Tester Buyer-Smith,+14045550199,"I paid rent on the 1st but it doesn't show in the portal yet.

Also - can you let me know by tomorrow?","5174 Cedar Trail, Marietta, GA",Cobb,,billing,P2,Noa
WA-0747,whatsapp,2026-05-17T07:38:00Z,Tester Buyer-Smith,+14045550199,"EMERGENCY - water is pouring from the ceiling in unit at 3674 Sycamore Blvd, Dunwoody, GA!! 🙏

Also - can you let me know by tomorrow?","3674 Sycamore Blvd, Dunwoody, GA",DeKalb,,tenant_issue,P0,Nathalie
WA-0748,whatsapp,2026-05-09T23:30:00Z,Tester Buyer-Smith,+14045550199,"Counter-offer received on 8369 Peachtree St, Dunwoody, GA - they want 5k more. What do you think? 🙏","8369 Peachtree St, Dunwoody, GA",DeKalb,,deal,P1,Nathalie
WA-0749,whatsapp,2026-05-11T01:37:00Z,Tester Buyer-Smith,+14045550199,"Hi Nathalie, I'd like to sell my house at 5588 Sycamore Blvd, Cumming, GA. What's the market like in Forsyth right now?","5588 Sycamore Blvd, Cumming, GA",Forsyth,,seller_lead,P2,Fabi
WA-0750,whatsapp,2026-04-11T10:46:00Z,Tester Buyer-Smith,+14045550199,"I paid rent on the 1st but it doesn't show in the portal yet.

Also - can you let me know by tomorrow?","3993 Birch Ct, Woodstock, GA",Cherokee,,billing,P2,Noa
WA-0751,whatsapp,2026-05-17T06:39:00Z,Tester Buyer-Smith,+14045550199,Lender needs proof of homeowners insurance by end of day.,"5254 Maple Dr, Roswell, GA",Fulton,,document,P1,Noa
WA-0752,whatsapp,2026-03-25T02:10:00Z,Tester Buyer-Smith,+14045550199,"Need to renew the lease at 1009 Willow Pkwy, Duluth, GA. Can you send the renewal terms?","1009 Willow Pkwy, Duluth, GA",Gwinnett,,contract,P2,Noa
WA-0753,whatsapp,2026-05-11T13:41:00Z,Tester Buyer-Smith,+14045550199,"Plumber invoice for 339 Cedar Trail, Decatur, GA - approving with your sign-off.","339 Cedar Trail, Decatur, GA",DeKalb,,vendor,P3,Noa
WA-0754,whatsapp,2026-04-17T07:18:00Z,Tester Buyer-Smith,+14045550199,"Lender needs proof of homeowners insurance by end of day.

Also - can you let me know by tomorrow?","4082 Cedar Trail, Cumming, GA",Forsyth,,document,P1,Noa
WA-0755,whatsapp,2026-04-23T22:25:00Z,Tester Buyer-Smith,+14045550199,"Need your signature on the addendum for 1821 Riverbend Way, Kennesaw, GA before 5pm.","1821 Riverbend Way, Kennesaw, GA",Cobb,,contract,P1,Noa
WA-0756,whatsapp,2026-03-23T03:48:00Z,Tester Buyer-Smith,+14045550199,"Lender needs proof of homeowners insurance by end of day.

Also - can you let me know by tomorrow?","2798 Oak Ave, Dunwoody, GA",DeKalb,,document,P1,Noa
WA-0757,whatsapp,2026-04-20T22:22:00Z,Tester Buyer-Smith,+14045550199,Considering listing the property in Gwinnett - can we schedule a CMA?,"5421 Oak Ave, Sugar Hill, GA",Gwinnett,,seller_lead,P2,Fabi
WA-0758,whatsapp,2026-05-16T16:32:00Z,Tester Buyer-Smith,+14045550199,"Hi Nathalie, I'd like to sell my house at 5949 Magnolia Ln, Cumming, GA. What's the market like in Forsyth right now? 🙏","5949 Magnolia Ln, Cumming, GA",Forsyth,,seller_lead,P2,Fabi
WA-0759,whatsapp,2026-03-22T10:24:00Z,Tester Buyer-Smith,+14045550199,I paid rent on the 1st but it doesn't show in the portal yet. 🙏,"5554 Oak Ave, Lawrenceville, GA",Gwinnett,,billing,P2,Noa
WA-0760,whatsapp,2026-05-02T02:01:00Z,Tester Buyer-Smith,+14045550199,"Voice note transcription:
Insurance renewal for 2633 Maple Dr, Marietta, GA is due next month.","2633 Maple Dr, Marietta, GA",Cobb,,admin,P3,Noa
WA-0761,whatsapp,2026-04-17T00:49:00Z,Tester Buyer-Smith,+14045550199,"Locked out of 131 Maple Dr, Woodstock, GA at 11pm with the kids in the car.

Also - can you let me know by tomorrow?","131 Maple Dr, Woodstock, GA",Cherokee,,tenant_issue,P0,Nathalie
WA-0762,whatsapp,2026-05-15T22:51:00Z,Tester Buyer-Smith,+14045550199,Got the inspection report back. There are 3 items I'd like to negotiate.,"9910 Maple Dr, Marietta, GA",Cobb,,deal,P1,Nathalie
WA-0763,whatsapp,2026-05-12T13:23:00Z,Tester Buyer-Smith,+14045550199,"Voice note transcription:
The painter quoted $1,800 for unit B at 2321 Maple Dr, Sandy Springs, GA - does that look right?","2321 Maple Dr, Sandy Springs, GA",Fulton,,vendor,P2,Noa
WA-0764,whatsapp,2026-04-27T22:12:00Z,Tester Buyer-Smith,+14045550199,"Mom's birthday is next week - did you order the cake?

Also - can you let me know by tomorrow?","2862 Riverbend Way, Marietta, GA",Cobb,,personal,P3,ARCHIVE
WA-0765,whatsapp,2026-04-14T18:08:00Z,Tester Buyer-Smith,+14045550199,"Voice note transcription:
Gas leak smell in the apartment, I called 911. 2373 Willow Pkwy, Duluth, GA","2373 Willow Pkwy, Duluth, GA",Gwinnett,,tenant_issue,P0,Nathalie
WA-0766,whatsapp,2026-04-20T23:12:00Z,Tester Buyer-Smith,+14045550199,"AC stopped cooling at 3911 Birch Ct, Sugar Hill, GA. Indoor temp is 84F. 🙏","3911 Birch Ct, Sugar Hill, GA",Gwinnett,,tenant_issue,P1,Nathalie
WA-0767,whatsapp,2026-05-09T21:01:00Z,Tester Buyer-Smith,+14045550199,FLASH SALE - 50% off everything at our store this weekend only!,"2724 Maple Dr, Sugar Hill, GA",Gwinnett,,marketing_promo,P3,ARCHIVE
WA-0768,whatsapp,2026-03-20T17:36:00Z,Tester Buyer-Smith,+14045550199,"Voice note transcription:
Atlanta Realtors Network: invitation to our May mixer.","9469 Pine Rd, Roswell, GA",Fulton,,marketing_promo,P3,ARCHIVE
WA-0769,whatsapp,2026-05-16T19:17:00Z,Tester Buyer-Smith,+14045550199,"Just confirming the security deposit is $1,500 not $2,000 like the email said.","2405 Maple Dr, Roswell, GA",Fulton,,billing,P3,Noa
WA-0770,whatsapp,2026-04-26T16:38:00Z,Tester Buyer-Smith,+14045550199,"Pickup at school is at 3:15 today, can you grab the kids?","3752 Birch Ct, Roswell, GA",Fulton,,personal,P3,ARCHIVE
WA-0771,whatsapp,2026-04-03T16:49:00Z,Tester Buyer-Smith,+14045550199,"The painter quoted $1,800 for unit B at 4549 Pine Rd, Woodstock, GA - does that look right?","4549 Pine Rd, Woodstock, GA",Cherokee,,vendor,P2,Noa
WA-0772,whatsapp,2026-05-10T08:34:00Z,Tester Buyer-Smith,+14045550199,Are you a real estate agent? Try our new CRM free for 30 days.,"1122 Oak Ave, Decatur, GA",DeKalb,,marketing_promo,P3,ARCHIVE
WA-0773,whatsapp,2026-03-19T12:34:00Z,Tester Buyer-Smith,+14045550199,The work order #4421 for the dishwasher - any update? 🙏,"9502 Cedar Trail, Decatur, GA",DeKalb,,maintenance,P2,Noa
WA-0774,whatsapp,2026-05-02T22:46:00Z,Tester Buyer-Smith,+14045550199,"Can we set up a walkthrough next Tuesday for the move-out at 4923 Sycamore Blvd, Cumming, GA?","4923 Sycamore Blvd, Cumming, GA",Forsyth,,scheduling,P2,Noa
WA-0775,whatsapp,2026-04-05T23:10:00Z,Tester Buyer-Smith,+14045550199,Atlanta Realtors Network: invitation to our May mixer.,"5035 Magnolia Ln, Dunwoody, GA",DeKalb,,marketing_promo,P3,ARCHIVE
WA-0776,whatsapp,2026-03-22T18:13:00Z,Tester Buyer-Smith,+14045550199,"Hi Nathalie, I'd like to sell my house at 5353 Cedar Trail, Dunwoody, GA. What's the market like in DeKalb right now?","5353 Cedar Trail, Dunwoody, GA",DeKalb,,seller_lead,P2,Nathalie
WA-0777,whatsapp,2026-04-26T22:23:00Z,Tester Buyer-Smith,+14045550199,"Can we set up a walkthrough next Tuesday for the move-out at 6106 Riverbend Way, Dunwoody, GA?

Also - can you let me know by tomorrow?","6106 Riverbend Way, Dunwoody, GA",DeKalb,,scheduling,P2,Noa
WA-0778,whatsapp,2026-03-23T06:39:00Z,Tester Buyer-Smith,+14045550199,"Voice note transcription:
Plumber invoice for 9622 Maple Dr, Kennesaw, GA - approving with your sign-off. 🙏","9622 Maple Dr, Kennesaw, GA",Cobb,,vendor,P3,Noa
WA-0779,whatsapp,2026-04-14T20:58:00Z,Tester Buyer-Smith,+14045550199,"Our offer on 8514 Willow Pkwy, Brookhaven, GA expires at 5pm today, can you confirm acceptance??","8514 Willow Pkwy, Brookhaven, GA",DeKalb,,buyer_lead,P0,Nathalie
WA-0780,whatsapp,2026-04-16T12:00:00Z,Tester Buyer-Smith,+14045550199,FYI we're out of milk. Can you grab some on the way home?,"3750 Pine Rd, Sandy Springs, GA",Fulton,,personal,P3,ARCHIVE
WA-0781,whatsapp,2026-05-01T04:18:00Z,Tester Buyer-Smith,+14045550199,"Our offer on 9279 Oak Ave, Marietta, GA expires at 5pm today, can you confirm acceptance??

Also - can you let me know by tomorrow?","9279 Oak Ave, Marietta, GA",Cobb,,buyer_lead,P0,Fabi
WA-0782,whatsapp,2026-04-09T23:00:00Z,Tester Buyer-Smith,+14045550199,"Our offer on 3399 Oak Ave, Canton, GA expires at 5pm today, can you confirm acceptance??","3399 Oak Ave, Canton, GA",Cherokee,,buyer_lead,P0,Fabi
WA-0783,whatsapp,2026-05-05T07:18:00Z,Tester Buyer-Smith,+14045550199,"Lender needs proof of homeowners insurance by end of day.

Also - can you let me know by tomorrow?","9527 Oak Ave, Cumming, GA",Forsyth,,document,P1,Noa
WA-0784,whatsapp,2026-04-28T01:53:00Z,Tester Buyer-Smith,+14045550199,"Can we set up a walkthrough next Tuesday for the move-out at 6001 Pine Rd, Cumming, GA?","6001 Pine Rd, Cumming, GA",Forsyth,,scheduling,P2,Noa
WA-0785,whatsapp,2026-04-04T04:17:00Z,Tester Buyer-Smith,+14045550199,"Gas leak smell in the apartment, I called 911. 2387 Magnolia Ln, Cumming, GA 🙏","2387 Magnolia Ln, Cumming, GA",Forsyth,,tenant_issue,P0,Nathalie
WA-0786,whatsapp,2026-04-16T11:38:00Z,Tester Buyer-Smith,+14045550199,"Appraisal came in at $620k for 3164 Birch Ct, Atlanta, GA. Numbers look good.","3164 Birch Ct, Atlanta, GA",Fulton,,deal,P2,Nathalie
WA-0787,whatsapp,2026-04-08T14:27:00Z,Tester Buyer-Smith,+14045550199,Are you a real estate agent? Try our new CRM free for 30 days.,"7715 Pine Rd, Sandy Springs, GA",Fulton,,marketing_promo,P3,ARCHIVE
WA-0788,whatsapp,2026-03-24T10:03:00Z,Tester Buyer-Smith,+14045550199,"Boost your listings with our premium photography package.

Also - can you let me know by tomorrow?","4099 Maple Dr, Cumming, GA",Forsyth,,marketing_promo,P3,ARCHIVE
WA-0789,whatsapp,2026-04-06T21:29:00Z,Tester Buyer-Smith,+14045550199,"Voice note transcription:
Need to renew the lease at 3439 Magnolia Ln, Lawrenceville, GA. Can you send the renewal terms?","3439 Magnolia Ln, Lawrenceville, GA",Gwinnett,,contract,P2,Noa
WA-0790,whatsapp,2026-05-10T08:55:00Z,Tester Buyer-Smith,+14045550199,"I'm at 8215 Magnolia Ln, Brookhaven, GA but the door is locked. Are you on the way? 🙏","8215 Magnolia Ln, Brookhaven, GA",DeKalb,,showing,P1,Nathalie
WA-0791,whatsapp,2026-03-28T04:17:00Z,Tester Buyer-Smith,+14045550199,"Voice note transcription:
Dentist appointment confirmed for Tuesday 2pm.","2726 Willow Pkwy, Decatur, GA",DeKalb,,personal,P3,ARCHIVE
WA-0792,whatsapp,2026-04-02T15:59:00Z,Tester Buyer-Smith,+14045550199,"The dog has a vet appointment Thursday at 10am.

Also - can you let me know by tomorrow?","7572 Magnolia Ln, Canton, GA",Cherokee,,personal,P3,ARCHIVE
WA-0793,whatsapp,2026-04-11T07:02:00Z,Tester Buyer-Smith,+14045550199,Looking for a 3BR/2BA in Cherokee county under $550k. Do you have anything coming up?,"1777 Pine Rd, Woodstock, GA",Cherokee,,buyer_lead,P2,Fabi
WA-0794,whatsapp,2026-04-01T11:32:00Z,Tester Buyer-Smith,+14045550199,"Locked out of 5403 Cedar Trail, Brookhaven, GA at 11pm with the kids in the car. 🙏

Also - can you let me know by tomorrow?","5403 Cedar Trail, Brookhaven, GA",DeKalb,,tenant_issue,P0,Nathalie
WA-0795,whatsapp,2026-04-24T22:28:00Z,Tester Buyer-Smith,+14045550199,"Just confirming the security deposit is $1,500 not $2,000 like the email said.","7139 Willow Pkwy, Dunwoody, GA",DeKalb,,billing,P3,Noa
WA-0796,whatsapp,2026-05-15T15:48:00Z,Tester Buyer-Smith,+14045550199,Got the inspection report back. There are 3 items I'd like to negotiate.,"1436 Magnolia Ln, Woodstock, GA",Cherokee,,deal,P1,Nathalie
WA-0797,whatsapp,2026-05-05T05:23:00Z,Tester Buyer-Smith,+14045550199,"Hi Nathalie, I'd like to sell my house at 7150 Riverbend Way, Cumming, GA. What's the market like in Forsyth right now? 🙏","7150 Riverbend Way, Cumming, GA",Forsyth,,seller_lead,P2,Fabi
WA-0798,whatsapp,2026-05-11T23:34:00Z,Tester Buyer-Smith,+14045550199,"Voice note transcription:
No heat for 2 days now, my baby is freezing. 9313 Birch Ct, Canton, GA","9313 Birch Ct, Canton, GA",Cherokee,,tenant_issue,P0,Nathalie
WA-0799,whatsapp,2026-03-19T14:34:00Z,Tester Buyer-Smith,+14045550199,Crypto opportunity - 300% return guaranteed. Reply YES.,"2312 Cedar Trail, Brookhaven, GA",DeKalb,,spam,P3,ARCHIVE
WA-0800,whatsapp,2026-03-31T07:13:00Z,Tester Buyer-Smith,+14045550199,"Voice note transcription:
Your monthly newsletter from RealEstateDigest is here.","9319 Cedar Trail, Cumming, GA",Forsyth,,marketing_promo,P3,ARCHIVE
WA-0801,whatsapp,2026-04-15T15:23:00Z,Tester Buyer-Smith,+14045550199,"Pickup at school is at 3:15 today, can you grab the kids?

Also - can you let me know by tomorrow?","4712 Magnolia Ln, Dunwoody, GA",DeKalb,,personal,P3,ARCHIVE
WA-0802,whatsapp,2026-03-23T05:01:00Z,Tester Buyer-Smith,+14045550199,"Hi, I saw the listing at 9298 Cedar Trail, Brookhaven, GA. Is it still available? I'd love a tour this weekend.

Also - can you let me know by tomorrow?","9298 Cedar Trail, Brookhaven, GA",DeKalb,,buyer_lead,P2,Nathalie
WA-0803,whatsapp,2026-03-24T04:26:00Z,Tester Buyer-Smith,+14045550199,Need to move ASAP - relocating for work in 3 weeks. Can you call me today?,"6254 Sycamore Blvd, Sandy Springs, GA",Fulton,,buyer_lead,P1,Nathalie
WA-0804,whatsapp,2026-04-29T08:56:00Z,Tester Buyer-Smith,+14045550199,"Voice note transcription:
Pickup at school is at 3:15 today, can you grab the kids?

Also - can you let me know by tomorrow?","6755 Maple Dr, Sandy Springs, GA",Fulton,,personal,P3,ARCHIVE
WA-0805,whatsapp,2026-04-06T22:26:00Z,Tester Buyer-Smith,+14045550199,"Could you send me the seller's disclosure for 6585 Peachtree St, Lawrenceville, GA (MLS MLS-7670274)?","6585 Peachtree St, Lawrenceville, GA",Gwinnett,MLS-7670274,document,P2,Noa
WA-0806,whatsapp,2026-03-24T18:14:00Z,Tester Buyer-Smith,+14045550199,"Voice note transcription:
The work order #4421 for the dishwasher - any update?","2622 Pine Rd, Woodstock, GA",Cherokee,,maintenance,P2,Noa
WA-0807,whatsapp,2026-04-30T06:31:00Z,Tester Buyer-Smith,+14045550199,"Gas leak smell in the apartment, I called 911. 7799 Pine Rd, Woodstock, GA 🙏","7799 Pine Rd, Woodstock, GA",Cherokee,,tenant_issue,P0,Nathalie
WA-0808,whatsapp,2026-05-04T22:02:00Z,Tester Buyer-Smith,+14045550199,"Neighbor in unit B has been playing loud music until 2am for a week. 7147 Birch Ct, Canton, GA 🙏","7147 Birch Ct, Canton, GA",Cherokee,,tenant_issue,P2,Nathalie
WA-0809,whatsapp,2026-03-21T13:34:00Z,Tester Buyer-Smith,+14045550199,"Need your signature on the addendum for 1964 Willow Pkwy, Marietta, GA before 5pm.","1964 Willow Pkwy, Marietta, GA",Cobb,,contract,P1,Noa
WA-0810,whatsapp,2026-03-26T11:09:00Z,Tester Buyer-Smith,+14045550199,Mom's birthday is next week - did you order the cake? 🙏,"6206 Pine Rd, Roswell, GA",Fulton,,personal,P3,ARCHIVE
WA-0811,whatsapp,2026-04-15T19:43:00Z,Tester Buyer-Smith,+14045550199,Need to move ASAP - relocating for work in 3 weeks. Can you call me today? 🙏,"9188 Cedar Trail, Cumming, GA",Forsyth,,buyer_lead,P1,Fabi
WA-0812,whatsapp,2026-04-20T14:56:00Z,Tester Buyer-Smith,+14045550199,"Could you send me the seller's disclosure for 5242 Maple Dr, Smyrna, GA (MLS MLS-7100124)? 🙏","5242 Maple Dr, Smyrna, GA",Cobb,MLS-7100124,document,P2,Noa
WA-0813,whatsapp,2026-05-14T15:25:00Z,Tester Buyer-Smith,+14045550199,"Are you a real estate agent? Try our new CRM free for 30 days. 🙏

Also - can you let me know by tomorrow?","1456 Pine Rd, Atlanta, GA",Fulton,,marketing_promo,P3,ARCHIVE
WA-0814,whatsapp,2026-04-30T03:02:00Z,Tester Buyer-Smith,+14045550199,Closing tomorrow at 9am and the wire instructions look wrong - help!,"281 Pine Rd, Woodstock, GA",Cherokee,,deal,P0,Nathalie
WA-0815,whatsapp,2026-04-25T19:05:00Z,Tester Buyer-Smith,+14045550199,"Voice note transcription:
Insurance renewal for 6156 Pine Rd, Roswell, GA is due next month. 🙏

Also - can you let me know by tomorrow?","6156 Pine Rd, Roswell, GA",Fulton,,admin,P3,Noa
WA-0816,whatsapp,2026-05-14T10:49:00Z,Tester Buyer-Smith,+14045550199,FLASH SALE - 50% off everything at our store this weekend only!,"7034 Maple Dr, Duluth, GA",Gwinnett,,marketing_promo,P3,ARCHIVE
WA-0817,whatsapp,2026-05-06T02:50:00Z,Tester Buyer-Smith,+14045550199,Got a late fee but I have proof I paid on time. Can we sort this out? 🙏,"115 Willow Pkwy, Lawrenceville, GA",Gwinnett,,billing,P2,Noa
WA-0818,whatsapp,2026-05-12T03:01:00Z,Tester Buyer-Smith,+14045550199,"Closing tomorrow at 9am and the wire instructions look wrong - help! 🙏

Also - can you let me know by tomorrow?","9040 Peachtree St, Lawrenceville, GA",Gwinnett,,deal,P0,Nathalie
WA-0819,whatsapp,2026-03-31T08:38:00Z,Tester Buyer-Smith,+14045550199,"Locked out of 5417 Pine Rd, Dunwoody, GA at 11pm with the kids in the car.","5417 Pine Rd, Dunwoody, GA",DeKalb,,tenant_issue,P0,Nathalie
WA-0820,whatsapp,2026-03-25T03:49:00Z,Tester Buyer-Smith,+14045550199,Need to move ASAP - relocating for work in 3 weeks. Can you call me today? 🙏,"2596 Peachtree St, Dunwoody, GA",DeKalb,,buyer_lead,P1,Nathalie
WA-0821,whatsapp,2026-05-01T01:25:00Z,Tester Buyer-Smith,+14045550199,The dog has a vet appointment Thursday at 10am.,"9116 Oak Ave, Sugar Hill, GA",Gwinnett,,personal,P3,ARCHIVE
WA-0822,whatsapp,2026-03-23T13:09:00Z,Tester Buyer-Smith,+14045550199,Atlanta Realtors Network: invitation to our May mixer.,"8983 Pine Rd, Cumming, GA",Forsyth,,marketing_promo,P3,ARCHIVE
WA-0823,whatsapp,2026-03-31T22:20:00Z,Tester Buyer-Smith,+14045550199,The dog has a vet appointment Thursday at 10am.,"4193 Oak Ave, Decatur, GA",DeKalb,,personal,P3,ARCHIVE
WA-0824,whatsapp,2026-04-15T23:27:00Z,Tester Buyer-Smith,+14045550199,"Voice note transcription:
I'm at 7604 Willow Pkwy, Sandy Springs, GA but the door is locked. Are you on the way? 🙏","7604 Willow Pkwy, Sandy Springs, GA",Fulton,,showing,P1,Nathalie
WA-0825,whatsapp,2026-04-18T13:47:00Z,Tester Buyer-Smith,+14045550199,"Our offer on 1529 Cedar Trail, Canton, GA expires at 5pm today, can you confirm acceptance??","1529 Cedar Trail, Canton, GA",Cherokee,,buyer_lead,P0,Fabi
WA-0826,whatsapp,2026-03-25T18:05:00Z,Tester Buyer-Smith,+14045550199,Saw a roach in the kitchen - can pest control come this week?,"4342 Sycamore Blvd, Dunwoody, GA",DeKalb,,tenant_issue,P2,Nathalie
WA-0827,whatsapp,2026-05-14T00:36:00Z,Tester Buyer-Smith,+14045550199,"Bathroom faucet is dripping non-stop, can a plumber come look? 🙏","1622 Sycamore Blvd, Dunwoody, GA",DeKalb,,tenant_issue,P2,Nathalie
WA-0828,whatsapp,2026-05-05T13:28:00Z,Tester Buyer-Smith,+14045550199,"Urgent: your bank account needs verification. Visit https://phish.example/

Also - can you let me know by tomorrow?","8412 Cedar Trail, Lawrenceville, GA",Gwinnett,,spam,P3,ARCHIVE
WA-0829,whatsapp,2026-04-23T13:46:00Z,Tester Buyer-Smith,+14045550199,"Voice note transcription:
Can we set up a walkthrough next Tuesday for the move-out at 1347 Magnolia Ln, Brookhaven, GA?","1347 Magnolia Ln, Brookhaven, GA",DeKalb,,scheduling,P2,Noa
WA-0830,whatsapp,2026-04-13T21:55:00Z,Tester Buyer-Smith,+14045550199,"Voice note transcription:
Question on clause 7.b of the contract - what does 'as-is' really mean here?","2603 Cedar Trail, Roswell, GA",Fulton,,contract,P2,Noa
WA-0831,whatsapp,2026-05-06T01:46:00Z,Tester Buyer-Smith,+14045550199,Mom's birthday is next week - did you order the cake?,"1504 Willow Pkwy, Dunwoody, GA",DeKalb,,personal,P3,ARCHIVE
WA-0832,whatsapp,2026-03-22T06:35:00Z,Tester Buyer-Smith,+14045550199,"CLAIM YOUR PRIZE NOW - you've won $10,000! Click here: http://scam.example/","9685 Riverbend Way, Woodstock, GA",Cherokee,,spam,P3,ARCHIVE
WA-0833,whatsapp,2026-04-18T23:11:00Z,Tester Buyer-Smith,+14045550199,Got the inspection report back. There are 3 items I'd like to negotiate. 🙏,"9508 Cedar Trail, Marietta, GA",Cobb,,deal,P1,Nathalie
WA-0834,whatsapp,2026-04-21T14:03:00Z,Tester Buyer-Smith,+14045550199,"Voice note transcription:
Need to move ASAP - relocating for work in 3 weeks. Can you call me today?","3654 Magnolia Ln, Kennesaw, GA",Cobb,,buyer_lead,P1,Fabi
WA-0835,whatsapp,2026-04-03T12:06:00Z,Tester Buyer-Smith,+14045550199,Mom's birthday is next week - did you order the cake?,"8431 Sycamore Blvd, Sandy Springs, GA",Fulton,,personal,P3,ARCHIVE
WA-0836,whatsapp,2026-04-15T05:27:00Z,Tester Buyer-Smith,+14045550199,I paid rent on the 1st but it doesn't show in the portal yet.,"2352 Birch Ct, Decatur, GA",DeKalb,,billing,P2,Noa
WA-0837,whatsapp,2026-05-15T22:51:00Z,Tester Buyer-Smith,+14045550199,"Voice note transcription:
Gas leak smell in the apartment, I called 911. 7722 Pine Rd, Marietta, GA

Also - can you let me know by tomorrow?","7722 Pine Rd, Marietta, GA",Cobb,,tenant_issue,P0,Nathalie
WA-0838,whatsapp,2026-05-16T05:00:00Z,Tester Buyer-Smith,+14045550199,"Voice note transcription:
Giving 30 days' notice - moving out by end of next month. 9355 Magnolia Ln, Cumming, GA","9355 Magnolia Ln, Cumming, GA",Forsyth,,contract,P1,Noa
WA-0839,whatsapp,2026-04-03T05:23:00Z,Tester Buyer-Smith,+14045550199,Question on clause 7.b of the contract - what does 'as-is' really mean here?,"6843 Maple Dr, Lawrenceville, GA",Gwinnett,,contract,P2,Noa
WA-0840,whatsapp,2026-04-10T17:47:00Z,Tester Buyer-Smith,+14045550199,"Considering listing the property in Forsyth - can we schedule a CMA?

Also - can you let me know by tomorrow?","7046 Birch Ct, Cumming, GA",Forsyth,,seller_lead,P2,Fabi
WA-0841,whatsapp,2026-05-06T14:42:00Z,Tester Buyer-Smith,+14045550199,"Can we move tomorrow's showing at 4276 Willow Pkwy, Dunwoody, GA from 4pm to 6pm?","4276 Willow Pkwy, Dunwoody, GA",DeKalb,,showing,P2,Nathalie
WA-0842,whatsapp,2026-04-27T09:58:00Z,Tester Buyer-Smith,+14045550199,Urgent: your bank account needs verification. Visit https://phish.example/,"241 Peachtree St, Woodstock, GA",Cherokee,,spam,P3,ARCHIVE
WA-0843,whatsapp,2026-05-09T18:46:00Z,Tester Buyer-Smith,+14045550199,"No heat for 2 days now, my baby is freezing. 347 Pine Rd, Sugar Hill, GA","347 Pine Rd, Sugar Hill, GA",Gwinnett,,tenant_issue,P0,Nathalie
WA-0844,whatsapp,2026-04-19T09:45:00Z,Tester Buyer-Smith,+14045550199,"Need to renew the lease at 2854 Magnolia Ln, Sandy Springs, GA. Can you send the renewal terms?","2854 Magnolia Ln, Sandy Springs, GA",Fulton,,contract,P2,Noa
WA-0845,whatsapp,2026-05-15T11:09:00Z,Tester Buyer-Smith,+14045550199,Saw a roach in the kitchen - can pest control come this week? 🙏,"1170 Cedar Trail, Lawrenceville, GA",Gwinnett,,tenant_issue,P2,Nathalie
WA-0846,whatsapp,2026-04-05T04:08:00Z,Tester Buyer-Smith,+14045550199,"Vendor said they'd be here at 10am, no show. Can you check on them?","6387 Riverbend Way, Marietta, GA",Cobb,,maintenance,P2,Noa
WA-0847,whatsapp,2026-04-29T04:42:00Z,Tester Buyer-Smith,+14045550199,"Gas leak smell in the apartment, I called 911. 8450 Birch Ct, Dunwoody, GA","8450 Birch Ct, Dunwoody, GA",DeKalb,,tenant_issue,P0,Nathalie
WA-0848,whatsapp,2026-04-25T11:13:00Z,Tester Buyer-Smith,+14045550199,"Got a late fee but I have proof I paid on time. Can we sort this out?

Also - can you let me know by tomorrow?","5860 Cedar Trail, Decatur, GA",DeKalb,,billing,P2,Noa
WA-0849,whatsapp,2026-04-13T19:32:00Z,Tester Buyer-Smith,+14045550199,"Voice note transcription:
Vendor said they'd be here at 10am, no show. Can you check on them?","6302 Willow Pkwy, Canton, GA",Cherokee,,maintenance,P2,Noa
WA-0850,whatsapp,2026-04-11T11:34:00Z,Tester Buyer-Smith,+14045550199,Crypto opportunity - 300% return guaranteed. Reply YES.,"3069 Magnolia Ln, Smyrna, GA",Cobb,,spam,P3,ARCHIVE
WA-0851,whatsapp,2026-04-18T03:16:00Z,Tester Buyer-Smith,+14045550199,I'm a Nigerian prince and need your help moving $25M...,"5736 Cedar Trail, Cumming, GA",Forsyth,,spam,P3,ARCHIVE
WA-0852,whatsapp,2026-04-06T04:59:00Z,Tester Buyer-Smith,+14045550199,"Need to renew the lease at 3495 Magnolia Ln, Sugar Hill, GA. Can you send the renewal terms? 🙏","3495 Magnolia Ln, Sugar Hill, GA",Gwinnett,,contract,P2,Noa
WA-0853,whatsapp,2026-05-01T02:34:00Z,Tester Buyer-Smith,+14045550199,"Hi Nathalie, I'd like to sell my house at 6325 Willow Pkwy, Atlanta, GA. What's the market like in Fulton right now?","6325 Willow Pkwy, Atlanta, GA",Fulton,,seller_lead,P2,Nathalie
WA-0854,whatsapp,2026-04-22T09:07:00Z,Tester Buyer-Smith,+14045550199,"HOA sent a notice about new pool hours, forwarding to you.

Also - can you let me know by tomorrow?","8430 Willow Pkwy, Sandy Springs, GA",Fulton,,admin,P3,Noa
WA-0855,whatsapp,2026-04-01T01:46:00Z,Tester Buyer-Smith,+14045550199,"CLAIM YOUR PRIZE NOW - you've won $10,000! Click here: http://scam.example/","3373 Maple Dr, Sandy Springs, GA",Fulton,,spam,P3,ARCHIVE
WA-0856,whatsapp,2026-04-03T20:02:00Z,Tester Buyer-Smith,+14045550199,"Considering listing the property in Cobb - can we schedule a CMA? 🙏

Also - can you let me know by tomorrow?","8725 Pine Rd, Kennesaw, GA",Cobb,,seller_lead,P2,Fabi
WA-0857,whatsapp,2026-03-25T22:54:00Z,Tester Buyer-Smith,+14045550199,"Vendor said they'd be here at 10am, no show. Can you check on them?

Also - can you let me know by tomorrow?","7042 Willow Pkwy, Brookhaven, GA",DeKalb,,maintenance,P2,Noa
WA-0858,whatsapp,2026-04-17T11:38:00Z,Tester Buyer-Smith,+14045550199,"No heat for 2 days now, my baby is freezing. 3127 Riverbend Way, Marietta, GA","3127 Riverbend Way, Marietta, GA",Cobb,,tenant_issue,P0,Nathalie
WA-0859,whatsapp,2026-03-25T07:38:00Z,Tester Buyer-Smith,+14045550199,"Are you a real estate agent? Try our new CRM free for 30 days. 🙏

Also - can you let me know by tomorrow?","208 Oak Ave, Lawrenceville, GA",Gwinnett,,marketing_promo,P3,ARCHIVE
WA-0860,whatsapp,2026-04-18T23:58:00Z,Tester Buyer-Smith,+14045550199,"Voice note transcription:
Running 15 min late to the showing at 1176 Maple Dr, Canton, GA, please tell the agent.","1176 Maple Dr, Canton, GA",Cherokee,,showing,P1,Fabi
WA-0861,whatsapp,2026-03-19T06:41:00Z,Tester Buyer-Smith,+14045550199,"Voice note transcription:
Your monthly newsletter from RealEstateDigest is here.","9462 Magnolia Ln, Duluth, GA",Gwinnett,,marketing_promo,P3,ARCHIVE
WA-0862,whatsapp,2026-05-07T17:20:00Z,Tester Buyer-Smith,+14045550199,"Vendor said they'd be here at 10am, no show. Can you check on them? 🙏

Also - can you let me know by tomorrow?","4411 Magnolia Ln, Sugar Hill, GA",Gwinnett,,maintenance,P2,Noa
WA-0863,whatsapp,2026-04-07T23:27:00Z,Tester Buyer-Smith,+14045550199,Yoga class moved to 7am tomorrow. Want to come?,"8537 Pine Rd, Cumming, GA",Forsyth,,personal,P3,ARCHIVE
WA-0864,whatsapp,2026-04-23T04:43:00Z,Tester Buyer-Smith,+14045550199,"Bathroom faucet is dripping non-stop, can a plumber come look?","6509 Sycamore Blvd, Woodstock, GA",Cherokee,,tenant_issue,P2,Nathalie
WA-0865,whatsapp,2026-04-20T13:37:00Z,Tester Buyer-Smith,+14045550199,"Voice note transcription:
The dog has a vet appointment Thursday at 10am. 🙏","4877 Birch Ct, Canton, GA",Cherokee,,personal,P3,ARCHIVE
WA-0866,whatsapp,2026-05-05T22:13:00Z,Tester Buyer-Smith,+14045550199,Looking for a 3BR/2BA in Cherokee county under $550k. Do you have anything coming up?,"4058 Birch Ct, Woodstock, GA",Cherokee,,buyer_lead,P2,Fabi
WA-0867,whatsapp,2026-05-02T09:44:00Z,Tester Buyer-Smith,+14045550199,"Voice note transcription:
Looking for a 3BR/2BA in Gwinnett county under $550k. Do you have anything coming up?","6932 Riverbend Way, Duluth, GA",Gwinnett,,buyer_lead,P2,Fabi
WA-0868,whatsapp,2026-05-01T05:47:00Z,Tester Buyer-Smith,+14045550199,"EMERGENCY - water is pouring from the ceiling in unit at 5806 Oak Ave, Cumming, GA!!","5806 Oak Ave, Cumming, GA",Forsyth,,tenant_issue,P0,Nathalie
WA-0869,whatsapp,2026-04-05T12:44:00Z,Tester Buyer-Smith,+14045550199,"Appraisal came in at $620k for 1741 Pine Rd, Sandy Springs, GA. Numbers look good. 🙏","1741 Pine Rd, Sandy Springs, GA",Fulton,,deal,P2,Nathalie
WA-0870,whatsapp,2026-05-10T22:33:00Z,Tester Buyer-Smith,+14045550199,"AC stopped cooling at 1855 Pine Rd, Smyrna, GA. Indoor temp is 84F.

Also - can you let me know by tomorrow?","1855 Pine Rd, Smyrna, GA",Cobb,,tenant_issue,P1,Nathalie
WA-0871,whatsapp,2026-04-02T08:55:00Z,Tester Buyer-Smith,+14045550199,"Plumber invoice for 4299 Magnolia Ln, Cumming, GA - approving with your sign-off.","4299 Magnolia Ln, Cumming, GA",Forsyth,,vendor,P3,Noa
WA-0872,whatsapp,2026-05-06T19:53:00Z,Tester Buyer-Smith,+14045550199,Mom's birthday is next week - did you order the cake?,"544 Willow Pkwy, Canton, GA",Cherokee,,personal,P3,ARCHIVE
WA-0873,whatsapp,2026-05-01T07:21:00Z,Tester Buyer-Smith,+14045550199,Looking for a 3BR/2BA in Forsyth county under $550k. Do you have anything coming up?,"5506 Magnolia Ln, Cumming, GA",Forsyth,,buyer_lead,P2,Fabi
WA-0874,whatsapp,2026-03-29T20:43:00Z,Tester Buyer-Smith,+14045550199,Looking for a 3BR/2BA in Fulton county under $550k. Do you have anything coming up?,"4620 Willow Pkwy, Atlanta, GA",Fulton,,buyer_lead,P2,Nathalie
WA-0875,whatsapp,2026-05-11T08:18:00Z,Tester Buyer-Smith,+14045550199,"Need your signature on the addendum for 4792 Peachtree St, Lawrenceville, GA before 5pm.

Also - can you let me know by tomorrow?","4792 Peachtree St, Lawrenceville, GA",Gwinnett,,contract,P1,Noa
WA-0876,whatsapp,2026-05-01T19:39:00Z,Tester Buyer-Smith,+14045550199,Mom's birthday is next week - did you order the cake?,"6830 Riverbend Way, Canton, GA",Cherokee,,personal,P3,ARCHIVE
WA-0877,whatsapp,2026-03-28T00:22:00Z,Tester Buyer-Smith,+14045550199,"Could you send me the seller's disclosure for 4525 Magnolia Ln, Marietta, GA (MLS MLS-7775922)?","4525 Magnolia Ln, Marietta, GA",Cobb,MLS-7775922,document,P2,Noa
WA-0878,whatsapp,2026-04-08T11:37:00Z,Tester Buyer-Smith,+14045550199,"Voice note transcription:
Appraisal came in at $620k for 6007 Birch Ct, Lawrenceville, GA. Numbers look good.

Also - can you let me know by tomorrow?","6007 Birch Ct, Lawrenceville, GA",Gwinnett,,deal,P2,Nathalie
WA-0879,whatsapp,2026-05-09T17:35:00Z,Tester Buyer-Smith,+14045550199,Looking for a 3BR/2BA in Forsyth county under $550k. Do you have anything coming up?,"1166 Peachtree St, Cumming, GA",Forsyth,,buyer_lead,P2,Fabi
WA-0880,whatsapp,2026-04-16T04:47:00Z,Tester Buyer-Smith,+14045550199,Atlanta Realtors Network: invitation to our May mixer.,"7920 Willow Pkwy, Cumming, GA",Forsyth,,marketing_promo,P3,ARCHIVE
WA-0881,whatsapp,2026-05-05T01:15:00Z,Tester Buyer-Smith,+14045550199,"Hi Nathalie, I'd like to sell my house at 5714 Sycamore Blvd, Atlanta, GA. What's the market like in Fulton right now?","5714 Sycamore Blvd, Atlanta, GA",Fulton,,seller_lead,P2,Nathalie
WA-0882,whatsapp,2026-05-12T13:22:00Z,Tester Buyer-Smith,+14045550199,"Running 15 min late to the showing at 4373 Cedar Trail, Cumming, GA, please tell the agent.

Also - can you let me know by tomorrow?","4373 Cedar Trail, Cumming, GA",Forsyth,,showing,P1,Fabi
WA-0883,whatsapp,2026-03-25T14:48:00Z,Tester Buyer-Smith,+14045550199,Crypto opportunity - 300% return guaranteed. Reply YES.,"2984 Oak Ave, Decatur, GA",DeKalb,,spam,P3,ARCHIVE
WA-0884,whatsapp,2026-04-17T18:03:00Z,Tester Buyer-Smith,+14045550199,"Could you send me the seller's disclosure for 7921 Pine Rd, Cumming, GA (MLS MLS-7757604)? 🙏","7921 Pine Rd, Cumming, GA",Forsyth,MLS-7757604,document,P2,Noa
WA-0885,whatsapp,2026-04-06T15:18:00Z,Tester Buyer-Smith,+14045550199,"HOA sent a notice about new pool hours, forwarding to you.

Also - can you let me know by tomorrow?","8790 Peachtree St, Brookhaven, GA",DeKalb,,admin,P3,Noa
WA-0886,whatsapp,2026-04-13T02:10:00Z,Tester Buyer-Smith,+14045550199,"Are you a real estate agent? Try our new CRM free for 30 days. 🙏

Also - can you let me know by tomorrow?","7945 Sycamore Blvd, Dunwoody, GA",DeKalb,,marketing_promo,P3,ARCHIVE
WA-0887,whatsapp,2026-03-27T20:01:00Z,Tester Buyer-Smith,+14045550199,Question on clause 7.b of the contract - what does 'as-is' really mean here?,"4612 Oak Ave, Woodstock, GA",Cherokee,,contract,P2,Noa
WA-0888,whatsapp,2026-04-24T09:06:00Z,Tester Buyer-Smith,+14045550199,"Pickup at school is at 3:15 today, can you grab the kids? 🙏

Also - can you let me know by tomorrow?","601 Pine Rd, Cumming, GA",Forsyth,,personal,P3,ARCHIVE
WA-0889,whatsapp,2026-04-06T22:39:00Z,Tester Buyer-Smith,+14045550199,The work order #4421 for the dishwasher - any update?,"4948 Willow Pkwy, Canton, GA",Cherokee,,maintenance,P2,Noa
WA-0890,whatsapp,2026-04-25T05:32:00Z,Tester Buyer-Smith,+14045550199,Crypto opportunity - 300% return guaranteed. Reply YES.,"6928 Sycamore Blvd, Brookhaven, GA",DeKalb,,spam,P3,ARCHIVE
WA-0891,whatsapp,2026-05-15T01:34:00Z,Tester Buyer-Smith,+14045550199,Saw a roach in the kitchen - can pest control come this week? 🙏,"9683 Birch Ct, Sugar Hill, GA",Gwinnett,,tenant_issue,P2,Nathalie
WA-0892,whatsapp,2026-05-15T19:45:00Z,Tester Buyer-Smith,+14045550199,The dog has a vet appointment Thursday at 10am.,"2974 Peachtree St, Smyrna, GA",Cobb,,personal,P3,ARCHIVE
WA-0893,whatsapp,2026-03-20T18:00:00Z,Tester Buyer-Smith,+14045550199,"Voice note transcription:
Dentist appointment confirmed for Tuesday 2pm. 🙏","4423 Pine Rd, Canton, GA",Cherokee,,personal,P3,ARCHIVE
WA-0894,whatsapp,2026-04-23T08:03:00Z,Tester Buyer-Smith,+14045550199,"Hi, I saw the listing at 1289 Oak Ave, Brookhaven, GA. Is it still available? I'd love a tour this weekend.

Also - can you let me know by tomorrow?","1289 Oak Ave, Brookhaven, GA",DeKalb,,buyer_lead,P2,Nathalie
WA-0895,whatsapp,2026-05-10T18:25:00Z,Tester Buyer-Smith,+14045550199,"Need your signature on the addendum for 1386 Oak Ave, Brookhaven, GA before 5pm.","1386 Oak Ave, Brookhaven, GA",DeKalb,,contract,P1,Noa
WA-0896,whatsapp,2026-03-24T09:02:00Z,Tester Buyer-Smith,+14045550199,"No heat for 2 days now, my baby is freezing. 6511 Magnolia Ln, Decatur, GA 🙏","6511 Magnolia Ln, Decatur, GA",DeKalb,,tenant_issue,P0,Nathalie
WA-0897,whatsapp,2026-04-03T15:52:00Z,Tester Buyer-Smith,+14045550199,"Voice note transcription:
Considering listing the property in Fulton - can we schedule a CMA?","1737 Riverbend Way, Sandy Springs, GA",Fulton,,seller_lead,P2,Nathalie
WA-0898,whatsapp,2026-04-15T18:28:00Z,Tester Buyer-Smith,+14045550199,Yoga class moved to 7am tomorrow. Want to come? 🙏,"6646 Oak Ave, Canton, GA",Cherokee,,personal,P3,ARCHIVE
WA-0899,whatsapp,2026-03-22T14:32:00Z,Tester Buyer-Smith,+14045550199,"Our offer on 9834 Sycamore Blvd, Marietta, GA expires at 5pm today, can you confirm acceptance??","9834 Sycamore Blvd, Marietta, GA",Cobb,,buyer_lead,P0,Fabi
WA-0900,whatsapp,2026-05-15T04:54:00Z,Tester Buyer-Smith,+14045550199,"Hi Nathalie, I'd like to sell my house at 5857 Peachtree St, Woodstock, GA. What's the market like in Cherokee right now?

Also - can you let me know by tomorrow?","5857 Peachtree St, Woodstock, GA",Cherokee,,seller_lead,P2,Fabi
WA-0901,whatsapp,2026-03-26T00:38:00Z,Tester Buyer-Smith,+14045550199,"Can we set up a walkthrough next Tuesday for the move-out at 2636 Sycamore Blvd, Dunwoody, GA?","2636 Sycamore Blvd, Dunwoody, GA",DeKalb,,scheduling,P2,Noa
WA-0902,whatsapp,2026-05-12T18:21:00Z,Tester Buyer-Smith,+14045550199,"Voice note transcription:
Urgent: your bank account needs verification. Visit https://phish.example/ 🙏

Also - can you let me know by tomorrow?","9601 Birch Ct, Cumming, GA",Forsyth,,spam,P3,ARCHIVE
WA-0903,whatsapp,2026-04-27T14:46:00Z,Tester Buyer-Smith,+14045550199,"Appraisal came in at $620k for 7142 Maple Dr, Sandy Springs, GA. Numbers look good. 🙏

Also - can you let me know by tomorrow?","7142 Maple Dr, Sandy Springs, GA",Fulton,,deal,P2,Nathalie
WA-0904,whatsapp,2026-03-31T00:29:00Z,Tester Buyer-Smith,+14045550199,"Voice note transcription:
FYI we're out of milk. Can you grab some on the way home?

Also - can you let me know by tomorrow?","5804 Magnolia Ln, Cumming, GA",Forsyth,,personal,P3,ARCHIVE
WA-0905,whatsapp,2026-05-05T23:29:00Z,Tester Buyer-Smith,+14045550199,Mom's birthday is next week - did you order the cake?,"1195 Peachtree St, Roswell, GA",Fulton,,personal,P3,ARCHIVE
WA-0906,whatsapp,2026-04-22T16:41:00Z,Tester Buyer-Smith,+14045550199,"Voice note transcription:
Our offer on 7773 Peachtree St, Kennesaw, GA expires at 5pm today, can you confirm acceptance?? 🙏","7773 Peachtree St, Kennesaw, GA",Cobb,,buyer_lead,P0,Fabi
WA-0907,whatsapp,2026-03-29T06:47:00Z,Tester Buyer-Smith,+14045550199,"Voice note transcription:
Dentist appointment confirmed for Tuesday 2pm.","8396 Birch Ct, Marietta, GA",Cobb,,personal,P3,ARCHIVE
WA-0908,whatsapp,2026-03-20T22:32:00Z,Tester Buyer-Smith,+14045550199,"Hi Nathalie, I'd like to sell my house at 1074 Sycamore Blvd, Sandy Springs, GA. What's the market like in Fulton right now?

Also - can you let me know by tomorrow?","1074 Sycamore Blvd, Sandy Springs, GA",Fulton,,seller_lead,P2,Nathalie
WA-0909,whatsapp,2026-04-08T17:55:00Z,Tester Buyer-Smith,+14045550199,"Our offer on 2961 Cedar Trail, Smyrna, GA expires at 5pm today, can you confirm acceptance?? 🙏

Also - can you let me know by tomorrow?","2961 Cedar Trail, Smyrna, GA",Cobb,,buyer_lead,P0,Fabi
WA-0910,whatsapp,2026-04-04T01:58:00Z,Tester Buyer-Smith,+14045550199,"FYI we're out of milk. Can you grab some on the way home?

Also - can you let me know by tomorrow?","3203 Riverbend Way, Cumming, GA",Forsyth,,personal,P3,ARCHIVE
WA-0911,whatsapp,2026-05-04T15:39:00Z,Tester Buyer-Smith,+14045550199,I paid rent on the 1st but it doesn't show in the portal yet.,"8425 Sycamore Blvd, Sandy Springs, GA",Fulton,,billing,P2,Noa
WA-0912,whatsapp,2026-05-10T20:29:00Z,Tester Buyer-Smith,+14045550199,"Just confirming the security deposit is $1,500 not $2,000 like the email said. 🙏

Also - can you let me know by tomorrow?","5211 Birch Ct, Decatur, GA",DeKalb,,billing,P3,Noa
WA-0913,whatsapp,2026-04-29T14:44:00Z,Tester Buyer-Smith,+14045550199,"Voice note transcription:
Counter-offer received on 1133 Cedar Trail, Lawrenceville, GA - they want 5k more. What do you think?","1133 Cedar Trail, Lawrenceville, GA",Gwinnett,,deal,P1,Nathalie
WA-0914,whatsapp,2026-04-05T02:20:00Z,Tester Buyer-Smith,+14045550199,"Atlanta Realtors Network: invitation to our May mixer. 🙏

Also - can you let me know by tomorrow?","7452 Oak Ave, Canton, GA",Cherokee,,marketing_promo,P3,ARCHIVE
WA-0915,whatsapp,2026-04-14T03:51:00Z,Tester Buyer-Smith,+14045550199,Yoga class moved to 7am tomorrow. Want to come? 🙏,"3448 Oak Ave, Cumming, GA",Forsyth,,personal,P3,ARCHIVE
WA-0916,whatsapp,2026-03-30T18:25:00Z,Tester Buyer-Smith,+14045550199,"Closing tomorrow at 9am and the wire instructions look wrong - help!

Also - can you let me know by tomorrow?","1052 Oak Ave, Sandy Springs, GA",Fulton,,deal,P0,Nathalie
WA-0917,whatsapp,2026-04-10T08:45:00Z,Tester Buyer-Smith,+14045550199,"Can we move tomorrow's showing at 9641 Maple Dr, Brookhaven, GA from 4pm to 6pm?","9641 Maple Dr, Brookhaven, GA",DeKalb,,showing,P2,Nathalie
WA-0918,whatsapp,2026-04-23T01:58:00Z,Tester Buyer-Smith,+14045550199,"Running 15 min late to the showing at 2712 Magnolia Ln, Woodstock, GA, please tell the agent.","2712 Magnolia Ln, Woodstock, GA",Cherokee,,showing,P1,Fabi
WA-0919,whatsapp,2026-05-13T02:38:00Z,Tester Buyer-Smith,+14045550199,"Need your signature on the addendum for 2558 Willow Pkwy, Woodstock, GA before 5pm.

Also - can you let me know by tomorrow?","2558 Willow Pkwy, Woodstock, GA",Cherokee,,contract,P1,Noa
WA-0920,whatsapp,2026-04-20T10:55:00Z,Tester Buyer-Smith,+14045550199,"Counter-offer received on 5812 Magnolia Ln, Canton, GA - they want 5k more. What do you think?

Also - can you let me know by tomorrow?","5812 Magnolia Ln, Canton, GA",Cherokee,,deal,P1,Nathalie
WA-0921,whatsapp,2026-04-20T00:35:00Z,Tester Buyer-Smith,+14045550199,"The painter quoted $1,800 for unit B at 9757 Riverbend Way, Brookhaven, GA - does that look right? 🙏

Also - can you let me know by tomorrow?","9757 Riverbend Way, Brookhaven, GA",DeKalb,,vendor,P2,Noa
WA-0922,whatsapp,2026-05-04T11:56:00Z,Tester Buyer-Smith,+14045550199,"Pickup at school is at 3:15 today, can you grab the kids?","1532 Peachtree St, Woodstock, GA",Cherokee,,personal,P3,ARCHIVE
WA-0923,whatsapp,2026-04-14T07:11:00Z,Tester Buyer-Smith,+14045550199,"Bathroom faucet is dripping non-stop, can a plumber come look?","7062 Cedar Trail, Sandy Springs, GA",Fulton,,tenant_issue,P2,Nathalie
WA-0924,whatsapp,2026-04-06T06:04:00Z,Tester Buyer-Smith,+14045550199,"Pickup at school is at 3:15 today, can you grab the kids?

Also - can you let me know by tomorrow?","4126 Peachtree St, Cumming, GA",Forsyth,,personal,P3,ARCHIVE
WA-0925,whatsapp,2026-03-30T13:16:00Z,Tester Buyer-Smith,+14045550199,"Need to renew the lease at 5351 Cedar Trail, Sugar Hill, GA. Can you send the renewal terms?","5351 Cedar Trail, Sugar Hill, GA",Gwinnett,,contract,P2,Noa
WA-0926,whatsapp,2026-05-08T04:36:00Z,Tester Buyer-Smith,+14045550199,Yoga class moved to 7am tomorrow. Want to come?,"4944 Willow Pkwy, Brookhaven, GA",DeKalb,,personal,P3,ARCHIVE
WA-0927,whatsapp,2026-05-11T02:21:00Z,Tester Buyer-Smith,+14045550199,"Vendor said they'd be here at 10am, no show. Can you check on them?","727 Oak Ave, Atlanta, GA",Fulton,,maintenance,P2,Noa
WA-0928,whatsapp,2026-04-03T09:41:00Z,Tester Buyer-Smith,+14045550199,"Got the inspection report back. There are 3 items I'd like to negotiate.

Also - can you let me know by tomorrow?","3718 Willow Pkwy, Canton, GA",Cherokee,,deal,P1,Nathalie
WA-0929,whatsapp,2026-04-01T14:24:00Z,Tester Buyer-Smith,+14045550199,"Counter-offer received on 4022 Oak Ave, Roswell, GA - they want 5k more. What do you think?","4022 Oak Ave, Roswell, GA",Fulton,,deal,P1,Nathalie
WA-0930,whatsapp,2026-04-21T20:03:00Z,Tester Buyer-Smith,+14045550199,"Voice note transcription:
Saw a roach in the kitchen - can pest control come this week?

Also - can you let me know by tomorrow?","2111 Birch Ct, Decatur, GA",DeKalb,,tenant_issue,P2,Nathalie
WA-0931,whatsapp,2026-04-12T14:54:00Z,Tester Buyer-Smith,+14045550199,"Voice note transcription:
Running 15 min late to the showing at 9514 Magnolia Ln, Lawrenceville, GA, please tell the agent.","9514 Magnolia Ln, Lawrenceville, GA",Gwinnett,,showing,P1,Fabi
WA-0932,whatsapp,2026-04-23T11:30:00Z,Tester Buyer-Smith,+14045550199,Atlanta Realtors Network: invitation to our May mixer. 🙏,"462 Cedar Trail, Lawrenceville, GA",Gwinnett,,marketing_promo,P3,ARCHIVE
WA-0933,whatsapp,2026-03-24T11:29:00Z,Tester Buyer-Smith,+14045550199,"Voice note transcription:
Dentist appointment confirmed for Tuesday 2pm.","8776 Cedar Trail, Woodstock, GA",Cherokee,,personal,P3,ARCHIVE
WA-0934,whatsapp,2026-05-09T23:15:00Z,Tester Buyer-Smith,+14045550199,"Question on clause 7.b of the contract - what does 'as-is' really mean here?

Also - can you let me know by tomorrow?","8913 Magnolia Ln, Woodstock, GA",Cherokee,,contract,P2,Noa
WA-0935,whatsapp,2026-04-05T06:25:00Z,Tester Buyer-Smith,+14045550199,"Plumber invoice for 3494 Peachtree St, Marietta, GA - approving with your sign-off. 🙏","3494 Peachtree St, Marietta, GA",Cobb,,vendor,P3,Noa
WA-0936,whatsapp,2026-03-25T04:18:00Z,Tester Buyer-Smith,+14045550199,Your monthly newsletter from RealEstateDigest is here. 🙏,"8597 Willow Pkwy, Cumming, GA",Forsyth,,marketing_promo,P3,ARCHIVE
WA-0937,whatsapp,2026-04-04T02:20:00Z,Tester Buyer-Smith,+14045550199,The dog has a vet appointment Thursday at 10am.,"1202 Birch Ct, Canton, GA",Cherokee,,personal,P3,ARCHIVE
WA-0938,whatsapp,2026-05-15T06:04:00Z,Tester Buyer-Smith,+14045550199,"I'm at 7974 Peachtree St, Cumming, GA but the door is locked. Are you on the way?","7974 Peachtree St, Cumming, GA",Forsyth,,showing,P1,Fabi
WA-0939,whatsapp,2026-05-16T04:40:00Z,Tester Buyer-Smith,+14045550199,"Pickup at school is at 3:15 today, can you grab the kids?","2197 Sycamore Blvd, Canton, GA",Cherokee,,personal,P3,ARCHIVE
WA-0940,whatsapp,2026-03-25T04:08:00Z,Tester Buyer-Smith,+14045550199,"Gas leak smell in the apartment, I called 911. 5336 Birch Ct, Woodstock, GA 🙏","5336 Birch Ct, Woodstock, GA",Cherokee,,tenant_issue,P0,Nathalie
WA-0941,whatsapp,2026-04-25T03:52:00Z,Tester Buyer-Smith,+14045550199,"No heat for 2 days now, my baby is freezing. 4235 Peachtree St, Kennesaw, GA 🙏","4235 Peachtree St, Kennesaw, GA",Cobb,,tenant_issue,P0,Nathalie
WA-0942,whatsapp,2026-05-07T09:31:00Z,Tester Buyer-Smith,+14045550199,"Light bulb in the hallway burned out, no rush.","3712 Pine Rd, Canton, GA",Cherokee,,maintenance,P3,Noa
WA-0943,whatsapp,2026-05-17T07:53:00Z,Tester Buyer-Smith,+14045550199,"Bathroom faucet is dripping non-stop, can a plumber come look?","3062 Pine Rd, Decatur, GA",DeKalb,,tenant_issue,P2,Nathalie
WA-0944,whatsapp,2026-05-15T23:18:00Z,Tester Buyer-Smith,+14045550199,Your monthly newsletter from RealEstateDigest is here.,"9996 Cedar Trail, Decatur, GA",DeKalb,,marketing_promo,P3,ARCHIVE
WA-0945,whatsapp,2026-04-19T11:37:00Z,Tester Buyer-Smith,+14045550199,"Vendor said they'd be here at 10am, no show. Can you check on them?","7673 Maple Dr, Atlanta, GA",Fulton,,maintenance,P2,Noa
WA-0946,whatsapp,2026-04-29T12:28:00Z,Tester Buyer-Smith,+14045550199,"Can we move tomorrow's showing at 1437 Riverbend Way, Roswell, GA from 4pm to 6pm? 🙏","1437 Riverbend Way, Roswell, GA",Fulton,,showing,P2,Nathalie
WA-0947,whatsapp,2026-04-29T01:40:00Z,Tester Buyer-Smith,+14045550199,"The work order #4421 for the dishwasher - any update?

Also - can you let me know by tomorrow?","8705 Sycamore Blvd, Marietta, GA",Cobb,,maintenance,P2,Noa
WA-0948,whatsapp,2026-04-18T00:29:00Z,Tester Buyer-Smith,+14045550199,"I'm at 8020 Maple Dr, Kennesaw, GA but the door is locked. Are you on the way?

Also - can you let me know by tomorrow?","8020 Maple Dr, Kennesaw, GA",Cobb,,showing,P1,Fabi
WA-0949,whatsapp,2026-03-22T17:33:00Z,Tester Buyer-Smith,+14045550199,"The work order #4421 for the dishwasher - any update?

Also - can you let me know by tomorrow?","3348 Willow Pkwy, Smyrna, GA",Cobb,,maintenance,P2,Noa
WA-0950,whatsapp,2026-03-24T18:50:00Z,Tester Buyer-Smith,+14045550199,"I'm at 1766 Pine Rd, Lawrenceville, GA but the door is locked. Are you on the way? 🙏","1766 Pine Rd, Lawrenceville, GA",Gwinnett,,showing,P1,Fabi
WA-0951,whatsapp,2026-03-19T20:24:00Z,Tester Buyer-Smith,+14045550199,"Hey, want to grab dinner Friday at that new ramen place?

Also - can you let me know by tomorrow?","1748 Sycamore Blvd, Lawrenceville, GA",Gwinnett,,personal,P3,ARCHIVE
WA-0952,whatsapp,2026-03-22T16:36:00Z,Tester Buyer-Smith,+14045550199,"Bathroom faucet is dripping non-stop, can a plumber come look?","6216 Maple Dr, Roswell, GA",Fulton,,tenant_issue,P2,Nathalie
WA-0953,whatsapp,2026-04-18T19:37:00Z,Tester Buyer-Smith,+14045550199,"Gas leak smell in the apartment, I called 911. 5004 Sycamore Blvd, Sandy Springs, GA 🙏

Also - can you let me know by tomorrow?","5004 Sycamore Blvd, Sandy Springs, GA",Fulton,,tenant_issue,P0,Nathalie
WA-0954,whatsapp,2026-04-09T22:55:00Z,Tester Buyer-Smith,+14045550199,FYI we're out of milk. Can you grab some on the way home? 🙏,"3554 Birch Ct, Woodstock, GA",Cherokee,,personal,P3,ARCHIVE
WA-0955,whatsapp,2026-05-07T06:47:00Z,Tester Buyer-Smith,+14045550199,"Voice note transcription:
CLAIM YOUR PRIZE NOW - you've won $10,000! Click here: http://scam.example/

Also - can you let me know by tomorrow?","1129 Peachtree St, Decatur, GA",DeKalb,,spam,P3,ARCHIVE
WA-0956,whatsapp,2026-03-21T10:20:00Z,Tester Buyer-Smith,+14045550199,FLASH SALE - 50% off everything at our store this weekend only! 🙏,"6941 Willow Pkwy, Woodstock, GA",Cherokee,,marketing_promo,P3,ARCHIVE
WA-0957,whatsapp,2026-03-19T13:07:00Z,Tester Buyer-Smith,+14045550199,"Hi, I saw the listing at 7700 Sycamore Blvd, Sugar Hill, GA. Is it still available? I'd love a tour this weekend.","7700 Sycamore Blvd, Sugar Hill, GA",Gwinnett,,buyer_lead,P2,Fabi
WA-0958,whatsapp,2026-03-23T07:47:00Z,Tester Buyer-Smith,+14045550199,"Looking for a 3BR/2BA in DeKalb county under $550k. Do you have anything coming up? 🙏

Also - can you let me know by tomorrow?","8512 Magnolia Ln, Decatur, GA",DeKalb,,buyer_lead,P2,Nathalie
WA-0959,whatsapp,2026-04-17T02:01:00Z,Tester Buyer-Smith,+14045550199,"Can we move tomorrow's showing at 2056 Cedar Trail, Woodstock, GA from 4pm to 6pm? 🙏

Also - can you let me know by tomorrow?","2056 Cedar Trail, Woodstock, GA",Cherokee,,showing,P2,Fabi
WA-0960,whatsapp,2026-03-22T07:09:00Z,Tester Buyer-Smith,+14045550199,Lender needs proof of homeowners insurance by end of day.,"3805 Pine Rd, Roswell, GA",Fulton,,document,P1,Noa
WA-0961,whatsapp,2026-05-03T12:09:00Z,Tester Buyer-Smith,+14045550199,"No heat for 2 days now, my baby is freezing. 9663 Willow Pkwy, Duluth, GA","9663 Willow Pkwy, Duluth, GA",Gwinnett,,tenant_issue,P0,Nathalie
WA-0962,whatsapp,2026-04-08T00:02:00Z,Tester Buyer-Smith,+14045550199,Got a late fee but I have proof I paid on time. Can we sort this out? 🙏,"1001 Cedar Trail, Kennesaw, GA",Cobb,,billing,P2,Noa
WA-0963,whatsapp,2026-03-21T11:21:00Z,Tester Buyer-Smith,+14045550199,"Our offer on 5894 Cedar Trail, Duluth, GA expires at 5pm today, can you confirm acceptance??","5894 Cedar Trail, Duluth, GA",Gwinnett,,buyer_lead,P0,Fabi
WA-0964,whatsapp,2026-04-03T17:10:00Z,Tester Buyer-Smith,+14045550199,"Crypto opportunity - 300% return guaranteed. Reply YES. 🙏

Also - can you let me know by tomorrow?","912 Riverbend Way, Canton, GA",Cherokee,,spam,P3,ARCHIVE
WA-0965,whatsapp,2026-04-05T03:21:00Z,Tester Buyer-Smith,+14045550199,"Voice note transcription:
Can we set up a walkthrough next Tuesday for the move-out at 4491 Pine Rd, Atlanta, GA?","4491 Pine Rd, Atlanta, GA",Fulton,,scheduling,P2,Noa
WA-0966,whatsapp,2026-03-30T09:41:00Z,Tester Buyer-Smith,+14045550199,"HOA sent a notice about new pool hours, forwarding to you. 🙏","2286 Willow Pkwy, Cumming, GA",Forsyth,,admin,P3,Noa
WA-0967,whatsapp,2026-03-21T05:59:00Z,Tester Buyer-Smith,+14045550199,"Hi Nathalie, I'd like to sell my house at 7132 Peachtree St, Lawrenceville, GA. What's the market like in Gwinnett right now? 🙏","7132 Peachtree St, Lawrenceville, GA",Gwinnett,,seller_lead,P2,Fabi
WA-0968,whatsapp,2026-03-20T23:31:00Z,Tester Buyer-Smith,+14045550199,Got a late fee but I have proof I paid on time. Can we sort this out?,"6959 Riverbend Way, Duluth, GA",Gwinnett,,billing,P2,Noa
WA-0969,whatsapp,2026-05-16T16:26:00Z,Tester Buyer-Smith,+14045550199,"Voice note transcription:
Lender needs proof of homeowners insurance by end of day. 🙏","4525 Maple Dr, Cumming, GA",Forsyth,,document,P1,Noa
WA-0970,whatsapp,2026-04-28T00:40:00Z,Tester Buyer-Smith,+14045550199,"No heat for 2 days now, my baby is freezing. 4875 Riverbend Way, Smyrna, GA","4875 Riverbend Way, Smyrna, GA",Cobb,,tenant_issue,P0,Nathalie
WA-0971,whatsapp,2026-04-11T16:51:00Z,Tester Buyer-Smith,+14045550199,"Vendor said they'd be here at 10am, no show. Can you check on them?","1184 Birch Ct, Smyrna, GA",Cobb,,maintenance,P2,Noa
WA-0972,whatsapp,2026-03-18T20:01:00Z,Tester Buyer-Smith,+14045550199,"Hi Nathalie, I'd like to sell my house at 1667 Oak Ave, Kennesaw, GA. What's the market like in Cobb right now? 🙏","1667 Oak Ave, Kennesaw, GA",Cobb,,seller_lead,P2,Fabi
WA-0973,whatsapp,2026-05-02T02:58:00Z,Tester Buyer-Smith,+14045550199,Urgent: your bank account needs verification. Visit https://phish.example/ 🙏,"5183 Willow Pkwy, Brookhaven, GA",DeKalb,,spam,P3,ARCHIVE
WA-0974,whatsapp,2026-05-04T02:53:00Z,Tester Buyer-Smith,+14045550199,The work order #4421 for the dishwasher - any update?,"5848 Maple Dr, Duluth, GA",Gwinnett,,maintenance,P2,Noa
WA-0975,whatsapp,2026-04-19T19:06:00Z,Tester Buyer-Smith,+14045550199,"Neighbor in unit B has been playing loud music until 2am for a week. 3970 Birch Ct, Cumming, GA","3970 Birch Ct, Cumming, GA",Forsyth,,tenant_issue,P2,Nathalie
WA-0976,whatsapp,2026-04-17T19:45:00Z,Tester Buyer-Smith,+14045550199,Looking for a 3BR/2BA in Forsyth county under $550k. Do you have anything coming up? 🙏,"8123 Riverbend Way, Cumming, GA",Forsyth,,buyer_lead,P2,Fabi
WA-0977,whatsapp,2026-05-16T21:34:00Z,Tester Buyer-Smith,+14045550199,"No heat for 2 days now, my baby is freezing. 2408 Sycamore Blvd, Sandy Springs, GA","2408 Sycamore Blvd, Sandy Springs, GA",Fulton,,tenant_issue,P0,Nathalie
WA-0978,whatsapp,2026-05-08T19:51:00Z,Tester Buyer-Smith,+14045550199,"HOA sent a notice about new pool hours, forwarding to you.","8225 Pine Rd, Roswell, GA",Fulton,,admin,P3,Noa
WA-0979,whatsapp,2026-05-16T22:55:00Z,Tester Buyer-Smith,+14045550199,"No heat for 2 days now, my baby is freezing. 3847 Riverbend Way, Cumming, GA","3847 Riverbend Way, Cumming, GA",Forsyth,,tenant_issue,P0,Nathalie
WA-0980,whatsapp,2026-04-30T18:19:00Z,Tester Buyer-Smith,+14045550199,"Gas leak smell in the apartment, I called 911. 4606 Sycamore Blvd, Roswell, GA","4606 Sycamore Blvd, Roswell, GA",Fulton,,tenant_issue,P0,Nathalie
WA-0981,whatsapp,2026-04-06T02:10:00Z,Tester Buyer-Smith,+14045550199,"Voice note transcription:
Closing tomorrow at 9am and the wire instructions look wrong - help!","4390 Oak Ave, Atlanta, GA",Fulton,,deal,P0,Nathalie
WA-0982,whatsapp,2026-05-02T12:27:00Z,Tester Buyer-Smith,+14045550199,"FYI we're out of milk. Can you grab some on the way home? 🙏

Also - can you let me know by tomorrow?","6145 Magnolia Ln, Lawrenceville, GA",Gwinnett,,personal,P3,ARCHIVE
WA-0983,whatsapp,2026-04-19T20:46:00Z,Tester Buyer-Smith,+14045550199,"Could you send me the seller's disclosure for 9744 Pine Rd, Smyrna, GA (MLS MLS-7452804)?","9744 Pine Rd, Smyrna, GA",Cobb,MLS-7452804,document,P2,Noa
WA-0984,whatsapp,2026-03-24T10:36:00Z,Tester Buyer-Smith,+14045550199,"Locked out of 3262 Peachtree St, Canton, GA at 11pm with the kids in the car.","3262 Peachtree St, Canton, GA",Cherokee,,tenant_issue,P0,Nathalie
WA-0985,whatsapp,2026-03-23T12:35:00Z,Tester Buyer-Smith,+14045550199,"Voice note transcription:
CLAIM YOUR PRIZE NOW - you've won $10,000! Click here: http://scam.example/","1627 Peachtree St, Brookhaven, GA",DeKalb,,spam,P3,ARCHIVE
WA-0986,whatsapp,2026-03-31T14:21:00Z,Tester Buyer-Smith,+14045550199,"Voice note transcription:
Dentist appointment confirmed for Tuesday 2pm. 🙏","1244 Birch Ct, Smyrna, GA",Cobb,,personal,P3,ARCHIVE
WA-0987,whatsapp,2026-04-05T22:02:00Z,Tester Buyer-Smith,+14045550199,"Hi, I saw the listing at 1583 Oak Ave, Marietta, GA. Is it still available? I'd love a tour this weekend.","1583 Oak Ave, Marietta, GA",Cobb,,buyer_lead,P2,Fabi
WA-0988,whatsapp,2026-04-13T22:42:00Z,Tester Buyer-Smith,+14045550199,"Need to renew the lease at 8627 Peachtree St, Woodstock, GA. Can you send the renewal terms?

Also - can you let me know by tomorrow?","8627 Peachtree St, Woodstock, GA",Cherokee,,contract,P2,Noa
WA-0989,whatsapp,2026-03-20T13:13:00Z,Tester Buyer-Smith,+14045550199,Yoga class moved to 7am tomorrow. Want to come? 🙏,"9572 Maple Dr, Canton, GA",Cherokee,,personal,P3,ARCHIVE
WA-0990,whatsapp,2026-04-29T14:35:00Z,Tester Buyer-Smith,+14045550199,"Bathroom faucet is dripping non-stop, can a plumber come look?","3039 Birch Ct, Dunwoody, GA",DeKalb,,tenant_issue,P2,Nathalie
WA-0991,whatsapp,2026-05-16T02:32:00Z,Tester Buyer-Smith,+14045550199,Considering listing the property in Gwinnett - can we schedule a CMA? 🙏,"6624 Maple Dr, Duluth, GA",Gwinnett,,seller_lead,P2,Fabi
WA-0992,whatsapp,2026-03-19T01:29:00Z,Tester Buyer-Smith,+14045550199,Mom's birthday is next week - did you order the cake?,"2284 Maple Dr, Canton, GA",Cherokee,,personal,P3,ARCHIVE
WA-0993,whatsapp,2026-03-30T15:02:00Z,Tester Buyer-Smith,+14045550199,"Can we set up a walkthrough next Tuesday for the move-out at 3209 Cedar Trail, Woodstock, GA?

Also - can you let me know by tomorrow?","3209 Cedar Trail, Woodstock, GA",Cherokee,,scheduling,P2,Noa
WA-0994,whatsapp,2026-04-15T05:36:00Z,Tester Buyer-Smith,+14045550199,"Appraisal came in at $620k for 4523 Birch Ct, Cumming, GA. Numbers look good.","4523 Birch Ct, Cumming, GA",Forsyth,,deal,P2,Nathalie
WA-0995,whatsapp,2026-04-28T08:04:00Z,Tester Buyer-Smith,+14045550199,Dentist appointment confirmed for Tuesday 2pm.,"8720 Sycamore Blvd, Cumming, GA",Forsyth,,personal,P3,ARCHIVE
WA-0996,whatsapp,2026-03-21T23:33:00Z,Tester Buyer-Smith,+14045550199,"Just confirming the security deposit is $1,500 not $2,000 like the email said.

Also - can you let me know by tomorrow?","834 Pine Rd, Smyrna, GA",Cobb,,billing,P3,Noa
WA-0997,whatsapp,2026-04-10T02:59:00Z,Tester Buyer-Smith,+14045550199,"Closing tomorrow at 9am and the wire instructions look wrong - help!

Also - can you let me know by tomorrow?","479 Willow Pkwy, Lawrenceville, GA",Gwinnett,,deal,P0,Nathalie
WA-0998,whatsapp,2026-04-09T14:01:00Z,Tester Buyer-Smith,+14045550199,Mom's birthday is next week - did you order the cake? 🙏,"5135 Maple Dr, Roswell, GA",Fulton,,personal,P3,ARCHIVE
WA-0999,whatsapp,2026-04-06T10:08:00Z,Tester Buyer-Smith,+14045550199,Got a late fee but I have proof I paid on time. Can we sort this out?,"9379 Oak Ave, Atlanta, GA",Fulton,,billing,P2,Noa
WA-1000,whatsapp,2026-03-29T06:26:00Z,Tester Buyer-Smith,+14045550199,"Need your signature on the addendum for 8547 Riverbend Way, Lawrenceville, GA before 5pm.

Also - can you let me know by tomorrow?","8547 Riverbend Way, Lawrenceville, GA",Gwinnett,,contract,P1,Noa
